|10000019|8992702000018|TRF|03/06/2019 00:00:00|TRF|03/03/2026 00:00:00
|10000020|8992702000063|TRF|03/06/2019 00:00:00|TRF|03/03/2026 00:00:00
|10000021|8992702000025|TRF|03/06/2019 00:00:00|TRF|03/03/2026 00:00:00
|10000052|8999918181685|TRF|03/06/2019 00:00:00|TRF|03/03/2026 00:00:00
|10000069|8995858999991|TRF|20/01/2024 00:00:00|TRF|03/03/2026 00:00:00
|10000073|8998667100206|TRF|20/01/2024 00:00:00|TRF|03/03/2026 00:00:00
|10000075|8998667100084|TRF|19/12/2023 00:00:00|TRF|03/03/2026 00:00:00
|10000077|8999908000200|TRF|20/01/2024 00:00:00|TRF|03/03/2026 00:00:00
|10000088|8992753102204|TRF|03/06/2019 00:00:00|TRF|03/03/2026 00:00:00
|10000090|8886022930240|TRF|03/06/2019 00:00:00|TRF|03/03/2026 00:00:00
|10000090|8999801310215|TRF|03/06/2019 00:00:00|TRF|03/03/2026 00:00:00
|10000097|8888115000144|TRF|03/06/2019 00:00:00|TRF|03/03/2026 00:00:00
|10000097|8994472000038|TRF|03/06/2019 00:00:00|TRF|03/03/2026 00:00:00
|10000098|8993338005033|TRF|09/12/2019 00:00:00|TRF|03/03/2026 00:00:00
|10000101|4902931110185|TRF|03/06/2019 00:00:00|TRF|03/03/2026 00:00:00
|10000102|4902931110178|TRF|03/06/2019 00:00:00|TRF|03/03/2026 00:00:00
|10000103|8993039112504|TRF|03/06/2019 00:00:00|TRF|03/03/2026 00:00:00
|10000104|8993039111255|TRF|03/06/2019 00:00:00|TRF|03/03/2026 00:00:00
|10000107|0738989714013|TRF|03/06/2019 00:00:00|TRF|03/03/2026 00:00:00
|10000107|8997225200037|TRF|03/06/2019 00:00:00|TRF|03/03/2026 00:00:00
|10000116|0711844120013|TRF|28/10/2022 00:00:00|TRF|03/03/2026 00:00:00
|10000126|8991001400024|TRF|21/09/2020 00:00:00|TRF|03/03/2026 00:00:00
|10000128|8991001301017|TRF|03/06/2019 00:00:00|TRF|03/03/2026 00:00:00
|10000129|8991001301024|TRF|03/06/2019 00:00:00|TRF|03/03/2026 00:00:00
|10000132|8888166989559|TRF|03/11/2025 00:00:00|TRF|03/03/2026 00:00:00
|10000133|8888166603615|TRF|03/11/2025 00:00:00|TRF|03/03/2026 00:00:00
|10000135|8992804119816|TRF|03/06/2019 00:00:00|TRF|03/03/2026 00:00:00
|10000143|000318|TRF|03/06/2019 00:00:00|TRF|03/03/2026 00:00:00
|10000143|0896865350516|TRF|03/06/2019 00:00:00|TRF|03/03/2026 00:00:00
|10000144|4987176002693|TRF|20/01/2024 00:00:00|TRF|03/03/2026 00:00:00
|10000144|4987176006882|TRF|20/01/2024 00:00:00|TRF|03/03/2026 00:00:00
|10000144|4987176600530|TRF|20/01/2024 00:00:00|TRF|03/03/2026 00:00:00
|10000146|0896865351506|TRF|03/06/2019 00:00:00|TRF|03/03/2026 00:00:00
|10000149|8885015220061|TRF|20/01/2024 00:00:00|TRF|03/03/2026 00:00:00
|10000149|8992695203441|TRF|20/01/2024 00:00:00|TRF|03/03/2026 00:00:00
|10000154|8992112014018|TRF|20/01/2024 00:00:00|TRF|03/03/2026 00:00:00
|10000154|8992112014063|TRF|20/01/2024 00:00:00|TRF|03/03/2026 00:00:00
|10000155|8992112000615|TRF|20/10/2025 00:00:00|TRF|03/03/2026 00:00:00
|10000155|8992112007010|TRF|20/01/2024 00:00:00|TRF|03/03/2026 00:00:00
|10000155|8992112025021|TRF|20/01/2024 00:00:00|TRF|03/03/2026 00:00:00
|10000159|4902430393126|TRF|03/06/2019 00:00:00|TRF|03/03/2026 00:00:00
|10000159|4987176018083|TRF|25/06/2019 00:00:00|TRF|03/03/2026 00:00:00
|10000172|8996001320051|TRF|03/06/2019 00:00:00|TRF|03/03/2026 00:00:00
|10000175|8888166336605|TRF|03/06/2019 00:00:00|TRF|03/03/2026 00:00:00
|10000178|8992628020145|TRF|27/11/2019 00:00:00|TRF|03/03/2026 00:00:00
|10000181|8992628010139|TRF|03/06/2019 00:00:00|TRF|03/03/2026 00:00:00
|10000184|0089686010046|TRF|26/01/2025 00:00:00|TRF|03/03/2026 00:00:00
|10000185|0089686010190|TRF|03/06/2019 00:00:00|TRF|03/03/2026 00:00:00
|10000185|0089686010527|TRF|03/06/2019 00:00:00|TRF|03/03/2026 00:00:00
|10000189|8998866102612|TRF|03/06/2019 00:00:00|TRF|03/03/2026 00:00:00
|10000197|89917015|TRF|03/06/2019 00:00:00|TRF|03/03/2026 00:00:00
|10000197|8991771200329|TRF|03/06/2019 00:00:00|TRF|03/03/2026 00:00:00
|10000206|8888166336568|TRF|03/06/2019 00:00:00|TRF|03/03/2026 00:00:00
|10000210|8719200171404|TRF|20/04/2020 00:00:00|TRF|03/03/2026 00:00:00
|10000210|8999999034160|TRF|03/06/2019 00:00:00|TRF|03/03/2026 00:00:00
|10000210|8999999197049|TRF|03/06/2019 00:00:00|TRF|03/03/2026 00:00:00
|10000212|0711844120037|TRF|03/06/2019 00:00:00|TRF|03/03/2026 00:00:00
|10000213|8851019210117|TRF|03/06/2019 00:00:00|TRF|03/03/2026 00:00:00
|10000213|8990044000000|TRF|24/11/2022 00:00:00|TRF|03/03/2026 00:00:00
|10000234|8992965010014|TRF|03/06/2019 00:00:00|TRF|03/03/2026 00:00:00
|10000234|8994591010017|TRF|03/06/2019 00:00:00|TRF|03/03/2026 00:00:00
|10000255|8992753100101|TRF|03/06/2019 00:00:00|TRF|03/03/2026 00:00:00
|10000278|0711844162419|TRF|03/06/2019 00:00:00|TRF|03/03/2026 00:00:00
|10000279|8886020001096|TRF|03/06/2019 00:00:00|TRF|03/03/2026 00:00:00
|10000280|4026700407563|TRF|03/06/2019 00:00:00|TRF|03/03/2026 00:00:00
|10000289|8993113031059|TRF|20/01/2024 00:00:00|TRF|03/03/2026 00:00:00
|10000304|8991002105430|TRF|03/06/2019 00:00:00|TRF|03/03/2026 00:00:00
|10000305|8990121014029|TRF|03/06/2019 00:00:00|TRF|03/03/2026 00:00:00
|10000305|8999999002503|TRF|03/06/2019 00:00:00|TRF|03/03/2026 00:00:00
|10000310|8996001302026|TRF|03/06/2019 00:00:00|TRF|03/03/2026 00:00:00
|10000312|8992741950237|TRF|03/06/2019 00:00:00|TRF|03/03/2026 00:00:00
|10000313|8886022941512|TRF|03/06/2019 00:00:00|TRF|03/03/2026 00:00:00
|10000318|8992765301008|TRF|03/06/2019 00:00:00|TRF|03/03/2026 00:00:00
|10000320|0711844130111|TRF|03/06/2019 00:00:00|TRF|03/03/2026 00:00:00
|10000322|8996001370032|TRF|03/06/2019 00:00:00|TRF|03/03/2026 00:00:00
|10000324|0711844115057|TRF|03/06/2019 00:00:00|TRF|03/03/2026 00:00:00
|10000341|0011747233040|TRF|03/06/2019 00:00:00|TRF|03/03/2026 00:00:00
|10000348|0011747233033|TRF|03/06/2019 00:00:00|TRF|03/03/2026 00:00:00
|10000352|0711844154506|TRF|13/11/2025 00:00:00|TRF|03/03/2026 00:00:00
|10000352|711844154506|TRF|13/11/2025 00:00:00|TRF|03/03/2026 00:00:00
|10000353|8888166336988|TRF|17/11/2025 00:00:00|TRF|03/03/2026 00:00:00
|10000354|8888166336940|TRF|17/11/2025 00:00:00|TRF|03/03/2026 00:00:00
|10000360|8888166603554|TRF|03/11/2025 00:00:00|TRF|03/03/2026 00:00:00
|10000405|8998009010613|TRF|03/06/2019 00:00:00|TRF|03/03/2026 00:00:00
|10000407|8998009720017|TRF|03/06/2019 00:00:00|TRF|03/03/2026 00:00:00
|10000418|8991001501011|TRF|03/06/2019 00:00:00|TRF|03/03/2026 00:00:00
|10000425|8993176110074|TRF|03/06/2019 00:00:00|TRF|03/03/2026 00:00:00
|10000426|8886008101091|TRF|03/06/2019 00:00:00|TRF|03/03/2026 00:00:00
|10000430|8993039112511|TRF|03/06/2019 00:00:00|TRF|03/03/2026 00:00:00
|10000431|8991188943024|TRF|03/06/2019 00:00:00|TRF|03/03/2026 00:00:00
|10000439|8992628508155|TRF|03/06/2019 00:00:00|TRF|03/03/2026 00:00:00
|10000439|8992628510158|TRF|03/06/2019 00:00:00|TRF|03/03/2026 00:00:00
|10000442|8998225800043|TRF|03/06/2019 00:00:00|TRF|03/03/2026 00:00:00
|10000449|0007916248823|TRF|29/07/2025 00:00:00|TRF|03/03/2026 00:00:00
|10000449|8997916248829|TRF|29/07/2025 00:00:00|TRF|03/03/2026 00:00:00
|10000450|8992957251579|TRF|03/06/2019 00:00:00|TRF|03/03/2026 00:00:00
|10000451|8999999574376|TRF|03/04/2023 00:00:00|TRF|03/03/2026 00:00:00
|10000451|8999999707712|TRF|03/06/2019 00:00:00|TRF|03/03/2026 00:00:00
|10000451|8999999707835|TRF|03/06/2019 00:00:00|TRF|03/03/2026 00:00:00
|10000452|8886029101049|TRF|20/01/2024 00:00:00|TRF|03/03/2026 00:00:00
|10000452|8997014050010|TRF|20/01/2024 00:00:00|TRF|03/03/2026 00:00:00
|10000452|8997014050225|TRF|20/01/2024 00:00:00|TRF|03/03/2026 00:00:00
|10000461|8888166989634|TRF|03/06/2019 00:00:00|TRF|03/03/2026 00:00:00
|10000465|8998009070037|TRF|03/06/2019 00:00:00|TRF|03/03/2026 00:00:00
|10000473|8999908000705|TRF|25/02/2025 00:00:00|TRF|03/03/2026 00:00:00
|10000475|006904|TRF|03/06/2019 00:00:00|TRF|03/03/2026 00:00:00
|10000475|4902870075439|TRF|03/06/2019 00:00:00|TRF|03/03/2026 00:00:00
|10000475|4902870075446|TRF|03/06/2019 00:00:00|TRF|03/03/2026 00:00:00
|10000475|4902870698553|TRF|03/06/2019 00:00:00|TRF|03/03/2026 00:00:00
|10000475|4902870698560|TRF|03/06/2019 00:00:00|TRF|03/03/2026 00:00:00
|10000475|4902870698874|TRF|03/06/2019 00:00:00|TRF|03/03/2026 00:00:00
|10000475|4902870729134|TRF|03/06/2019 00:00:00|TRF|03/03/2026 00:00:00
|10000475|4902870729141|TRF|03/06/2019 00:00:00|TRF|03/03/2026 00:00:00
|10000475|4902870729158|TRF|03/06/2019 00:00:00|TRF|03/03/2026 00:00:00
|10000475|4902870775667|TRF|03/06/2019 00:00:00|TRF|03/03/2026 00:00:00
|10000475|4902870775674|TRF|03/06/2019 00:00:00|TRF|03/03/2026 00:00:00
|10000475|4902870775681|TRF|03/06/2019 00:00:00|TRF|03/03/2026 00:00:00
|10000475|4902870775698|TRF|03/06/2019 00:00:00|TRF|03/03/2026 00:00:00
|10000475|4902870775704|TRF|03/06/2019 00:00:00|TRF|03/03/2026 00:00:00
|10000475|4902870775711|TRF|03/06/2019 00:00:00|TRF|03/03/2026 00:00:00
|10000475|4902870867911|TRF|23/09/2022 00:00:00|TRF|03/03/2026 00:00:00
|10000475|4902870867928|TRF|23/09/2022 00:00:00|TRF|03/03/2026 00:00:00
|10000475|4902870867935|TRF|23/09/2022 00:00:00|TRF|03/03/2026 00:00:00
|10000475|4902870867942|TRF|23/09/2022 00:00:00|TRF|03/03/2026 00:00:00
|10000475|4902870867959|TRF|23/09/2022 00:00:00|TRF|03/03/2026 00:00:00
|10000475|4902870867966|TRF|23/09/2022 00:00:00|TRF|03/03/2026 00:00:00
|10000482|8886020001058|TRF|03/06/2019 00:00:00|TRF|03/03/2026 00:00:00
|10000501|8991001400079|TRF|28/10/2022 00:00:00|TRF|03/03/2026 00:00:00
|10000509|8993093115008|TRF|03/06/2019 00:00:00|TRF|03/03/2026 00:00:00
|10000517|8990090310092|TRF|06/10/2022 00:00:00|TRF|03/03/2026 00:00:00
|10000525|8993005116024|TRF|03/06/2019 00:00:00|TRF|03/03/2026 00:00:00
|10000527|8886022910075|TRF|03/06/2019 00:00:00|TRF|03/03/2026 00:00:00
|10000527|8886022911072|TRF|03/06/2019 00:00:00|TRF|03/03/2026 00:00:00
|10000527|8999801110266|TRF|03/06/2019 00:00:00|TRF|03/03/2026 00:00:00
|10000548|8993176190014|TRF|02/02/2024 00:00:00|TRF|03/03/2026 00:00:00
|10000549|8995201800028|TRF|03/06/2019 00:00:00|TRF|03/03/2026 00:00:00
|10000553|8992843100301|TRF|03/06/2019 00:00:00|TRF|03/03/2026 00:00:00
|10000555|001926|TRF|20/01/2024 00:00:00|TRF|03/03/2026 00:00:00
|10000555|8993498210230|TRF|20/01/2024 00:00:00|TRF|03/03/2026 00:00:00
|10000562|8888166989948|TRF|03/06/2019 00:00:00|TRF|03/03/2026 00:00:00
|10000578|8992802618519|TRF|03/06/2019 00:00:00|TRF|03/03/2026 00:00:00
|10000578|8992802618717|TRF|03/06/2019 00:00:00|TRF|03/03/2026 00:00:00
|10000579|8992802618502|TRF|09/06/2025 00:00:00|TRF|03/03/2026 00:00:00
|10000579|8992802618700|TRF|09/06/2025 00:00:00|TRF|03/03/2026 00:00:00
|10000587|8714700524002|TRF|08/04/2020 00:00:00|TRF|03/03/2026 00:00:00
|10000610|8886022950958|TRF|31/07/2023 00:00:00|TRF|03/03/2026 00:00:00
|10000621|8994573000807|TRF|03/06/2019 00:00:00|TRF|03/03/2026 00:00:00
|10000632|8995151130138|TRF|20/02/2023 00:00:00|TRF|03/03/2026 00:00:00
|10000632|8995151130473|TRF|20/02/2023 00:00:00|TRF|03/03/2026 00:00:00
|10000638|9311931184037|TRF|03/06/2019 00:00:00|TRF|03/03/2026 00:00:00
|10000652|0089686010015|TRF|03/06/2019 00:00:00|TRF|03/03/2026 00:00:00
|10000653|8994357010022|TRF|03/06/2019 00:00:00|TRF|03/03/2026 00:00:00
|10000656|002834|TRF|09/09/2021 00:00:00|TRF|03/03/2026 00:00:00
|10000656|8997012700023|TRF|09/09/2021 00:00:00|TRF|03/03/2026 00:00:00
|10000665|8992725051219|TRF|20/01/2024 00:00:00|TRF|03/03/2026 00:00:00
|10000688|8992761136017|TRF|17/11/2025 00:00:00|TRF|03/03/2026 00:00:00
|10000689|8992761136031|TRF|17/11/2025 00:00:00|TRF|03/03/2026 00:00:00
|10000690|8992761136055|TRF|17/11/2025 00:00:00|TRF|03/03/2026 00:00:00
|10000700|0711844150003|TRF|03/06/2019 00:00:00|TRF|03/03/2026 00:00:00
|10000700|711844150003|TRF|19/12/2023 00:00:00|TRF|03/03/2026 00:00:00
|10000704|8998888110114|TRF|03/06/2019 00:00:00|TRF|03/03/2026 00:00:00
|10000713|0089686010107|TRF|03/06/2019 00:00:00|TRF|03/03/2026 00:00:00
|10000720|0089686530322|TRF|30/09/2020 00:00:00|TRF|03/03/2026 00:00:00
|10000724|0089686535044|TRF|03/06/2019 00:00:00|TRF|03/03/2026 00:00:00
|10000726|8886001026025|TRF|26/09/2019 00:00:00|TRF|03/03/2026 00:00:00
|10000730|8886001038028|TRF|17/11/2025 00:00:00|TRF|03/03/2026 00:00:00
|10000731|8888166989399|TRF|03/06/2019 00:00:00|TRF|03/03/2026 00:00:00
|10000734|8888166337039|TRF|03/11/2025 00:00:00|TRF|03/03/2026 00:00:00
|10000735|8886001012080|TRF|17/11/2025 00:00:00|TRF|03/03/2026 00:00:00
|10000739|0089686598025|TRF|03/06/2019 00:00:00|TRF|03/03/2026 00:00:00
|10000752|8999999000066|TRF|03/06/2019 00:00:00|TRF|03/03/2026 00:00:00
|10000752|8999999191832|TRF|03/06/2019 00:00:00|TRF|03/03/2026 00:00:00
|10000752|8999999193348|TRF|03/06/2019 00:00:00|TRF|03/03/2026 00:00:00
|10000752|8999999195038|TRF|03/06/2019 00:00:00|TRF|03/03/2026 00:00:00
|10000753|8999999000189|TRF|03/06/2019 00:00:00|TRF|03/03/2026 00:00:00
|10000753|8999999191801|TRF|03/06/2019 00:00:00|TRF|03/03/2026 00:00:00
|10000753|8999999193331|TRF|03/06/2019 00:00:00|TRF|03/03/2026 00:00:00
|10000753|8999999195069|TRF|03/06/2019 00:00:00|TRF|03/03/2026 00:00:00
|10000757|8992957246247|TRF|03/06/2019 00:00:00|TRF|03/03/2026 00:00:00
|10000760|50819515|TRF|03/06/2019 00:00:00|TRF|03/03/2026 00:00:00
|10000763|8992696402287|TRF|03/06/2019 00:00:00|TRF|03/03/2026 00:00:00
|10000763|8992696418936|TRF|03/06/2019 00:00:00|TRF|03/03/2026 00:00:00
|10000763|8997212800318|TRF|05/09/2020 00:00:00|TRF|03/03/2026 00:00:00
|10000765|8992919856019|TRF|13/03/2024 00:00:00|TRF|03/03/2026 00:00:00
|10000765|9555192510208|TRF|13/03/2024 00:00:00|TRF|03/03/2026 00:00:00
|10000766|8992919856033|TRF|13/03/2024 00:00:00|TRF|03/03/2026 00:00:00
|10000766|9555192510185|TRF|13/03/2024 00:00:00|TRF|03/03/2026 00:00:00
|10000771|0711844150034|TRF|09/01/2024 00:00:00|TRF|03/03/2026 00:00:00
|10000771|711844150034|TRF|09/01/2024 00:00:00|TRF|03/03/2026 00:00:00
|10000772|8998888110213|TRF|09/01/2024 00:00:00|TRF|03/03/2026 00:00:00
|10000798|8990090110012|TRF|02/06/2020 00:00:00|TRF|03/03/2026 00:00:00
|10000859|0711844110113|TRF|03/06/2019 00:00:00|TRF|03/03/2026 00:00:00
|10000861|0089686060126|TRF|03/06/2019 00:00:00|TRF|03/03/2026 00:00:00
|10000955|8886030323904|TRF|03/06/2019 00:00:00|TRF|03/03/2026 00:00:00
|10000975|0089686060027|TRF|03/06/2019 00:00:00|TRF|03/03/2026 00:00:00
|10001014|8990090100150|TRF|02/06/2020 00:00:00|TRF|03/03/2026 00:00:00
|10001017|8996001302033|TRF|03/06/2019 00:00:00|TRF|03/03/2026 00:00:00
|10001093|0089686598476|TRF|03/06/2019 00:00:00|TRF|03/03/2026 00:00:00
|10001094|0089686598056|TRF|03/06/2019 00:00:00|TRF|03/03/2026 00:00:00
|10001132|003897|TRF|03/06/2019 00:00:00|TRF|03/03/2026 00:00:00
|10001132|8888299758381|TRF|03/06/2019 00:00:00|TRF|03/03/2026 00:00:00
|10001132|8888299758398|TRF|03/06/2019 00:00:00|TRF|03/03/2026 00:00:00
|10001365|8886015401030|TRF|03/06/2019 00:00:00|TRF|03/03/2026 00:00:00
|10001414|50853991|TRF|03/06/2019 00:00:00|TRF|03/03/2026 00:00:00
|10001527|8886022930165|TRF|03/06/2019 00:00:00|TRF|03/03/2026 00:00:00
|10001527|8886022931162|TRF|03/06/2019 00:00:00|TRF|03/03/2026 00:00:00
|10001527|8999801310307|TRF|03/06/2019 00:00:00|TRF|03/03/2026 00:00:00
|10001527|8999801310505|TRF|03/06/2019 00:00:00|TRF|03/03/2026 00:00:00
|10001636|8992796011501|TRF|28/04/2020 00:00:00|TRF|03/03/2026 00:00:00
|10001826|8888166321106|TRF|03/06/2019 00:00:00|TRF|03/03/2026 00:00:00
|10002047|8992112011031|TRF|03/06/2019 00:00:00|TRF|03/03/2026 00:00:00
|10002101|8993027111601|TRF|03/06/2019 00:00:00|TRF|03/03/2026 00:00:00
|10002246|8888166330306|TRF|03/06/2019 00:00:00|TRF|03/03/2026 00:00:00
|10002258|8888166842823|TRF|03/06/2019 00:00:00|TRF|03/03/2026 00:00:00
|10002350|0711844110083|TRF|03/06/2019 00:00:00|TRF|03/03/2026 00:00:00
|10002560|0089686010343|TRF|03/06/2019 00:00:00|TRF|03/03/2026 00:00:00
|10002564|8990800020013|TRF|03/06/2019 00:00:00|TRF|03/03/2026 00:00:00
|10002565|8998009070044|TRF|03/06/2019 00:00:00|TRF|03/03/2026 00:00:00
|10002595|8886057883665|TRF|03/06/2019 00:00:00|TRF|03/03/2026 00:00:00
|10002602|8851123212038|TRF|20/08/2021 00:00:00|TRF|03/03/2026 00:00:00
|10002619|006340|TRF|28/02/2025 00:00:00|TRF|03/03/2026 00:00:00
|10002676|8991003040013|TRF|03/06/2019 00:00:00|TRF|03/03/2026 00:00:00
|10002765|0089686440430|TRF|03/06/2019 00:00:00|TRF|03/03/2026 00:00:00
|10002766|0089686440386|TRF|03/06/2019 00:00:00|TRF|03/03/2026 00:00:00
|10002767|0089686440089|TRF|03/06/2019 00:00:00|TRF|03/03/2026 00:00:00
|10002768|0089686440287|TRF|03/06/2019 00:00:00|TRF|03/03/2026 00:00:00
|10002788|8994280130095|TRF|27/11/2019 00:00:00|TRF|03/03/2026 00:00:00
|10002789|8994280140094|TRF|27/11/2019 00:00:00|TRF|03/03/2026 00:00:00
|10002835|8888900415009|TRF|03/06/2019 00:00:00|TRF|03/03/2026 00:00:00
|10002862|8992858690200|TRF|03/06/2019 00:00:00|TRF|03/03/2026 00:00:00
|10002893|8992984820410|TRF|21/09/2020 00:00:00|TRF|03/03/2026 00:00:00
|10002894|8992984820717|TRF|21/09/2020 00:00:00|TRF|03/03/2026 00:00:00
|10002915|0089686440584|TRF|03/06/2019 00:00:00|TRF|03/03/2026 00:00:00
|10002915|089686440584|TRF|01/08/2023 00:00:00|TRF|03/03/2026 00:00:00
|10002941|8993176110067|TRF|03/06/2019 00:00:00|TRF|03/03/2026 00:00:00
|10002978|8992828183886|TRF|03/06/2019 00:00:00|TRF|03/03/2026 00:00:00
|10002978|8993079183885|TRF|17/03/2020 00:00:00|TRF|03/03/2026 00:00:00
|10002983|0089686420036|TRF|01/04/2020 00:00:00|TRF|03/03/2026 00:00:00
|10002989|0089686400427|TRF|03/06/2019 00:00:00|TRF|03/03/2026 00:00:00
|10003018|8993005123015|TRF|02/02/2024 00:00:00|TRF|03/03/2026 00:00:00
|10003061|8886007811083|TRF|03/06/2019 00:00:00|TRF|03/03/2026 00:00:00
|10003074|0041689300494|TRF|03/06/2019 00:00:00|TRF|03/03/2026 00:00:00
|10003074|041689300494|TRF|03/06/2019 00:00:00|TRF|03/03/2026 00:00:00
|10003074|6936101594275|TRF|30/04/2025 00:00:00|TRF|03/03/2026 00:00:00
|10003091|8886007811076|TRF|03/06/2019 00:00:00|TRF|03/03/2026 00:00:00
|10003111|0089686648065|TRF|03/06/2019 00:00:00|TRF|03/03/2026 00:00:00
|10003111|089686648065|TRF|03/06/2019 00:00:00|TRF|03/03/2026 00:00:00
|10003144|8888166842731|TRF|03/06/2019 00:00:00|TRF|03/03/2026 00:00:00
|10003163|8992980114001|TRF|03/06/2019 00:00:00|TRF|03/03/2026 00:00:00
|10003272|8998899001166|TRF|16/03/2024 00:00:00|TRF|03/03/2026 00:00:00
|10003324|8888166842557|TRF|03/06/2019 00:00:00|TRF|03/03/2026 00:00:00
|10003336|8998866100564|TRF|03/06/2019 00:00:00|TRF|03/03/2026 00:00:00
|10003337|8998866100601|TRF|03/06/2019 00:00:00|TRF|03/03/2026 00:00:00
|10003359|8992747200206|TRF|03/06/2019 00:00:00|TRF|03/03/2026 00:00:00
|10003359|8999999006204|TRF|03/06/2019 00:00:00|TRF|03/03/2026 00:00:00
|10003359|8999999407865|TRF|03/06/2019 00:00:00|TRF|03/03/2026 00:00:00
|10003362|0711844120075|TRF|03/06/2019 00:00:00|TRF|03/03/2026 00:00:00
|10003373|8992702005945|TRF|03/06/2019 00:00:00|TRF|03/03/2026 00:00:00
|10003374|0089686017076|TRF|03/03/2026 00:00:00||
|10003381|8992775110126|TRF|03/06/2019 00:00:00|TRF|03/03/2026 00:00:00
|10003389|8991102800020|TRF|03/06/2019 00:00:00|TRF|03/03/2026 00:00:00
|10003391|8995151130060|TRF|20/02/2023 00:00:00|TRF|03/03/2026 00:00:00
|10003404|8886015403034|TRF|03/06/2019 00:00:00|TRF|03/03/2026 00:00:00
|10003422|8992775110119|TRF|03/06/2019 00:00:00|TRF|03/03/2026 00:00:00
|10003424|8886015414061|TRF|03/06/2019 00:00:00|TRF|03/03/2026 00:00:00
|10003426|8992702005976|TRF|03/06/2019 00:00:00|TRF|03/03/2026 00:00:00
|10003427|8886057883672|TRF|03/06/2019 00:00:00|TRF|03/03/2026 00:00:00
|10003435|0089686014280|TRF|03/06/2019 00:00:00|TRF|03/03/2026 00:00:00
|10003453|9311931183160|TRF|12/11/2019 00:00:00|TRF|03/03/2026 00:00:00
|10003457|8992957214307|TRF|03/06/2019 00:00:00|TRF|03/03/2026 00:00:00
|10003479|8992748195303|TRF|03/06/2019 00:00:00|TRF|03/03/2026 00:00:00
|10003481|8998685052303|TRF|03/06/2019 00:00:00|TRF|03/03/2026 00:00:00
|10003485|8991001121400|TRF|03/06/2019 00:00:00|TRF|03/03/2026 00:00:00
|10003485|8991001903532|TRF|03/06/2019 00:00:00|TRF|03/03/2026 00:00:00
|10003491|8998685053300|TRF|03/06/2019 00:00:00|TRF|03/03/2026 00:00:00
|10003498|8992779251405|TRF|16/03/2024 00:00:00|TRF|03/03/2026 00:00:00
|10003503|8991102021531|TRF|18/07/2019 00:00:00|TRF|03/03/2026 00:00:00
|10003507|8992709818807|TRF|03/06/2019 00:00:00|TRF|03/03/2026 00:00:00
|10003511|8992895171106|TRF|03/06/2019 00:00:00|TRF|03/03/2026 00:00:00
|10003514|8999777761097|TRF|03/06/2019 00:00:00|TRF|03/03/2026 00:00:00
|10003517|0089686010824|TRF|03/06/2019 00:00:00|TRF|03/03/2026 00:00:00
|10003517|0089686010947|TRF|03/06/2019 00:00:00|TRF|03/03/2026 00:00:00
|10003519|0711844330016|TRF|03/06/2019 00:00:00|TRF|03/03/2026 00:00:00
|10003520|0711844330115|TRF|03/06/2019 00:00:00|TRF|03/03/2026 00:00:00
|10003530|8992806000303|TRF|03/06/2019 00:00:00|TRF|03/03/2026 00:00:00
|10003550|8998866181082|TRF|03/06/2019 00:00:00|TRF|03/03/2026 00:00:00
|10003569|8999999707859|TRF|03/06/2019 00:00:00|TRF|03/03/2026 00:00:00
|10003616|8992222010221|TRF|03/06/2019 00:00:00|TRF|03/03/2026 00:00:00
|10003616|8992222010238|TRF|03/06/2019 00:00:00|TRF|03/03/2026 00:00:00
|10003627|8999988888811|TRF|03/06/2019 00:00:00|TRF|03/03/2026 00:00:00
|10003645|8998866679664|TRF|03/06/2019 00:00:00|TRF|03/03/2026 00:00:00
|10003646|8998866679602|TRF|03/06/2019 00:00:00|TRF|03/03/2026 00:00:00
|10003650|8992112011017|TRF|03/06/2019 00:00:00|TRF|03/03/2026 00:00:00
|10003650|8992112036034|TRF|03/06/2019 00:00:00|TRF|03/03/2026 00:00:00
|10003653|8992802140010|TRF|03/06/2019 00:00:00|TRF|03/03/2026 00:00:00
|10003682|8992987001021|TRF|15/09/2025 00:00:00|TRF|03/03/2026 00:00:00
|10003683|8992987001038|TRF|11/09/2020 00:00:00|TRF|03/03/2026 00:00:00
|10003696|8991188943062|TRF|03/06/2019 00:00:00|TRF|03/03/2026 00:00:00
|10003697|8992770011091|TRF|03/06/2019 00:00:00|TRF|03/03/2026 00:00:00
|10003706|8992779251306|TRF|25/02/2025 00:00:00|TRF|03/03/2026 00:00:00
|10003707|0089686540031|TRF|03/06/2019 00:00:00|TRF|03/03/2026 00:00:00
|10003795|013811|TRF|03/06/2019 00:00:00|TRF|03/03/2026 00:00:00
|10003795|8993993960593|TRF|03/06/2019 00:00:00|TRF|03/03/2026 00:00:00
|10003795|8997031230037|TRF|03/06/2019 00:00:00|TRF|03/03/2026 00:00:00
|10003795|8997230990015|TRF|30/08/2022 00:00:00|TRF|03/03/2026 00:00:00
|10003795|8998688640002|TRF|26/05/2020 00:00:00|TRF|03/03/2026 00:00:00
|10003799|8993058000653|TRF|03/06/2019 00:00:00|TRF|03/03/2026 00:00:00
|10003799|8993058000684|TRF|03/06/2019 00:00:00|TRF|03/03/2026 00:00:00
|10003800|0089686041705|TRF|03/06/2019 00:00:00|TRF|03/03/2026 00:00:00
|10003800|089686041705|TRF|03/06/2019 00:00:00|TRF|03/03/2026 00:00:00
|10003801|0089686041767|TRF|03/06/2019 00:00:00|TRF|03/03/2026 00:00:00
|10003801|089686041767|TRF|03/06/2019 00:00:00|TRF|03/03/2026 00:00:00
|10003813|8998866600101|TRF|03/06/2019 00:00:00|TRF|03/03/2026 00:00:00
|10003814|8886008101053|TRF|03/06/2019 00:00:00|TRF|03/03/2026 00:00:00
|10003828|9556174802236|TRF|03/06/2019 00:00:00|TRF|03/03/2026 00:00:00
|10003840|8992775212110|TRF|03/06/2019 00:00:00|TRF|03/03/2026 00:00:00
|10003842|8999988888842|TRF|03/06/2019 00:00:00|TRF|03/03/2026 00:00:00
|10003844|8992726938199|TRF|03/06/2019 00:00:00|TRF|03/03/2026 00:00:00
|10003845|9556001032898|TRF|19/06/2020 00:00:00|TRF|03/03/2026 00:00:00
|10003845|9556001670809|TRF|03/06/2019 00:00:00|TRF|03/03/2026 00:00:00
|10003873|8991002105409|TRF|03/06/2019 00:00:00|TRF|03/03/2026 00:00:00
|10003895|8992863125001|TRF|13/03/2021 00:00:00|TRF|03/03/2026 00:00:00
|10003922|8991002101630|TRF|03/06/2019 00:00:00|TRF|03/03/2026 00:00:00
|10003931|101700|TRF|03/06/2019 00:00:00|TRF|03/03/2026 00:00:00
|10003931|8995026801019|TRF|03/06/2019 00:00:00|TRF|03/03/2026 00:00:00
|10003939|101768|TRF|03/06/2019 00:00:00|TRF|03/03/2026 00:00:00
|10003939|1708130000233|TRF|03/06/2019 00:00:00|TRF|03/03/2026 00:00:00
|10003939|1708130011178|TRF|03/06/2019 00:00:00|TRF|03/03/2026 00:00:00
|10003939|77067197|TRF|03/06/2019 00:00:00|TRF|03/03/2026 00:00:00
|10003941|8993031120019|TRF|03/06/2019 00:00:00|TRF|03/03/2026 00:00:00
|10003942|8993031150023|TRF|03/06/2019 00:00:00|TRF|03/03/2026 00:00:00
|10003974|8992946122002|TRF|22/04/2020 00:00:00|TRF|03/03/2026 00:00:00
|10003980|8999809700025|TRF|30/08/2022 00:00:00|TRF|03/03/2026 00:00:00
|10003995|8999908056405|TRF|03/06/2019 00:00:00|TRF|03/03/2026 00:00:00
|10003995|8999908210005|TRF|03/06/2019 00:00:00|TRF|03/03/2026 00:00:00
|10004017|8992936115014|TRF|23/02/2025 00:00:00|TRF|03/03/2026 00:00:00
|10004018|8992936218012|TRF|28/10/2022 00:00:00|TRF|03/03/2026 00:00:00
|10004031|006350|TRF|28/02/2025 00:00:00|TRF|03/03/2026 00:00:00
|10004032|8992747180201|TRF|16/03/2024 00:00:00|TRF|03/03/2026 00:00:00
|10004032|8999999616915|TRF|30/01/2026 00:00:00|TRF|03/03/2026 00:00:00
|10004034|8992747180225|TRF|03/06/2019 00:00:00|TRF|03/03/2026 00:00:00
|10004034|8999999616908|TRF|30/01/2026 00:00:00|TRF|03/03/2026 00:00:00
|10004037|8992907110017|TRF|03/06/2019 00:00:00|TRF|03/03/2026 00:00:00
|10004039|8992907230012|TRF|03/06/2019 00:00:00|TRF|03/03/2026 00:00:00
|10004042|040271|TRF|21/12/2020 00:00:00|TRF|03/03/2026 00:00:00
|10004048|8999999706081|TRF|03/06/2019 00:00:00|TRF|03/03/2026 00:00:00
|10004051|8998866100168|TRF|03/06/2019 00:00:00|TRF|03/03/2026 00:00:00
|10004055|0089686000016|TRF|03/06/2019 00:00:00|TRF|03/03/2026 00:00:00
|10004061|8998288100340|TRF|06/11/2025 00:00:00|TRF|03/03/2026 00:00:00
|10004067|8998866100700|TRF|03/06/2019 00:00:00|TRF|03/03/2026 00:00:00
|10004068|8998866100717|TRF|03/06/2019 00:00:00|TRF|03/03/2026 00:00:00
|10004084|8886022910266|TRF|03/06/2019 00:00:00|TRF|03/03/2026 00:00:00
|10004084|8999801110181|TRF|03/06/2019 00:00:00|TRF|03/03/2026 00:00:00
|10004107|8998866100229|TRF|03/06/2019 00:00:00|TRF|03/03/2026 00:00:00
|10004107|8998866606974|TRF|03/06/2019 00:00:00|TRF|03/03/2026 00:00:00
|10004237|8999988888866|TRF|03/06/2019 00:00:00|TRF|03/03/2026 00:00:00
|10004262|0089686000061|TRF|03/06/2019 00:00:00|TRF|03/03/2026 00:00:00
|10004327|0089686048704|TRF|03/06/2019 00:00:00|TRF|03/03/2026 00:00:00
|10004331|8888900400111|TRF|03/06/2019 00:00:00|TRF|03/03/2026 00:00:00
|10004335|8994096101333|TRF|03/06/2019 00:00:00|TRF|03/03/2026 00:00:00
|10004335|8994096213678|TRF|03/06/2019 00:00:00|TRF|03/03/2026 00:00:00
|10004335|8996129803528|TRF|03/06/2019 00:00:00|TRF|03/03/2026 00:00:00
|10004336|8994096101340|TRF|03/06/2019 00:00:00|TRF|03/03/2026 00:00:00
|10004336|8994096213715|TRF|03/06/2019 00:00:00|TRF|03/03/2026 00:00:00
|10004336|8996129803542|TRF|03/06/2019 00:00:00|TRF|03/03/2026 00:00:00
|10004337|8994096101357|TRF|03/06/2019 00:00:00|TRF|03/03/2026 00:00:00
|10004359|8992695100207|TRF|20/01/2024 00:00:00|TRF|03/03/2026 00:00:00
|10004367|8992736116105|TRF|15/09/2025 00:00:00|TRF|03/03/2026 00:00:00
|10004371|8992907440015|TRF|03/06/2019 00:00:00|TRF|03/03/2026 00:00:00
|10004372|8992907420017|TRF|03/06/2019 00:00:00|TRF|03/03/2026 00:00:00
|10004394|8990800100050|TRF|03/06/2019 00:00:00|TRF|03/03/2026 00:00:00
|10004394|8990800100500|TRF|16/11/2020 00:00:00|TRF|03/03/2026 00:00:00
|10004401|8993007000024|TRF|03/06/2019 00:00:00|TRF|03/03/2026 00:00:00
|10004442|8993007000109|TRF|28/04/2022 00:00:00|TRF|03/03/2026 00:00:00
|10004443|8993007000062|TRF|03/06/2019 00:00:00|TRF|03/03/2026 00:00:00
|10004487|8886008101046|TRF|03/06/2019 00:00:00|TRF|03/03/2026 00:00:00
|10004487|8992752000150|TRF|11/10/2024 00:00:00|TRF|03/03/2026 00:00:00
|10004490|8888077102092|TRF|09/09/2020 00:00:00|TRF|03/03/2026 00:00:00
|10004490|8994504102327|TRF|09/09/2020 00:00:00|TRF|03/03/2026 00:00:00
|10004501|8991115011109|TRF|03/06/2019 00:00:00|TRF|03/03/2026 00:00:00
|10004502|8991115010102|TRF|03/06/2019 00:00:00|TRF|03/03/2026 00:00:00
|10004503|8991115012106|TRF|03/06/2019 00:00:00|TRF|03/03/2026 00:00:00
|10004509|039998|TRF|28/02/2025 00:00:00|TRF|03/03/2026 00:00:00
|10004513|8992928121405|TRF|03/06/2019 00:00:00|TRF|03/03/2026 00:00:00
|10004532|8710428020246|TRF|30/06/2022 00:00:00|TRF|03/03/2026 00:00:00
|10004532|8710428750266|TRF|30/06/2022 00:00:00|TRF|03/03/2026 00:00:00
|10004532|8886451007957|TRF|12/09/2022 00:00:00|TRF|03/03/2026 00:00:00
|10004540|8991102300421|TRF|03/06/2019 00:00:00|TRF|03/03/2026 00:00:00
|10004540|8991102306904|TRF|03/06/2019 00:00:00|TRF|03/03/2026 00:00:00
|10004541|8991102300544|TRF|03/06/2019 00:00:00|TRF|03/03/2026 00:00:00
|10004541|8991102307000|TRF|03/06/2019 00:00:00|TRF|03/03/2026 00:00:00
|10004610|0055500130207|TRF|16/03/2024 00:00:00|TRF|03/03/2026 00:00:00
|10004612|0055500130221|TRF|03/06/2019 00:00:00|TRF|03/03/2026 00:00:00
|10004655|8850956080272|TRF|03/06/2019 00:00:00|TRF|03/03/2026 00:00:00
|10004655|8852961002126|TRF|03/06/2019 00:00:00|TRF|03/03/2026 00:00:00
|10004656|8850956010279|TRF|15/04/2021 00:00:00|TRF|03/03/2026 00:00:00
|10004656|8852961002102|TRF|15/04/2021 00:00:00|TRF|03/03/2026 00:00:00
|10004664|8992895300018|TRF|03/06/2019 00:00:00|TRF|03/03/2026 00:00:00
|10004668|8998009010248|TRF|03/06/2019 00:00:00|TRF|03/03/2026 00:00:00
|10004669|8998009010231|TRF|03/06/2019 00:00:00|TRF|03/03/2026 00:00:00
|10004676|8998009010224|TRF|03/06/2019 00:00:00|TRF|03/03/2026 00:00:00
|10004714|8999999706173|TRF|03/06/2019 00:00:00|TRF|03/03/2026 00:00:00
|10004771|4002309006703|TRF|27/11/2020 00:00:00|TRF|03/03/2026 00:00:00
|10004778|8993007000215|TRF|03/06/2019 00:00:00|TRF|03/03/2026 00:00:00
|10004779|8993007000239|TRF|03/06/2019 00:00:00|TRF|03/03/2026 00:00:00
|10004780|8993007000253|TRF|03/06/2019 00:00:00|TRF|03/03/2026 00:00:00
|10004884|8993007000086|TRF|03/06/2019 00:00:00|TRF|03/03/2026 00:00:00
|10004906|8992696404441|TRF|03/06/2019 00:00:00|TRF|03/03/2026 00:00:00
|10004946|8992907450014|TRF|12/02/2026 00:00:00|TRF|03/03/2026 00:00:00
|10004949|8992696406322|TRF|03/06/2019 00:00:00|TRF|03/03/2026 00:00:00
|10004949|9556001975904|TRF|03/06/2019 00:00:00|TRF|03/03/2026 00:00:00
|10004950|8992696406308|TRF|03/06/2019 00:00:00|TRF|03/03/2026 00:00:00
|10004950|9556001978400|TRF|03/06/2019 00:00:00|TRF|03/03/2026 00:00:00
|10004977|006470|TRF|03/06/2019 00:00:00|TRF|03/03/2026 00:00:00
|10004977|8995078400017|TRF|03/06/2019 00:00:00|TRF|03/03/2026 00:00:00
|10004977|8997205330754|TRF|03/06/2019 00:00:00|TRF|03/03/2026 00:00:00
|10004982|8991001121455|TRF|15/08/2021 00:00:00|TRF|03/03/2026 00:00:00
|10005009|8886007811410|TRF|25/03/2025 00:00:00|TRF|03/03/2026 00:00:00
|10005038|8999999272128|TRF|03/06/2019 00:00:00|TRF|03/03/2026 00:00:00
|10005038|8999999272180|TRF|03/06/2019 00:00:00|TRF|03/03/2026 00:00:00
|10005038|8999999282196|TRF|03/06/2019 00:00:00|TRF|03/03/2026 00:00:00
|10005039|8999999272135|TRF|03/06/2019 00:00:00|TRF|03/03/2026 00:00:00
|10005039|8999999272173|TRF|03/06/2019 00:00:00|TRF|03/03/2026 00:00:00
|10005039|8999999282202|TRF|03/06/2019 00:00:00|TRF|03/03/2026 00:00:00
|10005073|8719200170995|TRF|23/04/2020 00:00:00|TRF|03/03/2026 00:00:00
|10005073|8999999034153|TRF|03/06/2019 00:00:00|TRF|03/03/2026 00:00:00
|10005073|8999999198862|TRF|03/06/2019 00:00:00|TRF|03/03/2026 00:00:00
|10005128|8996006142511|TRF|03/06/2019 00:00:00|TRF|03/03/2026 00:00:00
|10005133|8992222050258|TRF|03/06/2019 00:00:00|TRF|03/03/2026 00:00:00
|10005166|8992696403451|TRF|17/11/2025 00:00:00|TRF|03/03/2026 00:00:00
|10005166|8992696415409|TRF|17/11/2025 00:00:00|TRF|03/03/2026 00:00:00
|10005166|8997212800288|TRF|17/11/2025 00:00:00|TRF|03/03/2026 00:00:00
|10005198|8992745120476|TRF|03/06/2019 00:00:00|TRF|03/03/2026 00:00:00
|10005241|8992802120012|TRF|03/06/2019 00:00:00|TRF|03/03/2026 00:00:00
|10005245|8998866601436|TRF|25/02/2025 00:00:00|TRF|03/03/2026 00:00:00
|10005246|8998866601788|TRF|03/06/2019 00:00:00|TRF|03/03/2026 00:00:00
|10005279|8999099032158|TRF|03/06/2019 00:00:00|TRF|03/03/2026 00:00:00
|10005279|8999099876011|TRF|03/06/2019 00:00:00|TRF|03/03/2026 00:00:00
|10005279|8999099920585|TRF|03/06/2019 00:00:00|TRF|03/03/2026 00:00:00
|10005302|8992696403413|TRF|03/06/2019 00:00:00|TRF|03/03/2026 00:00:00
|10005315|8999099031151|TRF|03/06/2019 00:00:00|TRF|03/03/2026 00:00:00
|10005315|8999099656002|TRF|03/06/2019 00:00:00|TRF|03/03/2026 00:00:00
|10005315|8999099920509|TRF|03/06/2019 00:00:00|TRF|03/03/2026 00:00:00
|10005338|8992696405264|TRF|03/06/2019 00:00:00|TRF|03/03/2026 00:00:00
|10005338|8992696405424|TRF|03/06/2019 00:00:00|TRF|03/03/2026 00:00:00
|10005355|8992775210215|TRF|03/06/2019 00:00:00|TRF|03/03/2026 00:00:00
|10005427|8992745320784|TRF|03/06/2019 00:00:00|TRF|03/03/2026 00:00:00
|10005428|8992745320050|TRF|03/06/2019 00:00:00|TRF|03/03/2026 00:00:00
|10005441|8998866601979|TRF|01/07/2025 00:00:00|TRF|03/03/2026 00:00:00
|10005468|8993053121018|TRF|03/06/2019 00:00:00|TRF|03/03/2026 00:00:00
|10005473|8992779267901|TRF|03/06/2019 00:00:00|TRF|03/03/2026 00:00:00
|10005482|8999999390198|TRF|03/06/2019 00:00:00|TRF|03/03/2026 00:00:00
|10005482|8999999394929|TRF|03/06/2019 00:00:00|TRF|03/03/2026 00:00:00
|10005482|8999999589189|TRF|24/08/2022 00:00:00|TRF|03/03/2026 00:00:00
|10005489|8992753101207|TRF|03/06/2019 00:00:00|TRF|03/03/2026 00:00:00
|10005491|8992936115021|TRF|03/06/2019 00:00:00|TRF|03/03/2026 00:00:00
|10005583|50604159|TRF|03/06/2019 00:00:00|TRF|03/03/2026 00:00:00
|10005599|8993296201119|TRF|03/06/2019 00:00:00|TRF|03/03/2026 00:00:00
|10005600|8993296301116|TRF|03/06/2019 00:00:00|TRF|03/03/2026 00:00:00
|10005601|8993296101112|TRF|03/06/2019 00:00:00|TRF|03/03/2026 00:00:00
|10005643|8992907730017|TRF|03/06/2019 00:00:00|TRF|03/03/2026 00:00:00
|10005660|8886022971298|TRF|03/06/2019 00:00:00|TRF|03/03/2026 00:00:00
|10005662|8886022971328|TRF|03/06/2019 00:00:00|TRF|03/03/2026 00:00:00
|10005701|4902931110482|TRF|03/06/2019 00:00:00|TRF|03/03/2026 00:00:00
|10005701|8993322101550|TRF|03/06/2019 00:00:00|TRF|03/03/2026 00:00:00
|10005746|8993560022020|TRF|03/06/2019 00:00:00|TRF|03/03/2026 00:00:00
|10005802|8998866601870|TRF|03/06/2019 00:00:00|TRF|03/03/2026 00:00:00
|10005803|8998866601849|TRF|03/06/2019 00:00:00|TRF|03/03/2026 00:00:00
|10005820|8999999192150|TRF|03/06/2019 00:00:00|TRF|03/03/2026 00:00:00
|10005836|8991102021418|TRF|03/06/2019 00:00:00|TRF|03/03/2026 00:00:00
|10005838|8992826111089|TRF|03/06/2019 00:00:00|TRF|03/03/2026 00:00:00
|10005909|8993007000680|TRF|03/06/2019 00:00:00|TRF|03/03/2026 00:00:00
|10005974|8993189230103|TRF|03/06/2019 00:00:00|TRF|03/03/2026 00:00:00
|10005980|4902931110451|TRF|03/06/2019 00:00:00|TRF|03/03/2026 00:00:00
|10005980|8993322104254|TRF|03/06/2019 00:00:00|TRF|03/03/2026 00:00:00
|10006069|8993218115012|TRF|03/06/2019 00:00:00|TRF|03/03/2026 00:00:00
|10006126|8990114000404|TRF|20/05/2025 00:00:00|TRF|03/03/2026 00:00:00
|10006126|8998009760518|TRF|03/06/2019 00:00:00|TRF|03/03/2026 00:00:00
|10006131|8999918181180|TRF|03/06/2019 00:00:00|TRF|03/03/2026 00:00:00
|10006168|8993226125003|TRF|03/06/2019 00:00:00|TRF|03/03/2026 00:00:00
|10006194|8992907710019|TRF|03/06/2019 00:00:00|TRF|03/03/2026 00:00:00
|10006195|8992907720018|TRF|03/06/2019 00:00:00|TRF|03/03/2026 00:00:00
|10006200|8886020033547|TRF|28/10/2022 00:00:00|TRF|03/03/2026 00:00:00
|10006258|8992696405165|TRF|03/06/2019 00:00:00|TRF|03/03/2026 00:00:00
|10006258|8992696405493|TRF|03/06/2019 00:00:00|TRF|03/03/2026 00:00:00
|10006259|8992696405288|TRF|03/06/2019 00:00:00|TRF|03/03/2026 00:00:00
|10006259|8992696405448|TRF|03/06/2019 00:00:00|TRF|03/03/2026 00:00:00
|10006260|8992696404427|TRF|03/06/2019 00:00:00|TRF|03/03/2026 00:00:00
|10006260|8992696405257|TRF|03/06/2019 00:00:00|TRF|03/03/2026 00:00:00
|10006262|8992696405226|TRF|03/06/2019 00:00:00|TRF|03/03/2026 00:00:00
|10006262|8992696405585|TRF|03/06/2019 00:00:00|TRF|03/03/2026 00:00:00
|10006263|8999908034205|TRF|03/06/2019 00:00:00|TRF|03/03/2026 00:00:00
|10006334|8886022941529|TRF|03/06/2019 00:00:00|TRF|03/03/2026 00:00:00
|10006534|8992741950220|TRF|03/06/2019 00:00:00|TRF|03/03/2026 00:00:00
|10006539|8992741941327|TRF|15/08/2021 00:00:00|TRF|03/03/2026 00:00:00
|10006540|8992741950244|TRF|03/06/2019 00:00:00|TRF|03/03/2026 00:00:00
|10006565|117622|TRF|20/01/2024 00:00:00|TRF|03/03/2026 00:00:00
|10006565|8995201800097|TRF|20/01/2024 00:00:00|TRF|03/03/2026 00:00:00
|10006651|8992857020121|TRF|02/02/2022 00:00:00|TRF|03/03/2026 00:00:00
|10006712|8991002105676|TRF|28/10/2022 00:00:00|TRF|03/03/2026 00:00:00
|10006861|8992839007577|TRF|03/06/2019 00:00:00|TRF|03/03/2026 00:00:00
|10006884|0711844140417|TRF|20/03/2025 00:00:00|TRF|03/03/2026 00:00:00
|10006890|8886013402206|TRF|03/06/2019 00:00:00|TRF|03/03/2026 00:00:00
|10006913|8992726939028|TRF|03/06/2019 00:00:00|TRF|03/03/2026 00:00:00
|10006955|8991038110514|TRF|03/06/2019 00:00:00|TRF|03/03/2026 00:00:00
|10006957|8991038111757|TRF|03/06/2019 00:00:00|TRF|03/03/2026 00:00:00
|10007241|8992846223038|TRF|03/06/2019 00:00:00|TRF|03/03/2026 00:00:00
|10007336|8991102303309|TRF|03/06/2019 00:00:00|TRF|03/03/2026 00:00:00
|10007336|8991102308809|TRF|03/06/2019 00:00:00|TRF|03/03/2026 00:00:00
|10007379|8998009010552|TRF|03/06/2019 00:00:00|TRF|03/03/2026 00:00:00
|10007380|8998009010569|TRF|03/06/2019 00:00:00|TRF|03/03/2026 00:00:00
|10007385|8998009030031|TRF|20/08/2021 00:00:00|TRF|03/03/2026 00:00:00
|10007389|8998866602730|TRF|03/06/2019 00:00:00|TRF|03/03/2026 00:00:00
|10007415|8992717102509|TRF|03/06/2019 00:00:00|TRF|03/03/2026 00:00:00
|10007499|8992826112215|TRF|20/02/2025 00:00:00|TRF|03/03/2026 00:00:00
|10007606|8992388111206|TRF|03/06/2019 00:00:00|TRF|03/03/2026 00:00:00
|10007668|010325|TRF|03/06/2019 00:00:00|TRF|03/03/2026 00:00:00
|10007775|8992770054012|TRF|03/06/2019 00:00:00|TRF|03/03/2026 00:00:00
|10007934|4968306479585|TRF|03/06/2019 00:00:00|TRF|03/03/2026 00:00:00
|10007934|8992694100208|TRF|03/06/2019 00:00:00|TRF|03/03/2026 00:00:00
|10007970|8998009020186|TRF|03/06/2019 00:00:00|TRF|03/03/2026 00:00:00
|10007971|8998009020179|TRF|20/08/2021 00:00:00|TRF|03/03/2026 00:00:00
|10007972|8998009020223|TRF|20/08/2021 00:00:00|TRF|03/03/2026 00:00:00
|10007973|8998009020193|TRF|03/06/2019 00:00:00|TRF|03/03/2026 00:00:00
|10007974|8998009020216|TRF|03/06/2019 00:00:00|TRF|03/03/2026 00:00:00
|10008064|9415007006824|TRF|03/06/2019 00:00:00|TRF|03/03/2026 00:00:00
|10008095|8998009010576|TRF|03/06/2019 00:00:00|TRF|03/03/2026 00:00:00
|10008104|8998866602747|TRF|03/06/2019 00:00:00|TRF|03/03/2026 00:00:00
|10008114|8992936120902|TRF|03/06/2019 00:00:00|TRF|03/03/2026 00:00:00
|10008133|5038483158272|TRF|03/06/2019 00:00:00|TRF|03/03/2026 00:00:00
|10008133|8850163000131|TRF|03/06/2019 00:00:00|TRF|03/03/2026 00:00:00
|10008314|8992802120036|TRF|03/06/2019 00:00:00|TRF|03/03/2026 00:00:00
|10008315|8000500066027|TRF|26/01/2025 00:00:00|TRF|03/03/2026 00:00:00
|10008316|8992802120029|TRF|03/06/2019 00:00:00|TRF|03/03/2026 00:00:00
|10008469|8993077880700|TRF|21/09/2020 00:00:00|TRF|03/03/2026 00:00:00
|10008480|8992736111407|TRF|15/09/2025 00:00:00|TRF|03/03/2026 00:00:00
|10008532|012194|TRF|28/02/2025 00:00:00|TRF|03/03/2026 00:00:00
|10008550|8886015203115|TRF|03/06/2019 00:00:00|TRF|03/03/2026 00:00:00
|10008550|8886015208080|TRF|03/06/2019 00:00:00|TRF|03/03/2026 00:00:00
|10008554|8886015201111|TRF|03/06/2019 00:00:00|TRF|03/03/2026 00:00:00
|10008579|8991001780225|TRF|03/06/2019 00:00:00|TRF|03/03/2026 00:00:00
|10008580|8991001780232|TRF|03/06/2019 00:00:00|TRF|03/03/2026 00:00:00
|10008581|8999988888972|TRF|03/06/2019 00:00:00|TRF|03/03/2026 00:00:00
|10008599|8993113042055|TRF|20/01/2024 00:00:00|TRF|03/03/2026 00:00:00
|10008620|8992741941303|TRF|03/06/2019 00:00:00|TRF|03/03/2026 00:00:00
|10008651|8993110040726|TRF|03/06/2019 00:00:00|TRF|03/03/2026 00:00:00
|10008651|8993110040740|TRF|03/06/2019 00:00:00|TRF|03/03/2026 00:00:00
|10008683|8992695110206|TRF|20/01/2024 00:00:00|TRF|03/03/2026 00:00:00
|10008819|8990121011134|TRF|03/06/2019 00:00:00|TRF|03/03/2026 00:00:00
|10008819|8999999100506|TRF|03/06/2019 00:00:00|TRF|03/03/2026 00:00:00
|10008821|8998989500128|TRF|22/09/2021 00:00:00|TRF|03/03/2026 00:00:00
|10008825|8998009010590|TRF|03/06/2019 00:00:00|TRF|03/03/2026 00:00:00
|10008826|8998009010606|TRF|03/06/2019 00:00:00|TRF|03/03/2026 00:00:00
|10008867|8992907150044|TRF|03/06/2019 00:00:00|TRF|03/03/2026 00:00:00
|10008882|8991002105423|TRF|03/06/2019 00:00:00|TRF|03/03/2026 00:00:00
|10008887|8998009050053|TRF|03/06/2019 00:00:00|TRF|03/03/2026 00:00:00
|10008989|8992628020152|TRF|03/06/2019 00:00:00|TRF|03/03/2026 00:00:00
|10008992|8888826016175|TRF|03/06/2019 00:00:00|TRF|03/03/2026 00:00:00
|10009007|8888826016182|TRF|03/06/2019 00:00:00|TRF|03/03/2026 00:00:00
|10009160|8992965070018|TRF|03/06/2019 00:00:00|TRF|03/03/2026 00:00:00
|10009160|8994591070011|TRF|03/06/2019 00:00:00|TRF|03/03/2026 00:00:00
|10009288|8992753152803|TRF|03/06/2019 00:00:00|TRF|03/03/2026 00:00:00
|10009493|8992696403857|TRF|03/06/2019 00:00:00|TRF|03/03/2026 00:00:00
|10009493|8992696405240|TRF|03/06/2019 00:00:00|TRF|03/03/2026 00:00:00
|10009494|8992696405271|TRF|11/05/2022 00:00:00|TRF|03/03/2026 00:00:00
|10009494|8992696405431|TRF|11/05/2022 00:00:00|TRF|03/03/2026 00:00:00
|10009495|8992696403734|TRF|11/05/2022 00:00:00|TRF|03/03/2026 00:00:00
|10009495|8992696405486|TRF|11/05/2022 00:00:00|TRF|03/03/2026 00:00:00
|10009496|8992696403772|TRF|03/06/2019 00:00:00|TRF|03/03/2026 00:00:00
|10009496|8992696405219|TRF|03/06/2019 00:00:00|TRF|03/03/2026 00:00:00
|10009496|8992696405578|TRF|03/06/2019 00:00:00|TRF|03/03/2026 00:00:00
|10009753|8992222071871|TRF|03/06/2019 00:00:00|TRF|03/03/2026 00:00:00
|10009988|8000500010709|TRF|26/06/2024 00:00:00|TRF|03/03/2026 00:00:00
|10009988|80050278|TRF|26/06/2024 00:00:00|TRF|03/03/2026 00:00:00
|10010074|8998989110129|TRF|03/06/2019 00:00:00|TRF|03/03/2026 00:00:00
|10010075|8998989110167|TRF|03/06/2019 00:00:00|TRF|03/03/2026 00:00:00
|10010077|8998989121163|TRF|03/06/2019 00:00:00|TRF|03/03/2026 00:00:00
|10010078|8998989100120|TRF|03/06/2019 00:00:00|TRF|03/03/2026 00:00:00
|10010080|8998989501125|TRF|17/10/2023 00:00:00|TRF|03/03/2026 00:00:00
|10010081|8991906101019|TRF|03/06/2019 00:00:00|TRF|03/03/2026 00:00:00
|10010082|8991906101026|TRF|03/06/2019 00:00:00|TRF|03/03/2026 00:00:00
|10010084|8991906101057|TRF|03/06/2019 00:00:00|TRF|03/03/2026 00:00:00
|10010088|8999909028234|TRF|03/06/2019 00:00:00|TRF|03/03/2026 00:00:00
|10010090|8999909982000|TRF|03/06/2019 00:00:00|TRF|03/03/2026 00:00:00
|10010091|8999909096004|TRF|03/06/2019 00:00:00|TRF|03/03/2026 00:00:00
|10010094|8999909085114|TRF|03/06/2019 00:00:00|TRF|03/03/2026 00:00:00
|10010100|02888224|TRF|03/06/2019 00:00:00|TRF|03/03/2026 00:00:00
|10010100|76164217|TRF|03/06/2019 00:00:00|TRF|03/03/2026 00:00:00
|10010100|8997018460006|TRF|03/06/2019 00:00:00|TRF|03/03/2026 00:00:00
|10010102|02886925|TRF|03/06/2019 00:00:00|TRF|03/03/2026 00:00:00
|10010102|76239878|TRF|03/06/2019 00:00:00|TRF|03/03/2026 00:00:00
|10010102|8997018460037|TRF|03/06/2019 00:00:00|TRF|03/03/2026 00:00:00
|10010112|89981108|TRF|03/06/2019 00:00:00|TRF|03/03/2026 00:00:00
|10010113|89981115|TRF|03/06/2019 00:00:00|TRF|03/03/2026 00:00:00
|10010189|8993189270024|TRF|03/06/2019 00:00:00|TRF|03/03/2026 00:00:00
|10010192|8991001111289|TRF|03/06/2019 00:00:00|TRF|03/03/2026 00:00:00
|10010220|8999999193546|TRF|03/06/2019 00:00:00|TRF|03/03/2026 00:00:00
|10010220|8999999194802|TRF|03/06/2019 00:00:00|TRF|03/03/2026 00:00:00
|10010220|8999999195656|TRF|03/06/2019 00:00:00|TRF|03/03/2026 00:00:00
|10010232|8992694103124|TRF|03/06/2019 00:00:00|TRF|03/03/2026 00:00:00
|10010232|8992694105302|TRF|03/06/2019 00:00:00|TRF|03/03/2026 00:00:00
|10010232|8998899940489|TRF|03/06/2019 00:00:00|TRF|03/03/2026 00:00:00
|10010246|8994573000050|TRF|27/06/2022 00:00:00|TRF|03/03/2026 00:00:00
|10010246|8994573001651|TRF|27/06/2022 00:00:00|TRF|03/03/2026 00:00:00
|10010255|8992907760014|TRF|10/08/2021 00:00:00|TRF|03/03/2026 00:00:00
|10010256|8992907750015|TRF|03/06/2019 00:00:00|TRF|03/03/2026 00:00:00
|10010350|8992753250806|TRF|03/06/2019 00:00:00|TRF|03/03/2026 00:00:00
|10010350|8992753281701|TRF|03/06/2019 00:00:00|TRF|03/03/2026 00:00:00
|10010350|8992753710317|TRF|03/06/2019 00:00:00|TRF|03/03/2026 00:00:00
|10010351|8992753253807|TRF|03/06/2019 00:00:00|TRF|03/03/2026 00:00:00
|10010351|8992753283705|TRF|03/06/2019 00:00:00|TRF|03/03/2026 00:00:00
|10010351|8992753710331|TRF|03/06/2019 00:00:00|TRF|03/03/2026 00:00:00
|10010480|8999999406929|TRF|03/06/2019 00:00:00|TRF|03/03/2026 00:00:00
|10010480|8999999407421|TRF|03/06/2019 00:00:00|TRF|03/03/2026 00:00:00
|10010509|8992696403840|TRF|03/06/2019 00:00:00|TRF|03/03/2026 00:00:00
|10010509|8992696405233|TRF|03/06/2019 00:00:00|TRF|03/03/2026 00:00:00
|10010596|4005401144625|TRF|03/06/2019 00:00:00|TRF|03/03/2026 00:00:00
|10010749|8993110020742|TRF|03/06/2019 00:00:00|TRF|03/03/2026 00:00:00
|10010804|8993496001083|TRF|03/06/2019 00:00:00|TRF|03/03/2026 00:00:00
|10010805|8993496001076|TRF|03/06/2019 00:00:00|TRF|03/03/2026 00:00:00
|10010825|8992802516044|TRF|03/06/2019 00:00:00|TRF|03/03/2026 00:00:00
|10010874|8992696405202|TRF|03/06/2019 00:00:00|TRF|03/03/2026 00:00:00
|10010874|8992696405561|TRF|03/06/2019 00:00:00|TRF|03/03/2026 00:00:00
|10010933|8998888170910|TRF|13/11/2025 00:00:00|TRF|03/03/2026 00:00:00
|10010946|8998888170118|TRF|13/11/2025 00:00:00|TRF|03/03/2026 00:00:00
|10011020|8993172902499|TRF|03/06/2019 00:00:00|TRF|03/03/2026 00:00:00
|10011020|8993172995996|TRF|03/03/2020 00:00:00|TRF|03/03/2026 00:00:00
|10011021|8993172995460|TRF|03/06/2019 00:00:00|TRF|03/03/2026 00:00:00
|10011038|8992858687101|TRF|03/06/2019 00:00:00|TRF|03/03/2026 00:00:00
|10011262|010355|TRF|01/09/2020 00:00:00|TRF|03/03/2026 00:00:00
|10011440|8998866603409|TRF|03/06/2019 00:00:00|TRF|03/03/2026 00:00:00
|10011452|8993417112232|TRF|03/06/2019 00:00:00|TRF|03/03/2026 00:00:00
|10011593|0027084012163|TRF|03/06/2019 00:00:00|TRF|03/03/2026 00:00:00
|10011593|0027084120134|TRF|03/06/2019 00:00:00|TRF|03/03/2026 00:00:00
|10011772|8998103002651|TRF|20/08/2021 00:00:00|TRF|03/03/2026 00:00:00
|10011819|137389|TRF|03/06/2019 00:00:00|TRF|03/03/2026 00:00:00
|10011819|4970129724483|TRF|03/06/2019 00:00:00|TRF|03/03/2026 00:00:00
|10011819|4970129724506|TRF|03/06/2019 00:00:00|TRF|03/03/2026 00:00:00
|10011850|4902430002707|TRF|03/06/2019 00:00:00|TRF|03/03/2026 00:00:00
|10011850|4902430102247|TRF|03/06/2019 00:00:00|TRF|03/03/2026 00:00:00
|10011850|4902430152280|TRF|03/06/2019 00:00:00|TRF|03/03/2026 00:00:00
|10011850|4902430174954|TRF|03/06/2019 00:00:00|TRF|03/03/2026 00:00:00
|10011850|4902430234276|TRF|03/06/2019 00:00:00|TRF|03/03/2026 00:00:00
|10011851|4902430002523|TRF|30/06/2025 00:00:00|TRF|03/03/2026 00:00:00
|10011851|4902430102230|TRF|30/06/2025 00:00:00|TRF|03/03/2026 00:00:00
|10011851|4902430152297|TRF|30/06/2025 00:00:00|TRF|03/03/2026 00:00:00
|10011851|4902430175043|TRF|30/06/2025 00:00:00|TRF|03/03/2026 00:00:00
|10011851|4902430234283|TRF|30/06/2025 00:00:00|TRF|03/03/2026 00:00:00
|10011851|4902430396028|TRF|30/06/2025 00:00:00|TRF|03/03/2026 00:00:00
|10011852|4902430002752|TRF|03/06/2019 00:00:00|TRF|03/03/2026 00:00:00
|10011852|4902430102254|TRF|03/06/2019 00:00:00|TRF|03/03/2026 00:00:00
|10011852|4902430152303|TRF|03/06/2019 00:00:00|TRF|03/03/2026 00:00:00
|10011852|4902430174916|TRF|03/06/2019 00:00:00|TRF|03/03/2026 00:00:00
|10011852|4902430234320|TRF|03/06/2019 00:00:00|TRF|03/03/2026 00:00:00
|10012172|9415007008040|TRF|03/06/2019 00:00:00|TRF|03/03/2026 00:00:00
|10012263|8996001328224|TRF|26/01/2022 00:00:00|TRF|03/03/2026 00:00:00
|10012263|8996001338056|TRF|03/06/2019 00:00:00|TRF|03/03/2026 00:00:00
|10012338|8992628022156|TRF|03/06/2019 00:00:00|TRF|03/03/2026 00:00:00
|10012397|8999777867249|TRF|03/06/2019 00:00:00|TRF|03/03/2026 00:00:00
|10012548|8998866603539|TRF|03/06/2019 00:00:00|TRF|03/03/2026 00:00:00
|10012742|8992725910332|TRF|03/06/2019 00:00:00|TRF|03/03/2026 00:00:00
|10012753|8992628032155|TRF|03/06/2019 00:00:00|TRF|03/03/2026 00:00:00
|10012917|0089686401066|TRF|03/06/2019 00:00:00|TRF|03/03/2026 00:00:00
|10012967|8992696407039|TRF|03/06/2019 00:00:00|TRF|03/03/2026 00:00:00
|10013027|8993351121307|TRF|09/10/2019 00:00:00|TRF|03/03/2026 00:00:00
|10013035|8992696407053|TRF|03/06/2019 00:00:00|TRF|03/03/2026 00:00:00
|10013041|0089686400861|TRF|03/06/2019 00:00:00|TRF|03/03/2026 00:00:00
|10013100|8992628034159|TRF|03/06/2019 00:00:00|TRF|03/03/2026 00:00:00
|10013107|8998866602921|TRF|05/04/2021 00:00:00|TRF|03/03/2026 00:00:00
|10013184|010322|TRF|07/07/2021 00:00:00|TRF|03/03/2026 00:00:00
|10013205|8999999036355|TRF|01/07/2025 00:00:00|TRF|03/03/2026 00:00:00
|10013205|8999999393687|TRF|01/07/2025 00:00:00|TRF|03/03/2026 00:00:00
|10013205|8999999615482|TRF|14/10/2025 00:00:00|TRF|03/03/2026 00:00:00
|10013212|4987176162298|TRF|14/02/2023 00:00:00|TRF|03/03/2026 00:00:00
|10013212|8888826016243|TRF|03/06/2019 00:00:00|TRF|03/03/2026 00:00:00
|10013353|9415007009146|TRF|03/06/2019 00:00:00|TRF|03/03/2026 00:00:00
|10013360|8992727001700|TRF|03/06/2019 00:00:00|TRF|03/03/2026 00:00:00
|10013361|8992727001724|TRF|02/10/2020 00:00:00|TRF|03/03/2026 00:00:00
|10013365|8992846223229|TRF|01/08/2022 00:00:00|TRF|03/03/2026 00:00:00
|10013548|006343|TRF|28/02/2025 00:00:00|TRF|03/03/2026 00:00:00
|10013569|8992753710355|TRF|03/06/2019 00:00:00|TRF|03/03/2026 00:00:00
|10013569|8992753851805|TRF|03/06/2019 00:00:00|TRF|03/03/2026 00:00:00
|10013569|8992753881703|TRF|03/06/2019 00:00:00|TRF|03/03/2026 00:00:00
|10013572|8992753710379|TRF|03/06/2019 00:00:00|TRF|03/03/2026 00:00:00
|10013572|8992753853809|TRF|03/06/2019 00:00:00|TRF|03/03/2026 00:00:00
|10013572|8992753883707|TRF|03/06/2019 00:00:00|TRF|03/03/2026 00:00:00
|10013751|8992928062142|TRF|18/06/2025 00:00:00|TRF|03/03/2026 00:00:00
|10013751|8992928811252|TRF|01/03/2022 00:00:00|TRF|03/03/2026 00:00:00
|10013821|8992770054036|TRF|03/06/2019 00:00:00|TRF|03/03/2026 00:00:00
|10013823|8992770074010|TRF|18/12/2023 00:00:00|TRF|03/03/2026 00:00:00
|10013885|8992741945462|TRF|03/06/2019 00:00:00|TRF|03/03/2026 00:00:00
|10014035|8886020209201|TRF|03/06/2019 00:00:00|TRF|03/03/2026 00:00:00
|10014036|8886020209300|TRF|03/06/2019 00:00:00|TRF|03/03/2026 00:00:00
|10014129|8994112731216|TRF|03/06/2019 00:00:00|TRF|03/03/2026 00:00:00
|10014129|8994112739106|TRF|03/06/2019 00:00:00|TRF|03/03/2026 00:00:00
|10014168|8992759114348|TRF|03/06/2019 00:00:00|TRF|03/03/2026 00:00:00
|10014263|8992747200220|TRF|03/06/2019 00:00:00|TRF|03/03/2026 00:00:00
|10014263|8999999407889|TRF|03/06/2019 00:00:00|TRF|03/03/2026 00:00:00
|10014263|8999999407919|TRF|03/06/2019 00:00:00|TRF|03/03/2026 00:00:00
|10014263|8999999409913|TRF|03/06/2019 00:00:00|TRF|03/03/2026 00:00:00
|10014263|8999999616571|TRF|30/01/2026 00:00:00|TRF|03/03/2026 00:00:00
|10014292|0089686060461|TRF|03/06/2019 00:00:00|TRF|03/03/2026 00:00:00
|10014293|0089686060362|TRF|03/06/2019 00:00:00|TRF|03/03/2026 00:00:00
|10014404|9556001051509|TRF|03/06/2019 00:00:00|TRF|03/03/2026 00:00:00
|10014526|8991906101071|TRF|03/06/2019 00:00:00|TRF|03/03/2026 00:00:00
|10014547|8998866603898|TRF|08/07/2025 00:00:00|TRF|03/03/2026 00:00:00
|10014567|8992727001748|TRF|03/06/2019 00:00:00|TRF|03/03/2026 00:00:00
|10014740|8991102100748|TRF|03/06/2019 00:00:00|TRF|03/03/2026 00:00:00
|10014741|143679|TRF|03/06/2019 00:00:00|TRF|03/03/2026 00:00:00
|10014741|8991102999991|TRF|03/06/2019 00:00:00|TRF|03/03/2026 00:00:00
|10015124|144447|TRF|03/06/2019 00:00:00|TRF|03/03/2026 00:00:00
|10015124|8992753102006|TRF|03/06/2019 00:00:00|TRF|03/03/2026 00:00:00
|10015124|8992753102303|TRF|03/06/2019 00:00:00|TRF|03/03/2026 00:00:00
|10015367|010294|TRF|29/08/2021 00:00:00|TRF|03/03/2026 00:00:00
|10015436|8888021200546|TRF|03/06/2019 00:00:00|TRF|03/03/2026 00:00:00
|10015436|8999002525012|TRF|03/06/2019 00:00:00|TRF|03/03/2026 00:00:00
|10015438|8999002245125|TRF|03/06/2019 00:00:00|TRF|03/03/2026 00:00:00
|10015461|8993417001376|TRF|03/06/2019 00:00:00|TRF|03/03/2026 00:00:00
|10015526|8998899001036|TRF|28/11/2023 00:00:00|TRF|03/03/2026 00:00:00
|10015532|8886008101336|TRF|03/06/2019 00:00:00|TRF|03/03/2026 00:00:00
|10015550|8993138142204|TRF|03/06/2019 00:00:00|TRF|03/03/2026 00:00:00
|10015650|8992696407701|TRF|03/06/2019 00:00:00|TRF|03/03/2026 00:00:00
|10015651|8992696407695|TRF|11/09/2019 00:00:00|TRF|03/03/2026 00:00:00
|10015652|8992696407688|TRF|03/06/2019 00:00:00|TRF|03/03/2026 00:00:00
|10015653|8992696407671|TRF|03/06/2019 00:00:00|TRF|03/03/2026 00:00:00
|10015684|8885015220078|TRF|20/01/2024 00:00:00|TRF|03/03/2026 00:00:00
|10015684|8992695213440|TRF|20/01/2024 00:00:00|TRF|03/03/2026 00:00:00
|10015698|9556001184795|TRF|03/06/2019 00:00:00|TRF|03/03/2026 00:00:00
|10015698|9556001222343|TRF|03/06/2019 00:00:00|TRF|03/03/2026 00:00:00
|10015698|9556001752109|TRF|03/06/2019 00:00:00|TRF|03/03/2026 00:00:00
|10015814|8888900515044|TRF|13/08/2024 00:00:00|TRF|03/03/2026 00:00:00
|10015954|8888327831130|TRF|03/06/2019 00:00:00|TRF|03/03/2026 00:00:00
|10016064|8993417001369|TRF|03/06/2019 00:00:00|TRF|03/03/2026 00:00:00
|10016079|8992946511790|TRF|03/06/2019 00:00:00|TRF|03/03/2026 00:00:00
|10016170|8992760223015|TRF|03/06/2019 00:00:00|TRF|03/03/2026 00:00:00
|10016198|8999777090579|TRF|09/03/2023 00:00:00|TRF|03/03/2026 00:00:00
|10016209|4902430436113|TRF|23/02/2025 00:00:00|TRF|03/03/2026 00:00:00
|10016209|4902430516877|TRF|23/02/2025 00:00:00|TRF|03/03/2026 00:00:00
|10016209|9556076000273|TRF|23/02/2025 00:00:00|TRF|03/03/2026 00:00:00
|10016209|9556076007173|TRF|23/02/2025 00:00:00|TRF|03/03/2026 00:00:00
|10016210|4902430516167|TRF|23/02/2025 00:00:00|TRF|03/03/2026 00:00:00
|10016210|9556076000303|TRF|23/02/2025 00:00:00|TRF|03/03/2026 00:00:00
|10016210|9556076007197|TRF|23/02/2025 00:00:00|TRF|03/03/2026 00:00:00
|10016317|8992727001656|TRF|26/02/2024 00:00:00|TRF|03/03/2026 00:00:00
|10016520|0089686190014|TRF|03/06/2019 00:00:00|TRF|03/03/2026 00:00:00
|10016520|089686190014|TRF|03/06/2019 00:00:00|TRF|03/03/2026 00:00:00
|10016646|0089686420678|TRF|03/06/2019 00:00:00|TRF|03/03/2026 00:00:00
|10016650|8991001780492|TRF|03/06/2019 00:00:00|TRF|03/03/2026 00:00:00
|10016716|8992933215113|TRF|23/02/2025 00:00:00|TRF|03/03/2026 00:00:00
|10016718|8992933213119|TRF|03/06/2019 00:00:00|TRF|03/03/2026 00:00:00
|10016719|8992933211115|TRF|03/06/2019 00:00:00|TRF|03/03/2026 00:00:00
|10016755|8993176812022|TRF|03/06/2019 00:00:00|TRF|03/03/2026 00:00:00
|10016785|8991102100823|TRF|03/06/2019 00:00:00|TRF|03/03/2026 00:00:00
|10016793|8992933214116|TRF|03/06/2019 00:00:00|TRF|03/03/2026 00:00:00
|10016833|010340|TRF|04/02/2026 00:00:00|TRF|03/03/2026 00:00:00
|10017288|8993110050923|TRF|03/06/2019 00:00:00|TRF|03/03/2026 00:00:00
|10017675|8886015409289|TRF|03/06/2019 00:00:00|TRF|03/03/2026 00:00:00
|10017886|4987176060402|TRF|03/12/2024 00:00:00|TRF|03/03/2026 00:00:00
|10017886|8888826021353|TRF|03/12/2024 00:00:00|TRF|03/03/2026 00:00:00
|10018154|8992907141004|TRF|03/06/2019 00:00:00|TRF|03/03/2026 00:00:00
|10018962|8886030633904|TRF|05/05/2020 00:00:00|TRF|03/03/2026 00:00:00
|10019114|4902508138918|TRF|20/08/2021 00:00:00|TRF|03/03/2026 00:00:00
|10019160|006346|TRF|28/02/2025 00:00:00|TRF|03/03/2026 00:00:00
|10019513|8992796157315|TRF|03/06/2019 00:00:00|TRF|03/03/2026 00:00:00
|10019614|8998009010910|TRF|03/06/2019 00:00:00|TRF|03/03/2026 00:00:00
|10019615|8998009010927|TRF|03/06/2019 00:00:00|TRF|03/03/2026 00:00:00
|10019725|4902430026888|TRF|03/06/2019 00:00:00|TRF|03/03/2026 00:00:00
|10019725|4902430058162|TRF|03/06/2019 00:00:00|TRF|03/03/2026 00:00:00
|10019725|4902430104999|TRF|03/06/2019 00:00:00|TRF|03/03/2026 00:00:00
|10019725|4902430105019|TRF|03/06/2019 00:00:00|TRF|03/03/2026 00:00:00
|10019725|4902430200899|TRF|03/06/2019 00:00:00|TRF|03/03/2026 00:00:00
|10019725|4902430250160|TRF|03/06/2019 00:00:00|TRF|03/03/2026 00:00:00
|10019725|4902430428316|TRF|03/06/2019 00:00:00|TRF|03/03/2026 00:00:00
|10019725|4902430442022|TRF|03/06/2019 00:00:00|TRF|03/03/2026 00:00:00
|10019884|8993110010743|TRF|03/06/2019 00:00:00|TRF|03/03/2026 00:00:00
|10019963|040136|TRF|28/02/2025 00:00:00|TRF|03/03/2026 00:00:00
|10020147|9415007009818|TRF|03/06/2019 00:00:00|TRF|03/03/2026 00:00:00
|10020193|8992802140119|TRF|03/06/2019 00:00:00|TRF|03/03/2026 00:00:00
|10020195|4987176000552|TRF|26/01/2025 00:00:00|TRF|03/03/2026 00:00:00
|10020536|8993110051029|TRF|10/11/2025 00:00:00|TRF|03/03/2026 00:00:00
|10020713|8998288100043|TRF|16/10/2023 00:00:00|TRF|03/03/2026 00:00:00
|10020784|8990121011073|TRF|03/06/2019 00:00:00|TRF|03/03/2026 00:00:00
|10020940|8999269460019|TRF|03/06/2019 00:00:00|TRF|03/03/2026 00:00:00
|10020995|8998288100081|TRF|17/11/2025 00:00:00|TRF|03/03/2026 00:00:00
|10021003|8998288410005|TRF|16/10/2023 00:00:00|TRF|03/03/2026 00:00:00
|10021008|8995177102058|TRF|23/03/2022 00:00:00|TRF|03/03/2026 00:00:00
|10021010|8995177101112|TRF|03/06/2019 00:00:00|TRF|03/03/2026 00:00:00
|10021949|0089686542530|TRF|03/06/2019 00:00:00|TRF|03/03/2026 00:00:00
|10022100|8991389223215|TRF|23/02/2025 00:00:00|TRF|03/03/2026 00:00:00
|10022101|8991389223208|TRF|23/02/2025 00:00:00|TRF|03/03/2026 00:00:00
|10022101|8991389223284|TRF|03/03/2026 00:00:00||
|10022118|8992717781025|TRF|03/06/2019 00:00:00|TRF|03/03/2026 00:00:00
|10022197|0089686535259|TRF|03/06/2019 00:00:00|TRF|03/03/2026 00:00:00
|10022197|155168|TRF|03/06/2019 00:00:00|TRF|03/03/2026 00:00:00
|10022333|155362|TRF|23/02/2025 00:00:00|TRF|03/03/2026 00:00:00
|10022333|4970129724452|TRF|23/02/2025 00:00:00|TRF|03/03/2026 00:00:00
|10022534|7118441101378|TRF|03/06/2019 00:00:00|TRF|03/03/2026 00:00:00
|10022742|8886007811113|TRF|03/06/2019 00:00:00|TRF|03/03/2026 00:00:00
|10023002|8992779159909|TRF|03/06/2019 00:00:00|TRF|03/03/2026 00:00:00
|10023003|8992779160905|TRF|08/07/2019 00:00:00|TRF|03/03/2026 00:00:00
|10023206|8998667300347|TRF|20/01/2024 00:00:00|TRF|03/03/2026 00:00:00
|10023214|9556564802709|TRF|03/06/2019 00:00:00|TRF|03/03/2026 00:00:00
|10023618|8992933216110|TRF|03/06/2019 00:00:00|TRF|03/03/2026 00:00:00
|10023779|8992696407725|TRF|03/06/2019 00:00:00|TRF|03/03/2026 00:00:00
|10023780|8992696410312|TRF|03/06/2019 00:00:00|TRF|03/03/2026 00:00:00
|10023789|8998866200301|TRF|03/06/2019 00:00:00|TRF|03/03/2026 00:00:00
|10023790|8998866200318|TRF|03/06/2019 00:00:00|TRF|03/03/2026 00:00:00
|10023791|8998866200332|TRF|03/06/2019 00:00:00|TRF|03/03/2026 00:00:00
|10023791|8999886620032|TRF|03/06/2019 00:00:00|TRF|03/03/2026 00:00:00
|10023792|8998866200325|TRF|03/06/2019 00:00:00|TRF|03/03/2026 00:00:00
|10023833|8991001502254|TRF|15/08/2021 00:00:00|TRF|03/03/2026 00:00:00
|10024188|8993110000171|TRF|03/06/2019 00:00:00|TRF|03/03/2026 00:00:00
|10024189|8993110000188|TRF|03/06/2019 00:00:00|TRF|03/03/2026 00:00:00
|10024229|8993417162138|TRF|03/06/2019 00:00:00|TRF|03/03/2026 00:00:00
|10024523|8993989311699|TRF|03/06/2019 00:00:00|TRF|03/03/2026 00:00:00
|10024555|4005401190455|TRF|03/06/2019 00:00:00|TRF|03/03/2026 00:00:00
|10024555|8997214294986|TRF|03/06/2019 00:00:00|TRF|03/03/2026 00:00:00
|10025006|8992696409910|TRF|03/06/2019 00:00:00|TRF|03/03/2026 00:00:00
|10025006|8992696417656|TRF|03/06/2019 00:00:00|TRF|03/03/2026 00:00:00
|10025006|8992696428263|TRF|03/06/2019 00:00:00|TRF|03/03/2026 00:00:00
|10025325|0089686700015|TRF|15/03/2022 00:00:00|TRF|03/03/2026 00:00:00
|10025326|0089686700114|TRF|25/02/2021 00:00:00|TRF|03/03/2026 00:00:00
|10025373|8992802618731|TRF|03/06/2019 00:00:00|TRF|03/03/2026 00:00:00
|10025410|8999999707774|TRF|03/06/2019 00:00:00|TRF|03/03/2026 00:00:00
|10025411|8999999707781|TRF|03/06/2019 00:00:00|TRF|03/03/2026 00:00:00
|10025449|8992933241112|TRF|03/06/2019 00:00:00|TRF|03/03/2026 00:00:00
|10025484|8992946512285|TRF|03/06/2019 00:00:00|TRF|03/03/2026 00:00:00
|10025645|8886022950538|TRF|03/06/2019 00:00:00|TRF|03/03/2026 00:00:00
|10025646|8886030653919|TRF|25/02/2025 00:00:00|TRF|03/03/2026 00:00:00
|10025846|8990057406202|TRF|03/06/2019 00:00:00|TRF|03/03/2026 00:00:00
|10025848|8990057406301|TRF|03/06/2019 00:00:00|TRF|03/03/2026 00:00:00
|10025849|8990057806309|TRF|03/06/2019 00:00:00|TRF|03/03/2026 00:00:00
|10026038|8999099033117|TRF|03/06/2019 00:00:00|TRF|03/03/2026 00:00:00
|10026038|8999099920981|TRF|03/06/2019 00:00:00|TRF|03/03/2026 00:00:00
|10026500|8995077600227|TRF|03/06/2019 00:00:00|TRF|03/03/2026 00:00:00
|10026501|0011747233149|TRF|03/06/2019 00:00:00|TRF|03/03/2026 00:00:00
|10026501|8995077600166|TRF|03/06/2019 00:00:00|TRF|03/03/2026 00:00:00
|10026612|8999999706661|TRF|03/06/2019 00:00:00|TRF|03/03/2026 00:00:00
|10026626|160278|TRF|03/06/2019 00:00:00|TRF|03/03/2026 00:00:00
|10026626|8992832601161|TRF|03/06/2019 00:00:00|TRF|03/03/2026 00:00:00
|10026930|9556006060001|TRF|20/08/2021 00:00:00|TRF|03/03/2026 00:00:00
|10027090|4800318407739|TRF|03/06/2019 00:00:00|TRF|03/03/2026 00:00:00
|10027090|9310042267806|TRF|03/06/2019 00:00:00|TRF|03/03/2026 00:00:00
|10027167|8999999005580|TRF|03/06/2019 00:00:00|TRF|03/03/2026 00:00:00
|10027329|8992745120186|TRF|03/06/2019 00:00:00|TRF|03/03/2026 00:00:00
|10027389|0089686380262|TRF|14/06/2022 00:00:00|TRF|03/03/2026 00:00:00
|10027529|8998888710543|TRF|26/06/2025 00:00:00|TRF|03/03/2026 00:00:00
|10027546|010225|TRF|03/06/2019 00:00:00|TRF|03/03/2026 00:00:00
|10027672|8992775311325|TRF|03/06/2019 00:00:00|TRF|03/03/2026 00:00:00
|10027768|8888900600115|TRF|03/06/2019 00:00:00|TRF|03/03/2026 00:00:00
|10027774|8990114000169|TRF|16/09/2025 00:00:00|TRF|03/03/2026 00:00:00
|10027774|8998009710063|TRF|03/06/2019 00:00:00|TRF|03/03/2026 00:00:00
|10027952|8888900610114|TRF|13/08/2024 00:00:00|TRF|03/03/2026 00:00:00
|10028140|8991102023177|TRF|03/06/2019 00:00:00|TRF|03/03/2026 00:00:00
|10028190|8801056154011|TRF|08/07/2025 00:00:00|TRF|03/03/2026 00:00:00
|10028390|8991115040093|TRF|03/06/2019 00:00:00|TRF|03/03/2026 00:00:00
|10028410|8995102702124|TRF|23/02/2025 00:00:00|TRF|03/03/2026 00:00:00
|10028410|8998008165130|TRF|23/02/2025 00:00:00|TRF|03/03/2026 00:00:00
|10028422|8992779272301|TRF|23/02/2025 00:00:00|TRF|03/03/2026 00:00:00
|10028501|4800136111016|TRF|03/06/2019 00:00:00|TRF|03/03/2026 00:00:00
|10028501|8993113232067|TRF|03/06/2019 00:00:00|TRF|03/03/2026 00:00:00
|10028501|8993237343014|TRF|26/02/2020 00:00:00|TRF|03/03/2026 00:00:00
|10028574|002474|TRF|03/06/2019 00:00:00|TRF|03/03/2026 00:00:00
|10028574|8995757902498|TRF|03/06/2019 00:00:00|TRF|03/03/2026 00:00:00
|10028574|8995757902658|TRF|03/06/2019 00:00:00|TRF|03/03/2026 00:00:00
|10028574|8997019300134|TRF|03/06/2019 00:00:00|TRF|03/03/2026 00:00:00
|10028574|8997019300554|TRF|03/06/2019 00:00:00|TRF|03/03/2026 00:00:00
|10028574|8997019380686|TRF|17/12/2024 00:00:00|TRF|03/03/2026 00:00:00
|10028608|8998103004495|TRF|20/08/2021 00:00:00|TRF|03/03/2026 00:00:00
|10028739|8992796011136|TRF|03/06/2019 00:00:00|TRF|03/03/2026 00:00:00
|10028740|8992796011341|TRF|03/06/2019 00:00:00|TRF|03/03/2026 00:00:00
|10028800|8999908071408|TRF|20/01/2024 00:00:00|TRF|03/03/2026 00:00:00
|10029536|035014|TRF|12/07/2023 00:00:00|TRF|03/03/2026 00:00:00
|10029536|150223|TRF|12/07/2023 00:00:00|TRF|03/03/2026 00:00:00
|10029542|154973|TRF|12/07/2023 00:00:00|TRF|03/03/2026 00:00:00
|10029545|158897|TRF|12/07/2023 00:00:00|TRF|03/03/2026 00:00:00
|10029632|8992745325406|TRF|03/06/2019 00:00:00|TRF|03/03/2026 00:00:00
|10029632|8992745327134|TRF|03/06/2019 00:00:00|TRF|03/03/2026 00:00:00
|10029724|8992775204009|TRF|03/06/2019 00:00:00|TRF|03/03/2026 00:00:00
|10029829|8992856891654|TRF|06/01/2020 00:00:00|TRF|03/03/2026 00:00:00
|10029898|8992821100163|TRF|03/06/2019 00:00:00|TRF|03/03/2026 00:00:00
|10030051|8993110000430|TRF|03/06/2019 00:00:00|TRF|03/03/2026 00:00:00
|10030199|8990800004563|TRF|17/07/2023 00:00:00|TRF|03/03/2026 00:00:00
|10030201|8990800006727|TRF|03/06/2019 00:00:00|TRF|03/03/2026 00:00:00
|10030571|006353|TRF|28/02/2025 00:00:00|TRF|03/03/2026 00:00:00
|10030665|8992741995726|TRF|03/06/2019 00:00:00|TRF|03/03/2026 00:00:00
|10030733|8999909028999|TRF|03/06/2019 00:00:00|TRF|03/03/2026 00:00:00
|10030787|8993478101077|TRF|20/01/2024 00:00:00|TRF|03/03/2026 00:00:00
|10030819|4987188567227|TRF|03/06/2019 00:00:00|TRF|03/03/2026 00:00:00
|10030819|8992870712096|TRF|20/06/2022 00:00:00|TRF|03/03/2026 00:00:00
|10030867|8992858666106|TRF|20/01/2024 00:00:00|TRF|03/03/2026 00:00:00
|10030867|8992858667202|TRF|20/01/2024 00:00:00|TRF|03/03/2026 00:00:00
|10030924|8998866602082|TRF|08/06/2020 00:00:00|TRF|03/03/2026 00:00:00
|10030924|8998866614658|TRF|08/06/2020 00:00:00|TRF|03/03/2026 00:00:00
|10030925|8993110000447|TRF|03/06/2019 00:00:00|TRF|03/03/2026 00:00:00
|10031156|8999225783152|TRF|03/06/2019 00:00:00|TRF|03/03/2026 00:00:00
|10031256|0089686536256|TRF|03/06/2019 00:00:00|TRF|03/03/2026 00:00:00
|10031438|8992736111032|TRF|03/06/2019 00:00:00|TRF|03/03/2026 00:00:00
|10031438|8992736111070|TRF|03/06/2019 00:00:00|TRF|03/03/2026 00:00:00
|10031470|8999908054005|TRF|20/08/2021 00:00:00|TRF|03/03/2026 00:00:00
|10031572|8993007001465|TRF|03/06/2019 00:00:00|TRF|03/03/2026 00:00:00
|10031595|8996001301142|TRF|03/06/2019 00:00:00|TRF|03/03/2026 00:00:00
|10031694|165596|TRF|12/07/2023 00:00:00|TRF|03/03/2026 00:00:00
|10031825|8991991161332|TRF|03/06/2019 00:00:00|TRF|03/03/2026 00:00:00
|10031961|8993189270291|TRF|03/06/2019 00:00:00|TRF|03/03/2026 00:00:00
|10031962|8993189270338|TRF|03/06/2019 00:00:00|TRF|03/03/2026 00:00:00
|10032002|8998667500471|TRF|26/01/2023 00:00:00|TRF|03/03/2026 00:00:00
|10032077|8888166339149|TRF|27/09/2019 00:00:00|TRF|03/03/2026 00:00:00
|10032089|8992907952037|TRF|03/06/2019 00:00:00|TRF|03/03/2026 00:00:00
|10032229|8998288016634|TRF|03/06/2019 00:00:00|TRF|03/03/2026 00:00:00
|10032310|84100319905|TRF|03/06/2019 00:00:00|TRF|03/03/2026 00:00:00
|10032310|8935001723769|TRF|23/10/2020 00:00:00|TRF|03/03/2026 00:00:00
|10032483|8991102023115|TRF|03/06/2019 00:00:00|TRF|03/03/2026 00:00:00
|10032795|0089686834055|TRF|09/01/2024 00:00:00|TRF|03/03/2026 00:00:00
|10032795|0089686834260|TRF|09/01/2024 00:00:00|TRF|03/03/2026 00:00:00
|10032795|166744|TRF|09/01/2024 00:00:00|TRF|03/03/2026 00:00:00
|10032797|0089686834109|TRF|13/11/2025 00:00:00|TRF|03/03/2026 00:00:00
|10032797|0089686834291|TRF|13/11/2025 00:00:00|TRF|03/03/2026 00:00:00
|10032895|18993189365598|TRF|03/06/2019 00:00:00|TRF|03/03/2026 00:00:00
|10032895|8993189270420|TRF|03/06/2019 00:00:00|TRF|03/03/2026 00:00:00
|10033006|8992802220019|TRF|03/06/2019 00:00:00|TRF|03/03/2026 00:00:00
|10033009|8992802220040|TRF|03/06/2019 00:00:00|TRF|03/03/2026 00:00:00
|10033018|8996001302118|TRF|03/06/2019 00:00:00|TRF|03/03/2026 00:00:00
|10033024|8998898823905|TRF|03/06/2019 00:00:00|TRF|03/03/2026 00:00:00
|10033236|8992694247255|TRF|20/08/2021 00:00:00|TRF|03/03/2026 00:00:00
|10033236|8999999597467|TRF|07/12/2023 00:00:00|TRF|03/03/2026 00:00:00
|10033424|8888166991484|TRF|03/06/2019 00:00:00|TRF|03/03/2026 00:00:00
|10033560|0089686542233|TRF|15/03/2022 00:00:00|TRF|03/03/2026 00:00:00
|10033567|0738989886017|TRF|03/06/2019 00:00:00|TRF|03/03/2026 00:00:00
|10033567|8997206580479|TRF|03/06/2019 00:00:00|TRF|03/03/2026 00:00:00
|10033567|8997225200235|TRF|03/06/2019 00:00:00|TRF|03/03/2026 00:00:00
|10033569|8886451002853|TRF|03/06/2019 00:00:00|TRF|03/03/2026 00:00:00
|10033572|8710428019684|TRF|03/06/2019 00:00:00|TRF|03/03/2026 00:00:00
|10033572|8886451002860|TRF|03/06/2019 00:00:00|TRF|03/03/2026 00:00:00
|10033661|167627|TRF|12/07/2023 00:00:00|TRF|03/03/2026 00:00:00
|10033930|8998103004600|TRF|20/08/2021 00:00:00|TRF|03/03/2026 00:00:00
|10034123|8992870310100|TRF|03/06/2019 00:00:00|TRF|03/03/2026 00:00:00
|10034179|8998899001579|TRF|16/03/2024 00:00:00|TRF|03/03/2026 00:00:00
|10034652|8992779073304|TRF|16/03/2024 00:00:00|TRF|03/03/2026 00:00:00
|10034732|8992745120650|TRF|03/06/2019 00:00:00|TRF|03/03/2026 00:00:00
|10034732|8992745140580|TRF|03/06/2019 00:00:00|TRF|03/03/2026 00:00:00
|10034745|8886007811502|TRF|14/12/2022 00:00:00|TRF|03/03/2026 00:00:00
|10034797|8992753182008|TRF|09/06/2025 00:00:00|TRF|03/03/2026 00:00:00
|10034798|8992753184002|TRF|09/06/2025 00:00:00|TRF|03/03/2026 00:00:00
|10034899|8992952924461|TRF|03/06/2019 00:00:00|TRF|03/03/2026 00:00:00
|10034901|8992952924645|TRF|03/06/2019 00:00:00|TRF|03/03/2026 00:00:00
|10035016|035369|TRF|29/09/2022 00:00:00|TRF|03/03/2026 00:00:00
|10035016|1125669811459|TRF|03/06/2019 00:00:00|TRF|03/03/2026 00:00:00
|10035016|168986|TRF|03/06/2019 00:00:00|TRF|03/03/2026 00:00:00
|10035016|1708030000784|TRF|03/06/2019 00:00:00|TRF|03/03/2026 00:00:00
|10035016|77060049|TRF|03/06/2019 00:00:00|TRF|03/03/2026 00:00:00
|10035016|77060064|TRF|03/06/2019 00:00:00|TRF|03/03/2026 00:00:00
|10035016|77060118|TRF|03/06/2019 00:00:00|TRF|03/03/2026 00:00:00
|10035165|8992760221028|TRF|03/06/2019 00:00:00|TRF|03/03/2026 00:00:00
|10035178|8992857100120|TRF|23/02/2025 00:00:00|TRF|03/03/2026 00:00:00
|10035319|95506319|TRF|03/06/2019 00:00:00|TRF|03/03/2026 00:00:00
|10035320|95506302|TRF|03/06/2019 00:00:00|TRF|03/03/2026 00:00:00
|10035326|8999908056207|TRF|03/06/2019 00:00:00|TRF|03/03/2026 00:00:00
|10035326|8999908205506|TRF|03/06/2019 00:00:00|TRF|03/03/2026 00:00:00
|10035551|95506296|TRF|03/06/2019 00:00:00|TRF|03/03/2026 00:00:00
|10035852|8993118731022|TRF|03/06/2019 00:00:00|TRF|03/03/2026 00:00:00
|10035858|8992856892507|TRF|03/03/2026 00:00:00||
|10035858|8992856901315|TRF|30/07/2019 00:00:00|TRF|03/03/2026 00:00:00
|10035865|4800361324861|TRF|03/06/2019 00:00:00|TRF|03/03/2026 00:00:00
|10035865|4800361347815|TRF|03/06/2019 00:00:00|TRF|03/03/2026 00:00:00
|10035871|4800361324885|TRF|03/06/2019 00:00:00|TRF|03/03/2026 00:00:00
|10035871|4800361347631|TRF|03/06/2019 00:00:00|TRF|03/03/2026 00:00:00
|10035898|8992770034175|TRF|03/06/2019 00:00:00|TRF|03/03/2026 00:00:00
|10035899|8992770034182|TRF|06/01/2020 00:00:00|TRF|03/03/2026 00:00:00
|10035900|8992770084064|TRF|03/06/2019 00:00:00|TRF|03/03/2026 00:00:00
|10036092|8992727002387|TRF|23/02/2025 00:00:00|TRF|03/03/2026 00:00:00
|10036356|8992832601611|TRF|03/06/2019 00:00:00|TRF|03/03/2026 00:00:00
|10036356|8992832601628|TRF|03/06/2019 00:00:00|TRF|03/03/2026 00:00:00
|10036357|8992832601666|TRF|03/06/2019 00:00:00|TRF|03/03/2026 00:00:00
|10036359|8992832601635|TRF|28/10/2022 00:00:00|TRF|03/03/2026 00:00:00
|10036553|8992804113401|TRF|03/06/2019 00:00:00|TRF|03/03/2026 00:00:00
|10036559|9556041601221|TRF|15/10/2020 00:00:00|TRF|03/03/2026 00:00:00
|10036561|8992987001014|TRF|03/06/2019 00:00:00|TRF|03/03/2026 00:00:00
|10036562|8888327121019|TRF|03/06/2019 00:00:00|TRF|03/03/2026 00:00:00
|10036563|8888327121026|TRF|03/06/2019 00:00:00|TRF|03/03/2026 00:00:00
|10036569|0711844330009|TRF|25/02/2025 00:00:00|TRF|03/03/2026 00:00:00
|10036570|0711844330108|TRF|03/06/2019 00:00:00|TRF|03/03/2026 00:00:00
|10036611|8998888110312|TRF|23/02/2025 00:00:00|TRF|03/03/2026 00:00:00
|10036617|8998888110619|TRF|23/02/2025 00:00:00|TRF|03/03/2026 00:00:00
|10036619|8998888110817|TRF|12/02/2024 00:00:00|TRF|03/03/2026 00:00:00
|10036621|0711844150065|TRF|17/11/2025 00:00:00|TRF|03/03/2026 00:00:00
|10036621|711844150065|TRF|17/11/2025 00:00:00|TRF|03/03/2026 00:00:00
|10036625|0711844154568|TRF|13/11/2025 00:00:00|TRF|03/03/2026 00:00:00
|10036625|711844154568|TRF|13/11/2025 00:00:00|TRF|03/03/2026 00:00:00
|10036631|014371|TRF|03/06/2019 00:00:00|TRF|03/03/2026 00:00:00
|10036640|8998009040023|TRF|03/06/2019 00:00:00|TRF|03/03/2026 00:00:00
|10036646|8998009010637|TRF|03/06/2019 00:00:00|TRF|03/03/2026 00:00:00
|10036647|8998009010620|TRF|03/06/2019 00:00:00|TRF|03/03/2026 00:00:00
|10036665|8992696402386|TRF|03/06/2019 00:00:00|TRF|03/03/2026 00:00:00
|10036665|8992696417052|TRF|03/06/2019 00:00:00|TRF|03/03/2026 00:00:00
|10036665|8992696426481|TRF|03/06/2019 00:00:00|TRF|03/03/2026 00:00:00
|10036665|8992696429970|TRF|03/06/2019 00:00:00|TRF|03/03/2026 00:00:00
|10036685|80051671|TRF|03/06/2019 00:00:00|TRF|03/03/2026 00:00:00
|10036685|9300698000643|TRF|03/06/2019 00:00:00|TRF|03/03/2026 00:00:00
|10036688|8991001301031|TRF|03/06/2019 00:00:00|TRF|03/03/2026 00:00:00
|10036703|0089686420333|TRF|23/02/2025 00:00:00|TRF|03/03/2026 00:00:00
|10036708|0711844120082|TRF|03/06/2019 00:00:00|TRF|03/03/2026 00:00:00
|10036773|8992984810114|TRF|03/06/2019 00:00:00|TRF|03/03/2026 00:00:00
|10036774|8992984810213|TRF|15/09/2025 00:00:00|TRF|03/03/2026 00:00:00
|10036780|0089686440133|TRF|03/06/2019 00:00:00|TRF|03/03/2026 00:00:00
|10036806|8992717880186|TRF|11/10/2021 00:00:00|TRF|03/03/2026 00:00:00
|10036815|8991689168032|TRF|30/11/2020 00:00:00|TRF|03/03/2026 00:00:00
|10036815|8997220180150|TRF|30/11/2020 00:00:00|TRF|03/03/2026 00:00:00
|10036817|8991689168001|TRF|30/11/2020 00:00:00|TRF|03/03/2026 00:00:00
|10036817|8997220180099|TRF|30/11/2020 00:00:00|TRF|03/03/2026 00:00:00
|10036819|8991689168018|TRF|30/11/2020 00:00:00|TRF|03/03/2026 00:00:00
|10036819|8997220180112|TRF|30/11/2020 00:00:00|TRF|03/03/2026 00:00:00
|10036821|8991689168025|TRF|30/11/2020 00:00:00|TRF|03/03/2026 00:00:00
|10036821|8997220180136|TRF|30/11/2020 00:00:00|TRF|03/03/2026 00:00:00
|10036827|8992984821318|TRF|11/10/2021 00:00:00|TRF|03/03/2026 00:00:00
|10036842|8992993260351|TRF|23/02/2025 00:00:00|TRF|03/03/2026 00:00:00
|10036860|4800361002851|TRF|03/06/2019 00:00:00|TRF|03/03/2026 00:00:00
|10036887|8886015402037|TRF|03/06/2019 00:00:00|TRF|03/03/2026 00:00:00
|10036899|8993039115505|TRF|19/02/2026 00:00:00|TRF|03/03/2026 00:00:00
|10036916|8851019210124|TRF|03/06/2019 00:00:00|TRF|03/03/2026 00:00:00
|10036916|8990044000017|TRF|24/11/2022 00:00:00|TRF|03/03/2026 00:00:00
|10036921|8888166603400|TRF|03/06/2019 00:00:00|TRF|03/03/2026 00:00:00
|10036928|8888166990050|TRF|17/11/2025 00:00:00|TRF|03/03/2026 00:00:00
|10036931|8888166991125|TRF|03/06/2019 00:00:00|TRF|03/03/2026 00:00:00
|10036934|8886001026056|TRF|03/06/2019 00:00:00|TRF|03/03/2026 00:00:00
|10036938|8888166603240|TRF|03/06/2019 00:00:00|TRF|03/03/2026 00:00:00
|10036942|8888166842649|TRF|03/03/2026 00:00:00||
|10036942|8888166989832|TRF|03/06/2019 00:00:00|TRF|03/03/2026 00:00:00
|10036942|8994504602124  |TRF|03/03/2026 00:00:00||
|10036957|8993027121600|TRF|03/06/2019 00:00:00|TRF|03/03/2026 00:00:00
|10036981|9556001027252|TRF|03/06/2019 00:00:00|TRF|03/03/2026 00:00:00
|10036981|9556001670700|TRF|03/06/2019 00:00:00|TRF|03/03/2026 00:00:00
|10036982|95502489|TRF|03/06/2019 00:00:00|TRF|03/03/2026 00:00:00
|10036982|95506500|TRF|03/06/2019 00:00:00|TRF|03/03/2026 00:00:00
|10036987|8991001121615|TRF|03/06/2019 00:00:00|TRF|03/03/2026 00:00:00
|10036998|8990800100012|TRF|03/06/2019 00:00:00|TRF|03/03/2026 00:00:00
|10037013|8991002304017|TRF|03/06/2019 00:00:00|TRF|03/03/2026 00:00:00
|10037140|6991711120115|TRF|03/06/2019 00:00:00|TRF|03/03/2026 00:00:00
|10037140|8995151120115|TRF|03/06/2019 00:00:00|TRF|03/03/2026 00:00:00
|10037208|8999999707842|TRF|03/06/2019 00:00:00|TRF|03/03/2026 00:00:00
|10037275|8886020001133|TRF|03/06/2019 00:00:00|TRF|03/03/2026 00:00:00
|10037280|8886020033431|TRF|03/06/2019 00:00:00|TRF|03/03/2026 00:00:00
|10037354|8999002310564|TRF|28/10/2024 00:00:00|TRF|03/03/2026 00:00:00
|10037354|8999002694862|TRF|28/10/2024 00:00:00|TRF|03/03/2026 00:00:00
|10037355|8999002311462|TRF|03/06/2019 00:00:00|TRF|03/03/2026 00:00:00
|10037358|8887549019692|TRF|03/06/2019 00:00:00|TRF|03/03/2026 00:00:00
|10037360|4984824089020|TRF|28/08/2023 00:00:00|TRF|03/03/2026 00:00:00
|10037360|8887549350429|TRF|28/08/2023 00:00:00|TRF|03/03/2026 00:00:00
|10037376|8999809400017|TRF|03/06/2019 00:00:00|TRF|03/03/2026 00:00:00
|10037392|8993113011051|TRF|20/01/2024 00:00:00|TRF|03/03/2026 00:00:00
|10037405|8993176110081|TRF|03/06/2019 00:00:00|TRF|03/03/2026 00:00:00
|10037415|0010608000098|TRF|20/01/2024 00:00:00|TRF|03/03/2026 00:00:00
|10037415|01060898|TRF|20/01/2024 00:00:00|TRF|03/03/2026 00:00:00
|10037415|8997013148688|TRF|20/01/2024 00:00:00|TRF|03/03/2026 00:00:00
|10037437|8999988888828|TRF|03/06/2019 00:00:00|TRF|03/03/2026 00:00:00
|10037632|8999999271428|TRF|03/06/2019 00:00:00|TRF|03/03/2026 00:00:00
|10037632|8999999294038|TRF|03/06/2019 00:00:00|TRF|03/03/2026 00:00:00
|10037636|8990114000312|TRF|22/10/2025 00:00:00|TRF|03/03/2026 00:00:00
|10037636|8998009720123|TRF|03/06/2019 00:00:00|TRF|03/03/2026 00:00:00
|10037640|8999999271435|TRF|03/06/2019 00:00:00|TRF|03/03/2026 00:00:00
|10037640|8999999294021|TRF|03/06/2019 00:00:00|TRF|03/03/2026 00:00:00
|10037671|0749921001016|TRF|03/06/2019 00:00:00|TRF|03/03/2026 00:00:00
|10037727|0089686535242|TRF|15/03/2022 00:00:00|TRF|03/03/2026 00:00:00
|10037807|014368|TRF|03/06/2019 00:00:00|TRF|03/03/2026 00:00:00
|10038023|012317|TRF|28/02/2025 00:00:00|TRF|03/03/2026 00:00:00
|10038053|010358|TRF|12/02/2021 00:00:00|TRF|03/03/2026 00:00:00
|10038054|012078|TRF|01/07/2021 00:00:00|TRF|03/03/2026 00:00:00
|10038064|008233|TRF|29/12/2020 00:00:00|TRF|03/03/2026 00:00:00
|10038069|010343|TRF|25/08/2020 00:00:00|TRF|03/03/2026 00:00:00
|10038082|012290|TRF|17/03/2025 00:00:00|TRF|03/03/2026 00:00:00
|10038082|4935850351001|TRF|17/03/2025 00:00:00|TRF|03/03/2026 00:00:00
|10038107|8992797260106|TRF|03/06/2019 00:00:00|TRF|03/03/2026 00:00:00
|10038111|8992769203001|TRF|03/06/2019 00:00:00|TRF|03/03/2026 00:00:00
|10038137|8992994110112|TRF|03/06/2019 00:00:00|TRF|03/03/2026 00:00:00
|10038354|8993138110029|TRF|17/11/2025 00:00:00|TRF|03/03/2026 00:00:00
|10038388|8991111101316|TRF|20/08/2021 00:00:00|TRF|03/03/2026 00:00:00
|10038449|253166|TRF|03/06/2019 00:00:00|TRF|03/03/2026 00:00:00
|10038449|4970129726517|TRF|03/06/2019 00:00:00|TRF|03/03/2026 00:00:00
|10038450|253168|TRF|03/06/2019 00:00:00|TRF|03/03/2026 00:00:00
|10038450|4970129727514|TRF|03/06/2019 00:00:00|TRF|03/03/2026 00:00:00
|10038628|4711036008569|TRF|03/06/2019 00:00:00|TRF|03/03/2026 00:00:00
|10038628|8997025915124|TRF|29/12/2020 00:00:00|TRF|03/03/2026 00:00:00
|10038692|8992931025011|TRF|03/06/2019 00:00:00|TRF|03/03/2026 00:00:00
|10038704|8888077102023|TRF|03/06/2019 00:00:00|TRF|03/03/2026 00:00:00
|10038704|8994504102310|TRF|03/06/2019 00:00:00|TRF|03/03/2026 00:00:00
|10038814|001167|TRF|23/02/2025 00:00:00|TRF|03/03/2026 00:00:00
|10038814|8998838080023|TRF|23/02/2025 00:00:00|TRF|03/03/2026 00:00:00
|10038823|8993212111010|TRF|02/02/2024 00:00:00|TRF|03/03/2026 00:00:00
|10038823|8993212111102|TRF|02/02/2024 00:00:00|TRF|03/03/2026 00:00:00
|10038880|8991001111296|TRF|03/06/2019 00:00:00|TRF|03/03/2026 00:00:00
|10038881|8992946121005|TRF|02/02/2022 00:00:00|TRF|03/03/2026 00:00:00
|10038932|8991002105485|TRF|03/06/2019 00:00:00|TRF|03/03/2026 00:00:00
|10038967|8992759612530|TRF|25/02/2025 00:00:00|TRF|03/03/2026 00:00:00
|10039897|8997009510017|TRF|03/06/2019 00:00:00|TRF|03/03/2026 00:00:00
|10039944|8994096210349|TRF|03/06/2019 00:00:00|TRF|03/03/2026 00:00:00
|10039945|8994096210325|TRF|03/06/2019 00:00:00|TRF|03/03/2026 00:00:00
|10039946|8994096210318|TRF|03/06/2019 00:00:00|TRF|03/03/2026 00:00:00
|10040122|4987188567210|TRF|17/03/2021 00:00:00|TRF|03/03/2026 00:00:00
|10040122|8992870712102|TRF|16/03/2022 00:00:00|TRF|03/03/2026 00:00:00
|10040150|0089686385564|TRF|14/06/2022 00:00:00|TRF|03/03/2026 00:00:00
|10040157|0089686385618|TRF|14/06/2022 00:00:00|TRF|03/03/2026 00:00:00
|10040188|8993560024178|TRF|03/06/2019 00:00:00|TRF|03/03/2026 00:00:00
|10040188|8993560025007|TRF|03/06/2019 00:00:00|TRF|03/03/2026 00:00:00
|10040192|9415007018469|TRF|03/06/2019 00:00:00|TRF|03/03/2026 00:00:00
|10040202|8992772315128|TRF|03/06/2019 00:00:00|TRF|03/03/2026 00:00:00
|10040350|8993417372230|TRF|20/08/2021 00:00:00|TRF|03/03/2026 00:00:00
|10040447|8992946519338|TRF|03/06/2019 00:00:00|TRF|03/03/2026 00:00:00
|20000071|8991038737995|TRF|03/06/2019 00:00:00|TRF|03/03/2026 00:00:00
|20000411|8994096210523|TRF|16/09/2025 00:00:00|TRF|03/03/2026 00:00:00
|20000411|8994096216433|TRF|16/09/2025 00:00:00|TRF|03/03/2026 00:00:00
|20000411|8994096216440|TRF|16/09/2025 00:00:00|TRF|03/03/2026 00:00:00
|20000412|8994096210516|TRF|03/06/2019 00:00:00|TRF|03/03/2026 00:00:00
|20000458|014339|TRF|21/09/2023 00:00:00|TRF|03/03/2026 00:00:00
|20000516|0053314502111|TRF|11/06/2024 00:00:00|TRF|03/03/2026 00:00:00
|20000516|010178|TRF|11/06/2024 00:00:00|TRF|03/03/2026 00:00:00
|20000516|0653314502113|TRF|11/06/2024 00:00:00|TRF|03/03/2026 00:00:00
|20000600|8993417400216|TRF|23/02/2025 00:00:00|TRF|03/03/2026 00:00:00
|20000765|8991111111964|TRF|03/06/2019 00:00:00|TRF|03/03/2026 00:00:00
|20000777|8993560026042|TRF|03/06/2019 00:00:00|TRF|03/03/2026 00:00:00
|20000778|8993560026073|TRF|03/06/2019 00:00:00|TRF|03/03/2026 00:00:00
|20000786|9556001025272|TRF|03/06/2019 00:00:00|TRF|03/03/2026 00:00:00
|20000787|9556001047175|TRF|03/06/2019 00:00:00|TRF|03/03/2026 00:00:00
|20000787|9556001055804|TRF|03/06/2019 00:00:00|TRF|03/03/2026 00:00:00
|20000935|010331|TRF|02/11/2020 00:00:00|TRF|03/03/2026 00:00:00
|20000980|8992772195089|TRF|16/03/2024 00:00:00|TRF|03/03/2026 00:00:00
|20001061|8992745540281|TRF|22/04/2021 00:00:00|TRF|03/03/2026 00:00:00
|20001061|8992745540830|TRF|22/04/2021 00:00:00|TRF|03/03/2026 00:00:00
|20001119|8996006811028|TRF|19/01/2026 00:00:00|TRF|03/03/2026 00:00:00
|20001221|8993053131017|TRF|03/06/2019 00:00:00|TRF|03/03/2026 00:00:00
|20001221|8993053131093|TRF|03/06/2019 00:00:00|TRF|03/03/2026 00:00:00
|20001380|95506913|TRF|03/06/2019 00:00:00|TRF|03/03/2026 00:00:00
|20001396|8991001111609|TRF|16/03/2022 00:00:00|TRF|03/03/2026 00:00:00
|20001402|8994096210486|TRF|16/03/2024 00:00:00|TRF|03/03/2026 00:00:00
|20001404|8994096113466|TRF|02/02/2026 00:00:00|TRF|03/03/2026 00:00:00
|20001404|8994096210455|TRF|03/06/2019 00:00:00|TRF|03/03/2026 00:00:00
|20001404|8994096222502|TRF|03/06/2019 00:00:00|TRF|03/03/2026 00:00:00
|20001407|8994096210479|TRF|03/06/2019 00:00:00|TRF|03/03/2026 00:00:00
|20001546|8992745540823|TRF|23/02/2025 00:00:00|TRF|03/03/2026 00:00:00
|20001604|8996001603031|TRF|03/06/2019 00:00:00|TRF|03/03/2026 00:00:00
|20001605|8996001603024|TRF|03/06/2019 00:00:00|TRF|03/03/2026 00:00:00
|20001645|8999999407858|TRF|03/06/2019 00:00:00|TRF|03/03/2026 00:00:00
|20001645|8999999616588|TRF|30/01/2026 00:00:00|TRF|03/03/2026 00:00:00
|20001701|8992802315074|TRF|03/06/2019 00:00:00|TRF|03/03/2026 00:00:00
|20001705|8992802315081|TRF|24/10/2024 00:00:00|TRF|03/03/2026 00:00:00
|20001713|8992779281204|TRF|03/06/2019 00:00:00|TRF|03/03/2026 00:00:00
|20002133|8994096210578|TRF|20/08/2021 00:00:00|TRF|03/03/2026 00:00:00
|20002133|8994096222069|TRF|20/08/2021 00:00:00|TRF|03/03/2026 00:00:00
|20002201|0089686542738|TRF|03/06/2019 00:00:00|TRF|03/03/2026 00:00:00
|20002203|8996006853387|TRF|03/06/2019 00:00:00|TRF|03/03/2026 00:00:00
|20002205|8996006853400|TRF|03/06/2019 00:00:00|TRF|03/03/2026 00:00:00
|20002209|8996006853127|TRF|26/07/2023 00:00:00|TRF|03/03/2026 00:00:00
|20002313|8992753631209|TRF|03/06/2019 00:00:00|TRF|03/03/2026 00:00:00
|20002415|8992826211017|TRF|03/06/2019 00:00:00|TRF|03/03/2026 00:00:00
|20002481|8993110000553|TRF|15/03/2021 00:00:00|TRF|03/03/2026 00:00:00
|20002504|8992772123068|TRF|16/03/2024 00:00:00|TRF|03/03/2026 00:00:00
|20002523|8992821100118|TRF|20/01/2024 00:00:00|TRF|03/03/2026 00:00:00
|20002725|8991002105546|TRF|12/01/2023 00:00:00|TRF|03/03/2026 00:00:00
|20002805|8994093103088|TRF|03/06/2019 00:00:00|TRF|03/03/2026 00:00:00
|20002898|8993564101905|TRF|03/06/2019 00:00:00|TRF|03/03/2026 00:00:00
|20002901|89981788|TRF|02/04/2024 00:00:00|TRF|03/03/2026 00:00:00
|20002944|8999999708955|TRF|03/06/2019 00:00:00|TRF|03/03/2026 00:00:00
|20002944|8999999710866|TRF|03/06/2019 00:00:00|TRF|03/03/2026 00:00:00
|20002987|0053314502210|TRF|03/06/2019 00:00:00|TRF|03/03/2026 00:00:00
|20002988|0053314502227|TRF|03/06/2019 00:00:00|TRF|03/03/2026 00:00:00
|20002989|0053314502234|TRF|03/06/2019 00:00:00|TRF|03/03/2026 00:00:00
|20003007|8999908205704|TRF|03/06/2019 00:00:00|TRF|03/03/2026 00:00:00
|20003395|8850007090267|TRF|20/08/2021 00:00:00|TRF|03/03/2026 00:00:00
|20003405|8992946520587|TRF|03/06/2019 00:00:00|TRF|03/03/2026 00:00:00
|20003567|8992736925134|TRF|03/06/2019 00:00:00|TRF|03/03/2026 00:00:00
|20003568|8992736925158|TRF|11/10/2021 00:00:00|TRF|03/03/2026 00:00:00
|20003591|8992907952136|TRF|03/06/2019 00:00:00|TRF|03/03/2026 00:00:00
|20003593|8992907952143|TRF|03/06/2019 00:00:00|TRF|03/03/2026 00:00:00
|20003698|8996006853431|TRF|20/08/2021 00:00:00|TRF|03/03/2026 00:00:00
|20003786|8992388101023|TRF|03/06/2019 00:00:00|TRF|03/03/2026 00:00:00
|20003902|8998009080500|TRF|03/06/2019 00:00:00|TRF|03/03/2026 00:00:00
|20003910|8888166993150|TRF|03/06/2019 00:00:00|TRF|03/03/2026 00:00:00
|20003910|8888166995000|TRF|03/06/2019 00:00:00|TRF|03/03/2026 00:00:00
|20003915|8994096210776|TRF|03/06/2019 00:00:00|TRF|03/03/2026 00:00:00
|20004027|8994096210745|TRF|03/06/2019 00:00:00|TRF|03/03/2026 00:00:00
|20004027|8994096222526|TRF|03/06/2019 00:00:00|TRF|03/03/2026 00:00:00
|20004032|8994096111349|TRF|29/08/2024 00:00:00|TRF|03/03/2026 00:00:00
|20004032|8994096210424|TRF|03/06/2019 00:00:00|TRF|03/03/2026 00:00:00
|20004032|8994096216396|TRF|03/06/2019 00:00:00|TRF|03/03/2026 00:00:00
|20004229|8993004785160|TRF|03/06/2019 00:00:00|TRF|03/03/2026 00:00:00
|20004249|8994096210875|TRF|03/06/2019 00:00:00|TRF|03/03/2026 00:00:00
|20004250|014365|TRF|03/06/2019 00:00:00|TRF|03/03/2026 00:00:00
|20004283|8999909001909|TRF|03/06/2019 00:00:00|TRF|03/03/2026 00:00:00
|20004385|9556001035592|TRF|03/06/2019 00:00:00|TRF|03/03/2026 00:00:00
|20004385|9556001132376|TRF|03/06/2019 00:00:00|TRF|03/03/2026 00:00:00
|20004386|9556001035653|TRF|03/06/2019 00:00:00|TRF|03/03/2026 00:00:00
|20004386|9556001080356|TRF|03/06/2019 00:00:00|TRF|03/03/2026 00:00:00
|20004386|9556001132178|TRF|03/06/2019 00:00:00|TRF|03/03/2026 00:00:00
|20004767|9556001035257|TRF|03/06/2019 00:00:00|TRF|03/03/2026 00:00:00
|20004767|9556001080264|TRF|03/06/2019 00:00:00|TRF|03/03/2026 00:00:00
|20004767|9556001131867|TRF|03/06/2019 00:00:00|TRF|03/03/2026 00:00:00
|20004868|9556006060537|TRF|23/02/2025 00:00:00|TRF|03/03/2026 00:00:00
|20005008|0711844340008|TRF|03/06/2019 00:00:00|TRF|03/03/2026 00:00:00
|20005058|8992761136109|TRF|10/01/2025 00:00:00|TRF|03/03/2026 00:00:00
|20005529|8992982206001|TRF|03/06/2019 00:00:00|TRF|03/03/2026 00:00:00
|20005532|8993417200021|TRF|23/10/2023 00:00:00|TRF|03/03/2026 00:00:00
|20005584|8992694247262|TRF|20/08/2021 00:00:00|TRF|03/03/2026 00:00:00
|20005584|8999999044206|TRF|20/08/2021 00:00:00|TRF|03/03/2026 00:00:00
|20005584|8999999597450|TRF|07/12/2023 00:00:00|TRF|03/03/2026 00:00:00
|20005712|8992696415058|TRF|03/06/2019 00:00:00|TRF|03/03/2026 00:00:00
|20005835|8992761139018|TRF|31/07/2025 00:00:00|TRF|03/03/2026 00:00:00
|20005835|8992982106004|TRF|31/07/2025 00:00:00|TRF|03/03/2026 00:00:00
|20006422|8992931005099|TRF|03/06/2019 00:00:00|TRF|03/03/2026 00:00:00
|20006531|8992858589115|TRF|20/01/2024 00:00:00|TRF|03/03/2026 00:00:00
|20007302|8999907010704|TRF|03/06/2019 00:00:00|TRF|03/03/2026 00:00:00
|20007302|8999908082800|TRF|03/06/2019 00:00:00|TRF|03/03/2026 00:00:00
|20007307|8992727000055|TRF|03/06/2019 00:00:00|TRF|03/03/2026 00:00:00
|20007397|89981764|TRF|02/04/2024 00:00:00|TRF|03/03/2026 00:00:00
|20007699|8994096210783|TRF|03/06/2019 00:00:00|TRF|03/03/2026 00:00:00
|20007700|8994096210813|TRF|03/06/2019 00:00:00|TRF|03/03/2026 00:00:00
|20007744|0027084183139|TRF|25/08/2025 00:00:00|TRF|03/03/2026 00:00:00
|20007744|0887961742947|TRF|25/08/2025 00:00:00|TRF|03/03/2026 00:00:00
|20007824|8995077600463|TRF|03/06/2019 00:00:00|TRF|03/03/2026 00:00:00
|20007834|0089686910384|TRF|03/06/2019 00:00:00|TRF|03/03/2026 00:00:00
|20007929|0035995307827|TRF|24/08/2020 00:00:00|TRF|03/03/2026 00:00:00
|20007929|035995307827|TRF|20/04/2022 00:00:00|TRF|03/03/2026 00:00:00
|20008081|8710428020345|TRF|03/06/2019 00:00:00|TRF|03/03/2026 00:00:00
|20008081|8886451002907|TRF|03/06/2019 00:00:00|TRF|03/03/2026 00:00:00
|20008252|8999999275433|TRF|03/06/2019 00:00:00|TRF|03/03/2026 00:00:00
|20008252|8999999275440|TRF|03/06/2019 00:00:00|TRF|03/03/2026 00:00:00
|20008420|8991111111971|TRF|03/06/2019 00:00:00|TRF|03/03/2026 00:00:00
|20008706|8993417312229|TRF|12/12/2023 00:00:00|TRF|03/03/2026 00:00:00
|20008719|8998866605946|TRF|28/10/2022 00:00:00|TRF|03/03/2026 00:00:00
|20008720|8998866605953|TRF|08/08/2022 00:00:00|TRF|03/03/2026 00:00:00
|20008748|8992857070126|TRF|28/06/2022 00:00:00|TRF|03/03/2026 00:00:00
|20008767|0896867700326|TRF|03/06/2019 00:00:00|TRF|03/03/2026 00:00:00
|20008767|8886031123312|TRF|03/06/2019 00:00:00|TRF|03/03/2026 00:00:00
|20008785|0896867700494|TRF|03/06/2019 00:00:00|TRF|03/03/2026 00:00:00
|20008785|8886031123336|TRF|03/06/2019 00:00:00|TRF|03/03/2026 00:00:00
|20008798|8991001111647|TRF|03/06/2019 00:00:00|TRF|03/03/2026 00:00:00
|20008842|8994096210929|TRF|03/06/2019 00:00:00|TRF|03/03/2026 00:00:00
|20008842|8994096217911|TRF|03/06/2019 00:00:00|TRF|03/03/2026 00:00:00
|20008842|8994096221994|TRF|03/06/2019 00:00:00|TRF|03/03/2026 00:00:00
|20008843|8994096210936|TRF|03/06/2019 00:00:00|TRF|03/03/2026 00:00:00
|20008843|8994096217898|TRF|03/06/2019 00:00:00|TRF|03/03/2026 00:00:00
|20008843|8994096221987|TRF|03/06/2019 00:00:00|TRF|03/03/2026 00:00:00
|20008887|8888166993013|TRF|03/06/2019 00:00:00|TRF|03/03/2026 00:00:00
|20008947|8888166606166|TRF|03/06/2019 00:00:00|TRF|03/03/2026 00:00:00
|20009186|8994280131511|TRF|03/06/2019 00:00:00|TRF|03/03/2026 00:00:00
|20009186|8994280133362|TRF|03/06/2019 00:00:00|TRF|03/03/2026 00:00:00
|20009266|8992727002561|TRF|03/06/2019 00:00:00|TRF|03/03/2026 00:00:00
|20009268|8998888710505|TRF|26/06/2025 00:00:00|TRF|03/03/2026 00:00:00
|20009269|8998888710567|TRF|13/02/2020 00:00:00|TRF|03/03/2026 00:00:00
|20009270|8998888710109|TRF|11/10/2021 00:00:00|TRF|03/03/2026 00:00:00
|20009499|8992727002554|TRF|03/06/2019 00:00:00|TRF|03/03/2026 00:00:00
|20009500|8992727002592|TRF|03/06/2019 00:00:00|TRF|03/03/2026 00:00:00
|20009722|8997035563414|TRF|03/06/2019 00:00:00|TRF|03/03/2026 00:00:00
|20009731|8992727002714|TRF|03/06/2019 00:00:00|TRF|03/03/2026 00:00:00
|20009737|8997009510055|TRF|03/06/2019 00:00:00|TRF|03/03/2026 00:00:00
|20009869|8992694246166|TRF|20/08/2021 00:00:00|TRF|03/03/2026 00:00:00
|20009870|8992694246340|TRF|20/08/2021 00:00:00|TRF|03/03/2026 00:00:00
|20009966|8992770096128|TRF|03/06/2019 00:00:00|TRF|03/03/2026 00:00:00
|20009973|8992770096227|TRF|11/10/2021 00:00:00|TRF|03/03/2026 00:00:00
|20010085|9311931802207|TRF|03/06/2019 00:00:00|TRF|03/03/2026 00:00:00
|20010257|8994280141510|TRF|27/11/2019 00:00:00|TRF|03/03/2026 00:00:00
|20010262|8994280121857|TRF|03/06/2019 00:00:00|TRF|03/03/2026 00:00:00
|20010263|8994280131856|TRF|03/06/2019 00:00:00|TRF|03/03/2026 00:00:00
|20010264|8994280141855|TRF|03/06/2019 00:00:00|TRF|03/03/2026 00:00:00
|20010272|0089686400816|TRF|03/06/2019 00:00:00|TRF|03/03/2026 00:00:00
|20010358|8995858189026|TRF|20/01/2024 00:00:00|TRF|03/03/2026 00:00:00
|20010358|8995858192620|TRF|20/01/2024 00:00:00|TRF|03/03/2026 00:00:00
|20010379|8999999033200|TRF|03/06/2019 00:00:00|TRF|03/03/2026 00:00:00
|20010379|8999999613112|TRF|27/08/2025 00:00:00|TRF|03/03/2026 00:00:00
|20010379|8999999713898|TRF|03/06/2019 00:00:00|TRF|03/03/2026 00:00:00
|20010379|8999999719593|TRF|03/06/2019 00:00:00|TRF|03/03/2026 00:00:00
|20010381|8999999033217|TRF|03/06/2019 00:00:00|TRF|03/03/2026 00:00:00
|20010381|8999999613143|TRF|14/08/2025 00:00:00|TRF|03/03/2026 00:00:00
|20010381|8999999713959|TRF|03/06/2019 00:00:00|TRF|03/03/2026 00:00:00
|20010381|8999999719609|TRF|03/06/2019 00:00:00|TRF|03/03/2026 00:00:00
|20010383|8999999033224|TRF|03/06/2019 00:00:00|TRF|03/03/2026 00:00:00
|20010383|8999999613198|TRF|27/08/2025 00:00:00|TRF|03/03/2026 00:00:00
|20010383|8999999713966|TRF|03/06/2019 00:00:00|TRF|03/03/2026 00:00:00
|20010387|001509|TRF|12/07/2023 00:00:00|TRF|03/03/2026 00:00:00
|20010520|8991111153261|TRF|19/03/2022 00:00:00|TRF|03/03/2026 00:00:00
|20010520|8992725910615|TRF|19/03/2022 00:00:00|TRF|03/03/2026 00:00:00
|20010655|8991102374309|TRF|03/06/2019 00:00:00|TRF|03/03/2026 00:00:00
|20010960|88011967|TRF|03/06/2019 00:00:00|TRF|03/03/2026 00:00:00
|20010960|8997032821012|TRF|03/06/2019 00:00:00|TRF|03/03/2026 00:00:00
|20010999|8999999001230|TRF|03/06/2019 00:00:00|TRF|03/03/2026 00:00:00
|20010999|8999999392581|TRF|03/06/2019 00:00:00|TRF|03/03/2026 00:00:00
|20010999|8999999610111|TRF|03/03/2025 00:00:00|TRF|03/03/2026 00:00:00
|20011000|8999999001247|TRF|03/06/2019 00:00:00|TRF|03/03/2026 00:00:00
|20011000|8999999392543|TRF|03/06/2019 00:00:00|TRF|03/03/2026 00:00:00
|20011007|8999999001209|TRF|03/06/2019 00:00:00|TRF|03/03/2026 00:00:00
|20011007|8999999399238|TRF|03/06/2019 00:00:00|TRF|03/03/2026 00:00:00
|20011008|8999999001193|TRF|03/06/2019 00:00:00|TRF|03/03/2026 00:00:00
|20011008|8999999399207|TRF|03/06/2019 00:00:00|TRF|03/03/2026 00:00:00
|20011063|8992802240093|TRF|03/06/2019 00:00:00|TRF|03/03/2026 00:00:00
|20011132|8992802180085|TRF|03/06/2019 00:00:00|TRF|03/03/2026 00:00:00
|20011206|8992771009134|TRF|20/08/2021 00:00:00|TRF|03/03/2026 00:00:00
|20011207|8992771009127|TRF|20/08/2021 00:00:00|TRF|03/03/2026 00:00:00
|20011207|8992771009141|TRF|20/08/2021 00:00:00|TRF|03/03/2026 00:00:00
|20011308|8992858245516|TRF|20/01/2024 00:00:00|TRF|03/03/2026 00:00:00
|20011382|8992946519352|TRF|03/06/2019 00:00:00|TRF|03/03/2026 00:00:00
|20011831|4719920070036|TRF|28/10/2022 00:00:00|TRF|03/03/2026 00:00:00
|20011850|8992003782453|TRF|24/06/2020 00:00:00|TRF|03/03/2026 00:00:00
|20011878|69024894|TRF|24/07/2024 00:00:00|TRF|03/03/2026 00:00:00
|20011878|6914973002326|TRF|24/07/2024 00:00:00|TRF|03/03/2026 00:00:00
|20012007|8998866607353|TRF|03/06/2019 00:00:00|TRF|03/03/2026 00:00:00
|20012085|8998866606912|TRF|27/02/2023 00:00:00|TRF|03/03/2026 00:00:00
|20012183|8998899001920|TRF|03/06/2019 00:00:00|TRF|03/03/2026 00:00:00
|20012187|0089686400397|TRF|24/04/2025 00:00:00|TRF|03/03/2026 00:00:00
|20012188|8998866607315|TRF|03/06/2019 00:00:00|TRF|03/03/2026 00:00:00
|20012573|8992761122324|TRF|03/06/2019 00:00:00|TRF|03/03/2026 00:00:00
|20012574|8992761122331|TRF|03/06/2019 00:00:00|TRF|03/03/2026 00:00:00
|20012674|8994112441214|TRF|03/06/2019 00:00:00|TRF|03/03/2026 00:00:00
|20012678|0089686611519|TRF|03/06/2019 00:00:00|TRF|03/03/2026 00:00:00
|20012679|0089686611618|TRF|03/06/2019 00:00:00|TRF|03/03/2026 00:00:00
|20012680|0089686611540|TRF|29/06/2020 00:00:00|TRF|03/03/2026 00:00:00
|20012681|0089686611649|TRF|03/06/2019 00:00:00|TRF|03/03/2026 00:00:00
|20012830|0089686530513|TRF|15/03/2022 00:00:00|TRF|03/03/2026 00:00:00
|20012831|0089686530551|TRF|03/06/2019 00:00:00|TRF|03/03/2026 00:00:00
|20012951|8851096020012|TRF|11/06/2024 00:00:00|TRF|03/03/2026 00:00:00
|20013332|8888166606623|TRF|03/06/2019 00:00:00|TRF|03/03/2026 00:00:00
|20013333|8992735210040|TRF|03/06/2019 00:00:00|TRF|03/03/2026 00:00:00
|20013341|8992735210057|TRF|07/06/2022 00:00:00|TRF|03/03/2026 00:00:00
|20013345|8992735210095|TRF|07/06/2022 00:00:00|TRF|03/03/2026 00:00:00
|20013433|8993007001557|TRF|03/06/2019 00:00:00|TRF|03/03/2026 00:00:00
|20013433|8993007001694|TRF|03/06/2019 00:00:00|TRF|03/03/2026 00:00:00
|20013434|8993007001700|TRF|03/06/2019 00:00:00|TRF|03/03/2026 00:00:00
|20013435|8993007001717|TRF|03/06/2019 00:00:00|TRF|03/03/2026 00:00:00
|20013616|0089686386011|TRF|04/09/2020 00:00:00|TRF|03/03/2026 00:00:00
|20013617|0089686386110|TRF|29/06/2022 00:00:00|TRF|03/03/2026 00:00:00
|20013662|8992716109134|TRF|03/06/2019 00:00:00|TRF|03/03/2026 00:00:00
|20013662|8992716109561|TRF|03/06/2019 00:00:00|TRF|03/03/2026 00:00:00
|20013680|9556006012093|TRF|12/12/2023 00:00:00|TRF|03/03/2026 00:00:00
|20013699|8993417591419|TRF|23/02/2025 00:00:00|TRF|03/03/2026 00:00:00
|20013772|8991111102719|TRF|20/08/2021 00:00:00|TRF|03/03/2026 00:00:00
|20013831|8996001524008|TRF|03/06/2019 00:00:00|TRF|03/03/2026 00:00:00
|20013832|8992779269103|TRF|03/06/2019 00:00:00|TRF|03/03/2026 00:00:00
|20013924|8992856894211|TRF|21/11/2022 00:00:00|TRF|03/03/2026 00:00:00
|20013924|8997016370314|TRF|21/11/2022 00:00:00|TRF|03/03/2026 00:00:00
|20013925|8992856894303|TRF|03/06/2019 00:00:00|TRF|03/03/2026 00:00:00
|20013925|8997016370369|TRF|03/06/2019 00:00:00|TRF|03/03/2026 00:00:00
|20014028|8992727002837|TRF|03/06/2019 00:00:00|TRF|03/03/2026 00:00:00
|20014069|8992753005499|TRF|03/06/2019 00:00:00|TRF|03/03/2026 00:00:00
|20014070|8992753005475|TRF|16/03/2024 00:00:00|TRF|03/03/2026 00:00:00
|20014071|8992753005482|TRF|03/06/2019 00:00:00|TRF|03/03/2026 00:00:00
|20014081|8998685057308|TRF|03/06/2019 00:00:00|TRF|03/03/2026 00:00:00
|20014241|8992828881782|TRF|03/06/2019 00:00:00|TRF|03/03/2026 00:00:00
|20014281|0089686386066|TRF|04/09/2020 00:00:00|TRF|03/03/2026 00:00:00
|20014281|96263860|TRF|04/09/2020 00:00:00|TRF|03/03/2026 00:00:00
|20014398|8992802180160|TRF|03/06/2019 00:00:00|TRF|03/03/2026 00:00:00
|20014399|8992802180153|TRF|03/06/2019 00:00:00|TRF|03/03/2026 00:00:00
|20014400|8992802180146|TRF|03/06/2019 00:00:00|TRF|03/03/2026 00:00:00
|20014403|8998899013107|TRF|18/09/2023 00:00:00|TRF|03/03/2026 00:00:00
|20014506|0089686598957|TRF|03/06/2019 00:00:00|TRF|03/03/2026 00:00:00
|20014537|8992716108816|TRF|15/08/2019 00:00:00|TRF|03/03/2026 00:00:00
|20014590|8994112780115|TRF|03/06/2019 00:00:00|TRF|03/03/2026 00:00:00
|20014608|8999908260208|TRF|03/06/2019 00:00:00|TRF|03/03/2026 00:00:00
|20014623|0711844330153|TRF|03/06/2019 00:00:00|TRF|03/03/2026 00:00:00
|20014694|8992736025162|TRF|03/06/2019 00:00:00|TRF|03/03/2026 00:00:00
|20014749|8993417200038|TRF|03/04/2024 00:00:00|TRF|03/03/2026 00:00:00
|20014916|8992907740016|TRF|03/06/2019 00:00:00|TRF|03/03/2026 00:00:00
|20014954|9556001054005|TRF|28/02/2021 00:00:00|TRF|03/03/2026 00:00:00
|20014973|8991001111692|TRF|03/06/2019 00:00:00|TRF|03/03/2026 00:00:00
|20014993|3014260294298|TRF|24/02/2026 00:00:00|TRF|03/03/2026 00:00:00
|20014993|8888826019589|TRF|24/02/2026 00:00:00|TRF|03/03/2026 00:00:00
|20015029|7622300065201|TRF|03/06/2019 00:00:00|TRF|03/03/2026 00:00:00
|20015040|8993560033002|TRF|03/03/2026 00:00:00||
|20015231|8993200661305|TRF|03/06/2019 00:00:00|TRF|03/03/2026 00:00:00
|20015235|0711844330146|TRF|03/06/2019 00:00:00|TRF|03/03/2026 00:00:00
|20015239|8991102377706|TRF|03/11/2025 00:00:00|TRF|03/03/2026 00:00:00
|20015239|8991102927987|TRF|03/11/2025 00:00:00|TRF|03/03/2026 00:00:00
|20015250|8998009011351|TRF|12/11/2019 00:00:00|TRF|03/03/2026 00:00:00
|20015337|9556439882027|TRF|10/02/2024 00:00:00|TRF|03/03/2026 00:00:00
|20015337|9556439887077|TRF|10/02/2024 00:00:00|TRF|03/03/2026 00:00:00
|20015338|9556439882010|TRF|10/02/2024 00:00:00|TRF|03/03/2026 00:00:00
|20015338|9556439887091|TRF|10/02/2024 00:00:00|TRF|03/03/2026 00:00:00
|20015478|002396|TRF|12/07/2023 00:00:00|TRF|03/03/2026 00:00:00
|20015737|8992726965393|TRF|03/06/2019 00:00:00|TRF|03/03/2026 00:00:00
|20015819|0089686834253|TRF|13/11/2025 00:00:00|TRF|03/03/2026 00:00:00
|20015819|0089686834314|TRF|13/11/2025 00:00:00|TRF|03/03/2026 00:00:00
|20015821|8850007700050|TRF|03/06/2019 00:00:00|TRF|03/03/2026 00:00:00
|20015838|8997035563544|TRF|03/06/2019 00:00:00|TRF|03/03/2026 00:00:00
|20015850|0089686400359|TRF|03/06/2019 00:00:00|TRF|03/03/2026 00:00:00
|20016076|6908594414026|TRF|03/06/2019 00:00:00|TRF|03/03/2026 00:00:00
|20016096|8992727002981|TRF|25/02/2025 00:00:00|TRF|03/03/2026 00:00:00
|20016240|8992696417250|TRF|03/06/2019 00:00:00|TRF|03/03/2026 00:00:00
|20016240|8997212800325|TRF|05/09/2020 00:00:00|TRF|03/03/2026 00:00:00
|20016245|0089686061024|TRF|03/06/2019 00:00:00|TRF|03/03/2026 00:00:00
|20016245|089686061024|TRF|18/09/2023 00:00:00|TRF|03/03/2026 00:00:00
|20016246|0089686061123|TRF|03/06/2019 00:00:00|TRF|03/03/2026 00:00:00
|20016246|089686061123|TRF|25/01/2025 00:00:00|TRF|03/03/2026 00:00:00
|20016247|0089686061079|TRF|03/06/2019 00:00:00|TRF|03/03/2026 00:00:00
|20016247|089686061079|TRF|25/01/2025 00:00:00|TRF|03/03/2026 00:00:00
|20016388|6194001110777|TRF|02/11/2025 00:00:00|TRF|03/03/2026 00:00:00
|20016399|8990114000206|TRF|28/08/2025 00:00:00|TRF|03/03/2026 00:00:00
|20016399|8998009700286|TRF|03/06/2019 00:00:00|TRF|03/03/2026 00:00:00
|20016399|8998009700392|TRF|03/06/2019 00:00:00|TRF|03/03/2026 00:00:00
|20016512|208113045008|TRF|13/03/2025 00:00:00|TRF|03/03/2026 00:00:00
|20016512|8993379500238|TRF|13/03/2025 00:00:00|TRF|03/03/2026 00:00:00
|20016624|18886013629481|TRF|03/06/2019 00:00:00|TRF|03/03/2026 00:00:00
|20016624|8886013281481|TRF|03/06/2019 00:00:00|TRF|03/03/2026 00:00:00
|20016706|8990114000213|TRF|14/11/2025 00:00:00|TRF|03/03/2026 00:00:00
|20016706|8998009720611|TRF|03/06/2019 00:00:00|TRF|03/03/2026 00:00:00
|20016864|8998103100685|TRF|20/08/2021 00:00:00|TRF|03/03/2026 00:00:00
|20016897|8992779155901|TRF|03/06/2019 00:00:00|TRF|03/03/2026 00:00:00
|20017043|8993189270741|TRF|03/06/2019 00:00:00|TRF|03/03/2026 00:00:00
|20017141|8999999715588|TRF|03/06/2019 00:00:00|TRF|03/03/2026 00:00:00
|20017225|8998009011207|TRF|16/03/2024 00:00:00|TRF|03/03/2026 00:00:00
|20017349|8992725910400|TRF|03/06/2019 00:00:00|TRF|03/03/2026 00:00:00
|20017478|8886020001607|TRF|03/06/2019 00:00:00|TRF|03/03/2026 00:00:00
|20017575|8992696418370|TRF|03/06/2019 00:00:00|TRF|03/03/2026 00:00:00
|20017679|4800361347617|TRF|03/06/2019 00:00:00|TRF|03/03/2026 00:00:00
|20017745|4800361347594|TRF|03/06/2019 00:00:00|TRF|03/03/2026 00:00:00
|20017911|8996001524015|TRF|03/06/2019 00:00:00|TRF|03/03/2026 00:00:00
|20017965|4800361347570|TRF|03/06/2019 00:00:00|TRF|03/03/2026 00:00:00
|20017976|9556006060223|TRF|19/07/2024 00:00:00|TRF|03/03/2026 00:00:00
|20018012|8991380700036|TRF|03/06/2019 00:00:00|TRF|03/03/2026 00:00:00
|20018225|9556006060667|TRF|23/02/2025 00:00:00|TRF|03/03/2026 00:00:00
|20018270|8992696418509|TRF|17/11/2025 00:00:00|TRF|03/03/2026 00:00:00
|20018270|8997212800295|TRF|17/11/2025 00:00:00|TRF|03/03/2026 00:00:00
|20018272|8993018116004|TRF|15/09/2025 00:00:00|TRF|03/03/2026 00:00:00
|20018354|002766|TRF|03/06/2019 00:00:00|TRF|03/03/2026 00:00:00
|20018396|8991115040161|TRF|03/06/2019 00:00:00|TRF|03/03/2026 00:00:00
|20018435|8992858527308|TRF|03/06/2019 00:00:00|TRF|03/03/2026 00:00:00
|20018635|8992832191174|TRF|03/06/2019 00:00:00|TRF|03/03/2026 00:00:00
|20018697|8993560024017|TRF|03/06/2019 00:00:00|TRF|03/03/2026 00:00:00
|20018697|8993560024512|TRF|03/06/2019 00:00:00|TRF|03/03/2026 00:00:00
|20018697|8993560024987|TRF|03/06/2019 00:00:00|TRF|03/03/2026 00:00:00
|20018765|0089686598353|TRF|17/11/2025 00:00:00|TRF|03/03/2026 00:00:00
|20018825|002924|TRF|03/03/2026 00:00:00||
|20018825|017273|TRF|03/06/2019 00:00:00|TRF|03/03/2026 00:00:00
|20018904|8992388101092|TRF|03/06/2019 00:00:00|TRF|03/03/2026 00:00:00
|20018965|8999777888367|TRF|03/06/2019 00:00:00|TRF|03/03/2026 00:00:00
|20019170|8993417229718|TRF|20/08/2021 00:00:00|TRF|03/03/2026 00:00:00
|20019179|8992696417946|TRF|03/06/2019 00:00:00|TRF|03/03/2026 00:00:00
|20019249|8998866608084|TRF|03/06/2019 00:00:00|TRF|03/03/2026 00:00:00
|20019314|8999002584057|TRF|12/07/2022 00:00:00|TRF|03/03/2026 00:00:00
|20019342|6908594414019|TRF|13/08/2024 00:00:00|TRF|03/03/2026 00:00:00
|20019446|8993176110104|TRF|03/06/2019 00:00:00|TRF|03/03/2026 00:00:00
|20019479|6920238082019|TRF|03/06/2019 00:00:00|TRF|03/03/2026 00:00:00
|20019479|6920238090618|TRF|03/06/2019 00:00:00|TRF|03/03/2026 00:00:00
|20019482|6920238011132|TRF|03/06/2019 00:00:00|TRF|03/03/2026 00:00:00
|20019566|896201|TRF|03/06/2019 00:00:00|TRF|03/03/2026 00:00:00
|20019597|8992696418356|TRF|03/06/2019 00:00:00|TRF|03/03/2026 00:00:00
|20019597|8992696430266|TRF|03/06/2019 00:00:00|TRF|03/03/2026 00:00:00
|20019597|8992696523067|TRF|03/08/2020 00:00:00|TRF|03/03/2026 00:00:00
|20019631|8996006856180|TRF|16/03/2024 00:00:00|TRF|03/03/2026 00:00:00
|20019673|8997009510116|TRF|03/06/2019 00:00:00|TRF|03/03/2026 00:00:00
|20019674|8997009510123|TRF|03/06/2019 00:00:00|TRF|03/03/2026 00:00:00
|20019814|0749921000651|TRF|03/06/2019 00:00:00|TRF|03/03/2026 00:00:00
|20019815|0749921000323|TRF|03/06/2019 00:00:00|TRF|03/03/2026 00:00:00
|20019831|0053314503019|TRF|05/02/2021 00:00:00|TRF|03/03/2026 00:00:00
|20019930|0089686011814|TRF|03/06/2019 00:00:00|TRF|03/03/2026 00:00:00
|20019930|0089686910704|TRF|03/06/2019 00:00:00|TRF|03/03/2026 00:00:00
|20020008|007708|TRF|12/07/2023 00:00:00|TRF|03/03/2026 00:00:00
|20020017|4711036008293|TRF|03/06/2019 00:00:00|TRF|03/03/2026 00:00:00
|20020017|8997025914042|TRF|12/02/2020 00:00:00|TRF|03/03/2026 00:00:00
|20020018|4711036008200|TRF|03/06/2019 00:00:00|TRF|03/03/2026 00:00:00
|20020018|8997025914059|TRF|09/08/2019 00:00:00|TRF|03/03/2026 00:00:00
|20020089|8887229160218|TRF|03/06/2019 00:00:00|TRF|03/03/2026 00:00:00
|20020120|8998103010847|TRF|25/02/2025 00:00:00|TRF|03/03/2026 00:00:00
|20020128|8992759313529|TRF|03/06/2019 00:00:00|TRF|03/03/2026 00:00:00
|20020226|8999999401023|TRF|03/06/2019 00:00:00|TRF|03/03/2026 00:00:00
|20020226|8999999571535|TRF|22/02/2021 00:00:00|TRF|03/03/2026 00:00:00
|20020245|8999999400958|TRF|03/06/2019 00:00:00|TRF|03/03/2026 00:00:00
|20020245|8999999571580|TRF|22/02/2021 00:00:00|TRF|03/03/2026 00:00:00
|20020606|003008|TRF|03/06/2019 00:00:00|TRF|03/03/2026 00:00:00
|20020625|8886015212261|TRF|17/11/2025 00:00:00|TRF|03/03/2026 00:00:00
|20020977|8999999719395|TRF|03/06/2019 00:00:00|TRF|03/03/2026 00:00:00
|20021004|4800361347655|TRF|09/06/2025 00:00:00|TRF|03/03/2026 00:00:00
|20021029|0089686611700|TRF|03/06/2019 00:00:00|TRF|03/03/2026 00:00:00
|20021032|0089686611670|TRF|03/06/2019 00:00:00|TRF|03/03/2026 00:00:00
|20021178|8992761166038|TRF|03/06/2019 00:00:00|TRF|03/03/2026 00:00:00
|20021214|8992772403061|TRF|01/08/2019 00:00:00|TRF|03/03/2026 00:00:00
|20021256|8887229041012|TRF|03/06/2019 00:00:00|TRF|03/03/2026 00:00:00
|20021323|8992727003087|TRF|03/06/2019 00:00:00|TRF|03/03/2026 00:00:00
|20021324|8992727003094|TRF|03/06/2019 00:00:00|TRF|03/03/2026 00:00:00
|20021326|8851818936812|TRF|03/06/2019 00:00:00|TRF|03/03/2026 00:00:00
|20021330|8999908214805|TRF|03/06/2019 00:00:00|TRF|03/03/2026 00:00:00
|20021339|8990333166042|TRF|15/08/2021 00:00:00|TRF|03/03/2026 00:00:00
|20021340|8990333166073|TRF|03/06/2019 00:00:00|TRF|03/03/2026 00:00:00
|20021359|8992735210071|TRF|03/06/2019 00:00:00|TRF|03/03/2026 00:00:00
|20021391|8993189271007|TRF|03/06/2019 00:00:00|TRF|03/03/2026 00:00:00
|20021391|8993189322280|TRF|03/06/2019 00:00:00|TRF|03/03/2026 00:00:00
|20021392|8993189271014|TRF|03/06/2019 00:00:00|TRF|03/03/2026 00:00:00
|20021392|8993189271342|TRF|03/06/2019 00:00:00|TRF|03/03/2026 00:00:00
|20021392|8993189322297|TRF|03/06/2019 00:00:00|TRF|03/03/2026 00:00:00
|20021393|8993189271021|TRF|03/06/2019 00:00:00|TRF|03/03/2026 00:00:00
|20021393|8993189322303|TRF|03/06/2019 00:00:00|TRF|03/03/2026 00:00:00
|20021394|8993189271038|TRF|03/06/2019 00:00:00|TRF|03/03/2026 00:00:00
|20021435|8999777850838|TRF|09/03/2021 00:00:00|TRF|03/03/2026 00:00:00
|20021454|8991111152059|TRF|20/01/2024 00:00:00|TRF|03/03/2026 00:00:00
|20021482|0800142202108|TRF|03/06/2019 00:00:00|TRF|03/03/2026 00:00:00
|20021482|0800142202115|TRF|03/06/2019 00:00:00|TRF|03/03/2026 00:00:00
|20021482|8992982400515|TRF|30/12/2025 00:00:00|TRF|03/03/2026 00:00:00
|20021571|9415007026341|TRF|03/06/2019 00:00:00|TRF|03/03/2026 00:00:00
|20021810|8992821100309|TRF|03/06/2019 00:00:00|TRF|03/03/2026 00:00:00
|20021816|8999999719418|TRF|03/06/2019 00:00:00|TRF|03/03/2026 00:00:00
|20021822|8992946522369|TRF|03/06/2019 00:00:00|TRF|03/03/2026 00:00:00
|20021935|9311931181203|TRF|03/06/2019 00:00:00|TRF|03/03/2026 00:00:00
|20022011|8852961003222|TRF|03/06/2019 00:00:00|TRF|03/03/2026 00:00:00
|20022015|8991102023511|TRF|03/06/2019 00:00:00|TRF|03/03/2026 00:00:00
|20022431|9002490207267|TRF|20/08/2021 00:00:00|TRF|03/03/2026 00:00:00
|20022498|8992745120469|TRF|12/08/2019 00:00:00|TRF|03/03/2026 00:00:00
|20022639|8995102704104|TRF|03/06/2019 00:00:00|TRF|03/03/2026 00:00:00
|20022707|8857107231040|TRF|03/06/2019 00:00:00|TRF|03/03/2026 00:00:00
|20022707|8858702414715|TRF|03/06/2019 00:00:00|TRF|03/03/2026 00:00:00
|20022902|8992745120407|TRF|03/06/2019 00:00:00|TRF|03/03/2026 00:00:00
|20022903|8999777765392|TRF|03/06/2019 00:00:00|TRF|03/03/2026 00:00:00
|20022908|8991001111777|TRF|03/06/2019 00:00:00|TRF|03/03/2026 00:00:00
|20022917|8992222052993|TRF|03/06/2019 00:00:00|TRF|03/03/2026 00:00:00
|20022928|8996001524039|TRF|20/05/2021 00:00:00|TRF|03/03/2026 00:00:00
|20023011|4902430102032|TRF|03/06/2019 00:00:00|TRF|03/03/2026 00:00:00
|20023011|4902430411776|TRF|03/06/2019 00:00:00|TRF|03/03/2026 00:00:00
|20023111|8999908264107|TRF|16/03/2024 00:00:00|TRF|03/03/2026 00:00:00
|20023148|8995077601514|TRF|03/06/2019 00:00:00|TRF|03/03/2026 00:00:00
|20023435|0089686598599|TRF|03/06/2019 00:00:00|TRF|03/03/2026 00:00:00
|20023627|4902430104982|TRF|03/06/2019 00:00:00|TRF|03/03/2026 00:00:00
|20023627|4902430249980|TRF|03/06/2019 00:00:00|TRF|03/03/2026 00:00:00
|20023627|4902430396578|TRF|03/06/2019 00:00:00|TRF|03/03/2026 00:00:00
|20023627|4902430450355|TRF|03/06/2019 00:00:00|TRF|03/03/2026 00:00:00
|20023765|8991102023603|TRF|03/06/2019 00:00:00|TRF|03/03/2026 00:00:00
|20023797|8993200661350|TRF|03/06/2019 00:00:00|TRF|03/03/2026 00:00:00
|20023805|8992726939509|TRF|17/11/2025 00:00:00|TRF|03/03/2026 00:00:00
|20023845|4902430119689|TRF|03/06/2019 00:00:00|TRF|03/03/2026 00:00:00
|20023845|4902430255998|TRF|03/06/2019 00:00:00|TRF|03/03/2026 00:00:00
|20023845|8886467100031|TRF|03/06/2019 00:00:00|TRF|03/03/2026 00:00:00
|20023845|8886467130533|TRF|28/01/2026 00:00:00|TRF|03/03/2026 00:00:00
|20023846|4902430007443|TRF|03/06/2019 00:00:00|TRF|03/03/2026 00:00:00
|20023846|4902430255967|TRF|03/06/2019 00:00:00|TRF|03/03/2026 00:00:00
|20023846|8886467100017|TRF|03/06/2019 00:00:00|TRF|03/03/2026 00:00:00
|20023846|8886467130519|TRF|28/01/2026 00:00:00|TRF|03/03/2026 00:00:00
|20023870|8992857080132|TRF|28/06/2022 00:00:00|TRF|03/03/2026 00:00:00
|20023890|0089686386318|TRF|29/06/2022 00:00:00|TRF|03/03/2026 00:00:00
|20023890|089686386318|TRF|01/03/2023 00:00:00|TRF|03/03/2026 00:00:00
|20023912|7622300270919|TRF|11/10/2021 00:00:00|TRF|03/03/2026 00:00:00
|20024079|011560|TRF|02/11/2020 00:00:00|TRF|03/03/2026 00:00:00
|20024096|8996001321539|TRF|22/04/2022 00:00:00|TRF|03/03/2026 00:00:00
|20024096|8996001326275|TRF|03/06/2019 00:00:00|TRF|03/03/2026 00:00:00
|20024303|8851111401161|TRF|07/05/2025 00:00:00|TRF|03/03/2026 00:00:00
|20024306|8851111401260|TRF|03/06/2019 00:00:00|TRF|03/03/2026 00:00:00
|20024315|8996006856197|TRF|10/04/2025 00:00:00|TRF|03/03/2026 00:00:00
|20024324|0089686011692|TRF|14/03/2022 00:00:00|TRF|03/03/2026 00:00:00
|20024512|8888900700006|TRF|03/06/2019 00:00:00|TRF|03/03/2026 00:00:00
|20024517|4800888141125|TRF|03/06/2019 00:00:00|TRF|03/03/2026 00:00:00
|20024517|8999999572709|TRF|23/09/2021 00:00:00|TRF|03/03/2026 00:00:00
|20024539|8991001111807|TRF|16/03/2022 00:00:00|TRF|03/03/2026 00:00:00
|20024644|7622300136055|TRF|03/06/2019 00:00:00|TRF|03/03/2026 00:00:00
|20024699|8886013223207|TRF|03/06/2019 00:00:00|TRF|03/03/2026 00:00:00
|20024856|8857107232016|TRF|03/06/2019 00:00:00|TRF|03/03/2026 00:00:00
|20024922|3014260823597|TRF|03/06/2019 00:00:00|TRF|03/03/2026 00:00:00
|20024922|4902430403900|TRF|03/06/2019 00:00:00|TRF|03/03/2026 00:00:00
|20024961|010430|TRF|03/06/2019 00:00:00|TRF|03/03/2026 00:00:00
|20025002|8991380700029|TRF|03/06/2019 00:00:00|TRF|03/03/2026 00:00:00
|20025041|8992907780012|TRF|03/06/2019 00:00:00|TRF|03/03/2026 00:00:00
|20025050|9556001094933|TRF|15/12/2021 00:00:00|TRF|03/03/2026 00:00:00
|20025050|9556001216267|TRF|15/12/2021 00:00:00|TRF|03/03/2026 00:00:00
|20025285|8992775319031|TRF|03/11/2025 00:00:00|TRF|03/03/2026 00:00:00
|20025350|8990333166059|TRF|03/06/2019 00:00:00|TRF|03/03/2026 00:00:00
|20025359|8997035600324|TRF|03/06/2019 00:00:00|TRF|03/03/2026 00:00:00
|20025364|8993417229817|TRF|23/02/2025 00:00:00|TRF|03/03/2026 00:00:00
|20025365|8993417227714|TRF|23/02/2025 00:00:00|TRF|03/03/2026 00:00:00
|20025418|8998866200578|TRF|03/06/2019 00:00:00|TRF|03/03/2026 00:00:00
|20025487|8994096212442|TRF|25/02/2025 00:00:00|TRF|03/03/2026 00:00:00
|20025507|8992942120125|TRF|22/01/2022 00:00:00|TRF|03/03/2026 00:00:00
|20025508|8992942120101|TRF|24/11/2025 00:00:00|TRF|03/03/2026 00:00:00
|20025563|8992736940175|TRF|11/10/2021 00:00:00|TRF|03/03/2026 00:00:00
|20025592|8888166607132|TRF|03/06/2019 00:00:00|TRF|03/03/2026 00:00:00
|20025648|8994280132860|TRF|03/06/2019 00:00:00|TRF|03/03/2026 00:00:00
|20025649|8994280142869|TRF|03/06/2019 00:00:00|TRF|03/03/2026 00:00:00
|20025701|0117472342177|TRF|18/12/2025 00:00:00|TRF|03/03/2026 00:00:00
|20025741|8996001302248|TRF|03/06/2019 00:00:00|TRF|03/03/2026 00:00:00
|20025753|8992753018796|TRF|03/06/2019 00:00:00|TRF|03/03/2026 00:00:00
|20025756|8992804900650|TRF|15/03/2021 00:00:00|TRF|03/03/2026 00:00:00
|20025757|8992804151212|TRF|23/02/2025 00:00:00|TRF|03/03/2026 00:00:00
|20025762|8996196000950|TRF|03/06/2019 00:00:00|TRF|03/03/2026 00:00:00
|20025825|8992804900643|TRF|03/06/2019 00:00:00|TRF|03/03/2026 00:00:00
|20026083|8992933424119|TRF|03/06/2019 00:00:00|TRF|03/03/2026 00:00:00
|20026090|8993296220004|TRF|15/09/2025 00:00:00|TRF|03/03/2026 00:00:00
|20026187|4719930050455|TRF|28/10/2022 00:00:00|TRF|03/03/2026 00:00:00
|20026207|8998866105071|TRF|19/09/2024 00:00:00|TRF|03/03/2026 00:00:00
|20026226|8998009040139|TRF|03/06/2019 00:00:00|TRF|03/03/2026 00:00:00
|20026343|0653314504513|TRF|03/06/2019 00:00:00|TRF|03/03/2026 00:00:00
|20026370|8990114000329|TRF|10/12/2025 00:00:00|TRF|03/03/2026 00:00:00
|20026370|8998009720635|TRF|03/06/2019 00:00:00|TRF|03/03/2026 00:00:00
|20026410|4719990020467|TRF|03/03/2026 00:00:00||
|20026410|8994096212923|TRF|03/06/2019 00:00:00|TRF|03/03/2026 00:00:00
|20026412|2430304024019|TRF|03/03/2026 00:00:00||
|20026412|8994096212916|TRF|03/06/2019 00:00:00|TRF|03/03/2026 00:00:00
|20026532|008622|TRF|03/06/2019 00:00:00|TRF|03/03/2026 00:00:00
|20026532|8994078021369|TRF|03/06/2019 00:00:00|TRF|03/03/2026 00:00:00
|20026676|8994096212466|TRF|03/06/2019 00:00:00|TRF|03/03/2026 00:00:00
|20026676|8994506010255|TRF|03/06/2019 00:00:00|TRF|03/03/2026 00:00:00
|20026865|8992222051729|TRF|03/06/2019 00:00:00|TRF|03/03/2026 00:00:00
|20026865|8992222990080|TRF|03/06/2019 00:00:00|TRF|03/03/2026 00:00:00
|20026897|8992931005020|TRF|03/06/2019 00:00:00|TRF|03/03/2026 00:00:00
|20026945|8992759244021|TRF|25/02/2025 00:00:00|TRF|03/03/2026 00:00:00
|20027074|8991389221037|TRF|23/02/2025 00:00:00|TRF|03/03/2026 00:00:00
|20027090|8997016371625|TRF|03/06/2019 00:00:00|TRF|03/03/2026 00:00:00
|20027095|8999908204202|TRF|03/06/2019 00:00:00|TRF|03/03/2026 00:00:00
|20027096|0089686401745|TRF|03/06/2019 00:00:00|TRF|03/03/2026 00:00:00
|20027097|0089686400854|TRF|03/06/2019 00:00:00|TRF|03/03/2026 00:00:00
|20027166|8992759120554|TRF|03/06/2019 00:00:00|TRF|03/03/2026 00:00:00
|20027166|8994096101524|TRF|03/06/2019 00:00:00|TRF|03/03/2026 00:00:00
|20027167|8992759170825|TRF|03/06/2019 00:00:00|TRF|03/03/2026 00:00:00
|20027167|8994096101517|TRF|03/06/2019 00:00:00|TRF|03/03/2026 00:00:00
|20027185|8991212301479|TRF|03/06/2019 00:00:00|TRF|03/03/2026 00:00:00
|20027240|8995952003228|TRF|03/06/2019 00:00:00|TRF|03/03/2026 00:00:00
|20027241|8995952008230|TRF|03/06/2019 00:00:00|TRF|03/03/2026 00:00:00
|20027448|8991102384841|TRF|03/06/2019 00:00:00|TRF|03/03/2026 00:00:00
|20027551|8992863661035|TRF|03/06/2019 00:00:00|TRF|03/03/2026 00:00:00
|20027661|8999908285003|TRF|20/01/2024 00:00:00|TRF|03/03/2026 00:00:00
|20027712|008718|TRF|23/02/2025 00:00:00|TRF|03/03/2026 00:00:00
|20027712|8994096111202|TRF|23/02/2025 00:00:00|TRF|03/03/2026 00:00:00
|20027768|8992696419742|TRF|03/06/2019 00:00:00|TRF|03/03/2026 00:00:00
|20027768|8992696522961|TRF|04/03/2021 00:00:00|TRF|03/03/2026 00:00:00
|20027848|8992802435000|TRF|03/06/2019 00:00:00|TRF|03/03/2026 00:00:00
|20027850|8992802435024|TRF|03/06/2019 00:00:00|TRF|03/03/2026 00:00:00
|20027865|8992802512114|TRF|03/06/2019 00:00:00|TRF|03/03/2026 00:00:00
|20027867|8992802512107|TRF|03/06/2019 00:00:00|TRF|03/03/2026 00:00:00
|20027871|8998103010762|TRF|23/02/2025 00:00:00|TRF|03/03/2026 00:00:00
|20027910|8993560151041|TRF|03/06/2019 00:00:00|TRF|03/03/2026 00:00:00
|20027963|8997010252753|TRF|03/06/2019 00:00:00|TRF|03/03/2026 00:00:00
|20027997|8994096213296|TRF|03/06/2019 00:00:00|TRF|03/03/2026 00:00:00
|20028001|8999999005450|TRF|03/06/2019 00:00:00|TRF|03/03/2026 00:00:00
|20028001|8999999033170|TRF|03/06/2019 00:00:00|TRF|03/03/2026 00:00:00
|20028001|8999999613174|TRF|12/08/2025 00:00:00|TRF|03/03/2026 00:00:00
|20028002|8999999005504|TRF|03/06/2019 00:00:00|TRF|03/03/2026 00:00:00
|20028002|8999999033187|TRF|03/06/2019 00:00:00|TRF|03/03/2026 00:00:00
|20028002|8999999613228|TRF|27/08/2025 00:00:00|TRF|03/03/2026 00:00:00
|20028005|8993200661657|TRF|03/06/2019 00:00:00|TRF|03/03/2026 00:00:00
|20028227|8999999034610|TRF|03/06/2019 00:00:00|TRF|03/03/2026 00:00:00
|20028227|8999999278441|TRF|03/06/2019 00:00:00|TRF|03/03/2026 00:00:00
|20028329|0027084670974|TRF|03/03/2026 00:00:00||
|20028329|0746775345716|TRF|13/06/2019 00:00:00|TRF|03/03/2026 00:00:00
|20028354|012269|TRF|28/02/2025 00:00:00|TRF|03/03/2026 00:00:00
|20028457|8992931025042|TRF|03/06/2019 00:00:00|TRF|03/03/2026 00:00:00
|20028585|8886013300601|TRF|03/06/2019 00:00:00|TRF|03/03/2026 00:00:00
|20028732|8991102281430|TRF|03/06/2019 00:00:00|TRF|03/03/2026 00:00:00
|20028779|8994096224100|TRF|13/12/2019 00:00:00|TRF|03/03/2026 00:00:00
|20028779|8997010252715|TRF|03/06/2019 00:00:00|TRF|03/03/2026 00:00:00
|20028880|8992726898059|TRF|09/02/2021 00:00:00|TRF|03/03/2026 00:00:00
|20029054|8991102900607|TRF|03/06/2019 00:00:00|TRF|03/03/2026 00:00:00
|20029222|8992804900834|TRF|03/06/2019 00:00:00|TRF|03/03/2026 00:00:00
|20029228|0089686598186|TRF|03/06/2019 00:00:00|TRF|03/03/2026 00:00:00
|20029228|089686598196   |TRF|03/06/2019 00:00:00|TRF|03/03/2026 00:00:00
|20029237|8994096214460|TRF|03/06/2019 00:00:00|TRF|03/03/2026 00:00:00
|20029278|8994112600024|TRF|03/06/2019 00:00:00|TRF|03/03/2026 00:00:00
|20029296|8994096213180|TRF|03/06/2019 00:00:00|TRF|03/03/2026 00:00:00
|20029331|4987072061817|TRF|11/09/2023 00:00:00|TRF|03/03/2026 00:00:00
|20029355|8992694246173|TRF|20/08/2021 00:00:00|TRF|03/03/2026 00:00:00
|20029372|8993189270352|TRF|03/06/2019 00:00:00|TRF|03/03/2026 00:00:00
|20029646|8999999706487|TRF|03/06/2019 00:00:00|TRF|03/03/2026 00:00:00
|20029731|8998989300391|TRF|03/06/2019 00:00:00|TRF|03/03/2026 00:00:00
|20029770|8990057746100|TRF|03/06/2019 00:00:00|TRF|03/03/2026 00:00:00
|20030118|4902430271325|TRF|03/06/2019 00:00:00|TRF|03/03/2026 00:00:00
|20030118|4902430429375|TRF|03/06/2019 00:00:00|TRF|03/03/2026 00:00:00
|20030118|4902430442046|TRF|03/06/2019 00:00:00|TRF|03/03/2026 00:00:00
|20030179|8999777000011|TRF|10/02/2026 00:00:00|TRF|03/03/2026 00:00:00
|20030358|8888166607187|TRF|29/09/2025 00:00:00|TRF|03/03/2026 00:00:00
|20030414|8993200661299|TRF|03/06/2019 00:00:00|TRF|03/03/2026 00:00:00
|20030445|8992857020534|TRF|03/06/2019 00:00:00|TRF|03/03/2026 00:00:00
|20030446|8998866607346|TRF|03/06/2019 00:00:00|TRF|03/03/2026 00:00:00
|20030547|7622300442507|TRF|03/06/2019 00:00:00|TRF|03/03/2026 00:00:00
|20030644|8992775319048|TRF|03/11/2025 00:00:00|TRF|03/03/2026 00:00:00
|20030982|8994096215139|TRF|03/06/2019 00:00:00|TRF|03/03/2026 00:00:00
|20030982|8994096217935|TRF|03/06/2019 00:00:00|TRF|03/03/2026 00:00:00
|20030983|8994096215115|TRF|03/06/2019 00:00:00|TRF|03/03/2026 00:00:00
|20031087|8992907952273|TRF|31/10/2022 00:00:00|TRF|03/03/2026 00:00:00
|20031208|8992727003858|TRF|10/04/2020 00:00:00|TRF|03/03/2026 00:00:00
|20031215|8992727003889|TRF|03/06/2019 00:00:00|TRF|03/03/2026 00:00:00
|20031232|8853301550017|TRF|03/06/2019 00:00:00|TRF|03/03/2026 00:00:00
|20031233|8853301550079|TRF|24/11/2025 00:00:00|TRF|03/03/2026 00:00:00
|20031235|8853301550048|TRF|03/06/2019 00:00:00|TRF|03/03/2026 00:00:00
|20031238|8853301550123|TRF|23/02/2025 00:00:00|TRF|03/03/2026 00:00:00
|20031318|8991002103764|TRF|03/06/2019 00:00:00|TRF|03/03/2026 00:00:00
|20031487|8997228908817|TRF|13/11/2025 00:00:00|TRF|03/03/2026 00:00:00
|20031552|8883241166108|TRF|17/11/2025 00:00:00|TRF|03/03/2026 00:00:00
|20031736|8991102281416|TRF|03/06/2019 00:00:00|TRF|03/03/2026 00:00:00
|20031771|0078895210118|TRF|03/06/2019 00:00:00|TRF|03/03/2026 00:00:00
|20031775|8992718853158|TRF|03/06/2019 00:00:00|TRF|03/03/2026 00:00:00
|20031907|8992933121117|TRF|15/08/2022 00:00:00|TRF|03/03/2026 00:00:00
|20031907|8992933462111|TRF|03/06/2019 00:00:00|TRF|03/03/2026 00:00:00
|20031946|8992933219111|TRF|04/01/2021 00:00:00|TRF|03/03/2026 00:00:00
|20031983|8990800012483|TRF|03/06/2019 00:00:00|TRF|03/03/2026 00:00:00
|20031999|8999999003067|TRF|03/06/2019 00:00:00|TRF|03/03/2026 00:00:00
|20032058|8992753031894|TRF|03/06/2019 00:00:00|TRF|03/03/2026 00:00:00
|20032058|8992753031900|TRF|03/06/2019 00:00:00|TRF|03/03/2026 00:00:00
|20032095|8997207199960|TRF|01/09/2025 00:00:00|TRF|03/03/2026 00:00:00
|20032095|8998127911175|TRF|01/09/2025 00:00:00|TRF|03/03/2026 00:00:00
|20032099|0089686040647|TRF|03/06/2019 00:00:00|TRF|03/03/2026 00:00:00
|20032100|0089686040166|TRF|03/06/2019 00:00:00|TRF|03/03/2026 00:00:00
|20032100|089686040166|TRF|25/07/2023 00:00:00|TRF|03/03/2026 00:00:00
|20032250|8992772198042|TRF|03/06/2019 00:00:00|TRF|03/03/2026 00:00:00
|20032259|8996001524060|TRF|20/05/2021 00:00:00|TRF|03/03/2026 00:00:00
|20032366|8999999005689|TRF|03/06/2019 00:00:00|TRF|03/03/2026 00:00:00
|20032368|8999999005610|TRF|03/06/2019 00:00:00|TRF|03/03/2026 00:00:00
|20032449|4719920080561|TRF|03/06/2019 00:00:00|TRF|03/03/2026 00:00:00
|20032453|4719920080646|TRF|23/02/2025 00:00:00|TRF|03/03/2026 00:00:00
|20032503|8992761136208|TRF|03/06/2019 00:00:00|TRF|03/03/2026 00:00:00
|20032519|8997009510130|TRF|03/06/2019 00:00:00|TRF|03/03/2026 00:00:00
|20032643|8998009011214|TRF|13/04/2020 00:00:00|TRF|03/03/2026 00:00:00
|20032644|8998009010262|TRF|13/04/2020 00:00:00|TRF|03/03/2026 00:00:00
|20032723|8992696418677|TRF|03/06/2019 00:00:00|TRF|03/03/2026 00:00:00
|20032723|8992696428287|TRF|03/06/2019 00:00:00|TRF|03/03/2026 00:00:00
|20032859|004907|TRF|03/06/2019 00:00:00|TRF|03/03/2026 00:00:00
|20032880|8992933463118|TRF|03/06/2019 00:00:00|TRF|03/03/2026 00:00:00
|20032984|8850163900011|TRF|09/08/2022 00:00:00|TRF|03/03/2026 00:00:00
|20032996|0648436100422|TRF|27/02/2025 00:00:00|TRF|03/03/2026 00:00:00
|20033003|4902430249799|TRF|03/06/2019 00:00:00|TRF|03/03/2026 00:00:00
|20033003|4902430429382|TRF|03/06/2019 00:00:00|TRF|03/03/2026 00:00:00
|20033353|0749921030023|TRF|03/06/2019 00:00:00|TRF|03/03/2026 00:00:00
|20033392|8991001502933|TRF|03/06/2019 00:00:00|TRF|03/03/2026 00:00:00
|20033450|0089686611908|TRF|03/06/2019 00:00:00|TRF|03/03/2026 00:00:00
|20033506|8992857010528|TRF|16/03/2024 00:00:00|TRF|03/03/2026 00:00:00
|20033519|8996001304426|TRF|05/08/2019 00:00:00|TRF|03/03/2026 00:00:00
|20033546|8993351129617|TRF|16/03/2024 00:00:00|TRF|03/03/2026 00:00:00
|20033547|8993351128306|TRF|16/03/2024 00:00:00|TRF|03/03/2026 00:00:00
|20033662|8993086636749|TRF|03/06/2019 00:00:00|TRF|03/03/2026 00:00:00
|20033662|8993086638156|TRF|03/06/2019 00:00:00|TRF|03/03/2026 00:00:00
|20033662|8994096226586|TRF|31/10/2022 00:00:00|TRF|03/03/2026 00:00:00
|20033717|005398|TRF|28/02/2025 00:00:00|TRF|03/03/2026 00:00:00
|20033798|8993560155025|TRF|03/06/2019 00:00:00|TRF|03/03/2026 00:00:00
|20033964|007392|TRF|03/06/2019 00:00:00|TRF|03/03/2026 00:00:00
|20033964|8994078021376|TRF|03/06/2019 00:00:00|TRF|03/03/2026 00:00:00
|20033978|7702018017515|TRF|03/06/2019 00:00:00|TRF|03/03/2026 00:00:00
|20034034|8999999719401|TRF|03/06/2019 00:00:00|TRF|03/03/2026 00:00:00
|20034036|8993053121254|TRF|03/06/2019 00:00:00|TRF|03/03/2026 00:00:00
|20034046|0089686646047|TRF|03/06/2019 00:00:00|TRF|03/03/2026 00:00:00
|20034077|8992753033744|TRF|03/06/2019 00:00:00|TRF|03/03/2026 00:00:00
|20034078|8992753033737|TRF|03/06/2019 00:00:00|TRF|03/03/2026 00:00:00
|20034079|8992753033720|TRF|03/06/2019 00:00:00|TRF|03/03/2026 00:00:00
|20034118|8992753281503|TRF|03/06/2019 00:00:00|TRF|03/03/2026 00:00:00
|20034119|8992753283507|TRF|03/06/2019 00:00:00|TRF|03/03/2026 00:00:00
|20034122|8992753883509|TRF|03/06/2019 00:00:00|TRF|03/03/2026 00:00:00
|20034196|8995952004232|TRF|03/06/2019 00:00:00|TRF|03/03/2026 00:00:00
|20034274|8992304009204|TRF|03/06/2019 00:00:00|TRF|03/03/2026 00:00:00
|20034274|8992304084027|TRF|25/03/2020 00:00:00|TRF|03/03/2026 00:00:00
|20034315|0711844120396|TRF|03/06/2019 00:00:00|TRF|03/03/2026 00:00:00
|20034449|8998866105149|TRF|23/02/2025 00:00:00|TRF|03/03/2026 00:00:00
|20034450|8998866105156|TRF|03/06/2019 00:00:00|TRF|03/03/2026 00:00:00
|20034536|8997021870014|TRF|03/06/2019 00:00:00|TRF|03/03/2026 00:00:00
|20034557|006376|TRF|03/06/2019 00:00:00|TRF|03/03/2026 00:00:00
|20034577|8998898101416|TRF|03/06/2019 00:00:00|TRF|03/03/2026 00:00:00
|20034678|8992304009143|TRF|03/06/2019 00:00:00|TRF|03/03/2026 00:00:00
|20034682|8997004301146|TRF|03/06/2019 00:00:00|TRF|03/03/2026 00:00:00
|20034684|8997004301184|TRF|03/06/2019 00:00:00|TRF|03/03/2026 00:00:00
|20034685|8997004301108|TRF|03/06/2019 00:00:00|TRF|03/03/2026 00:00:00
|20034686|8997004301245|TRF|03/06/2019 00:00:00|TRF|03/03/2026 00:00:00
|20034716|8992946521836|TRF|03/06/2019 00:00:00|TRF|03/03/2026 00:00:00
|20034842|4987176008718|TRF|03/06/2019 00:00:00|TRF|03/03/2026 00:00:00
|20035113|8992745550525|TRF|28/10/2022 00:00:00|TRF|03/03/2026 00:00:00
|20035226|8991909101016|TRF|03/06/2019 00:00:00|TRF|03/03/2026 00:00:00
|20035259|8993327400009|TRF|03/06/2019 00:00:00|TRF|03/03/2026 00:00:00
|20035260|8993327400047|TRF|03/06/2019 00:00:00|TRF|03/03/2026 00:00:00
|20035264|8994096214484|TRF|03/06/2019 00:00:00|TRF|03/03/2026 00:00:00
|20035268|0089686043051|TRF|03/06/2019 00:00:00|TRF|03/03/2026 00:00:00
|20035278|8993189270314|TRF|03/06/2019 00:00:00|TRF|03/03/2026 00:00:00
|20035484|8996001600146|TRF|03/06/2019 00:00:00|TRF|03/03/2026 00:00:00
|20035489|8888900415030|TRF|23/02/2025 00:00:00|TRF|03/03/2026 00:00:00
|20035518|8999999008215|TRF|03/06/2019 00:00:00|TRF|03/03/2026 00:00:00
|20035518|8999999047207|TRF|03/06/2019 00:00:00|TRF|03/03/2026 00:00:00
|20035626|8990057782719|TRF|03/06/2019 00:00:00|TRF|03/03/2026 00:00:00
|20035627|8990057782726|TRF|03/06/2019 00:00:00|TRF|03/03/2026 00:00:00
|20035628|8990057882723|TRF|03/06/2019 00:00:00|TRF|03/03/2026 00:00:00
|20035629|8990057782740|TRF|03/06/2019 00:00:00|TRF|03/03/2026 00:00:00
|20035630|8990057882747|TRF|03/06/2019 00:00:00|TRF|03/03/2026 00:00:00
|20035631|8990057782733|TRF|03/06/2019 00:00:00|TRF|03/03/2026 00:00:00
|20035632|8990057882730|TRF|03/06/2019 00:00:00|TRF|03/03/2026 00:00:00
|20035633|8990057782764|TRF|03/06/2019 00:00:00|TRF|03/03/2026 00:00:00
|20035634|8990057882761|TRF|03/06/2019 00:00:00|TRF|03/03/2026 00:00:00
|20035635|8990057782757|TRF|03/06/2019 00:00:00|TRF|03/03/2026 00:00:00
|20035636|8990057882754|TRF|03/06/2019 00:00:00|TRF|03/03/2026 00:00:00
|20035686|8999999008505|TRF|03/06/2019 00:00:00|TRF|03/03/2026 00:00:00
|20035693|5038483193228|TRF|03/06/2019 00:00:00|TRF|03/03/2026 00:00:00
|20035829|8996006856715|TRF|03/06/2019 00:00:00|TRF|03/03/2026 00:00:00
|20035832|8997010760654|TRF|08/03/2023 00:00:00|TRF|03/03/2026 00:00:00
|20035884|8998103011868|TRF|20/08/2021 00:00:00|TRF|03/03/2026 00:00:00
|20035976|8886007000241|TRF|03/06/2019 00:00:00|TRF|03/03/2026 00:00:00
|20035983|006730|TRF|03/03/2026 00:00:00||
|20035983|017277|TRF|03/06/2019 00:00:00|TRF|03/03/2026 00:00:00
|20035998|8992759130065|TRF|03/06/2019 00:00:00|TRF|03/03/2026 00:00:00
|20035999|8992907952327|TRF|03/06/2019 00:00:00|TRF|03/03/2026 00:00:00
|20036000|8992907952358|TRF|03/06/2019 00:00:00|TRF|03/03/2026 00:00:00
|20036031|8990057882716|TRF|03/06/2019 00:00:00|TRF|03/03/2026 00:00:00
|20036047|8998866608725|TRF|03/06/2019 00:00:00|TRF|03/03/2026 00:00:00
|20036082|8999999008062|TRF|03/06/2019 00:00:00|TRF|03/03/2026 00:00:00
|20036130|8883241261933|TRF|17/11/2025 00:00:00|TRF|03/03/2026 00:00:00
|20036130|8883241262695|TRF|17/11/2025 00:00:00|TRF|03/03/2026 00:00:00
|20036130|8883241267157|TRF|17/11/2025 00:00:00|TRF|03/03/2026 00:00:00
|20036135|8997009672418|TRF|17/11/2025 00:00:00|TRF|03/03/2026 00:00:00
|20036148|8991001111883|TRF|03/06/2019 00:00:00|TRF|03/03/2026 00:00:00
|20036157|8996006855145|TRF|03/06/2019 00:00:00|TRF|03/03/2026 00:00:00
|20036191|4902430289511|TRF|03/06/2019 00:00:00|TRF|03/03/2026 00:00:00
|20036191|4902430414296|TRF|03/06/2019 00:00:00|TRF|03/03/2026 00:00:00
|20036194|8998888710161|TRF|13/02/2020 00:00:00|TRF|03/03/2026 00:00:00
|20036197|8992761136161|TRF|12/03/2024 00:00:00|TRF|03/03/2026 00:00:00
|20036198|8992761131012|TRF|03/04/2024 00:00:00|TRF|03/03/2026 00:00:00
|20036199|8992761136185|TRF|12/03/2024 00:00:00|TRF|03/03/2026 00:00:00
|20036200|8992761136178|TRF|12/03/2024 00:00:00|TRF|03/03/2026 00:00:00
|20036239|8997018720018|TRF|25/01/2024 00:00:00|TRF|03/03/2026 00:00:00
|20036241|8992984910135|TRF|03/06/2019 00:00:00|TRF|03/03/2026 00:00:00
|20036265|8993988111016|TRF|12/09/2023 00:00:00|TRF|03/03/2026 00:00:00
|20036334|4719990010154|TRF|02/11/2022 00:00:00|TRF|03/03/2026 00:00:00
|20036344|8992984910128|TRF|03/06/2019 00:00:00|TRF|03/03/2026 00:00:00
|20036430|8999999009601|TRF|03/06/2019 00:00:00|TRF|03/03/2026 00:00:00
|20036430|8999999610104|TRF|03/03/2025 00:00:00|TRF|03/03/2026 00:00:00
|20036562|8993110071119|TRF|17/11/2025 00:00:00|TRF|03/03/2026 00:00:00
|20036590|8994171101371|TRF|03/06/2019 00:00:00|TRF|03/03/2026 00:00:00
|20036713|8992845856992|TRF|03/06/2019 00:00:00|TRF|03/03/2026 00:00:00
|20036738|010198|TRF|03/06/2019 00:00:00|TRF|03/03/2026 00:00:00
|20036752|8993176111279|TRF|03/06/2019 00:00:00|TRF|03/03/2026 00:00:00
|20036765|8992761122430|TRF|03/06/2019 00:00:00|TRF|03/03/2026 00:00:00
|20036782|8993176130591|TRF|08/01/2024 00:00:00|TRF|03/03/2026 00:00:00
|20036783|0089686386462|TRF|29/06/2022 00:00:00|TRF|03/03/2026 00:00:00
|20036783|089686386462|TRF|01/03/2023 00:00:00|TRF|03/03/2026 00:00:00
|20036827|8992745326229|TRF|03/06/2019 00:00:00|TRF|03/03/2026 00:00:00
|20036865|0711844120402|TRF|03/06/2019 00:00:00|TRF|03/03/2026 00:00:00
|20036892|8994096215740|TRF|03/06/2019 00:00:00|TRF|03/03/2026 00:00:00
|20036892|8998778561149|TRF|03/06/2019 00:00:00|TRF|03/03/2026 00:00:00
|20036893|8994096215764|TRF|03/06/2019 00:00:00|TRF|03/03/2026 00:00:00
|20036893|8998778561170|TRF|03/06/2019 00:00:00|TRF|03/03/2026 00:00:00
|20037021|8850267112129|TRF|26/09/2024 00:00:00|TRF|03/03/2026 00:00:00
|20037058|8992745325550|TRF|03/06/2019 00:00:00|TRF|03/03/2026 00:00:00
|20037096|8999099919596|TRF|03/06/2019 00:00:00|TRF|03/03/2026 00:00:00
|20037097|8999099919602|TRF|03/06/2019 00:00:00|TRF|03/03/2026 00:00:00
|20037098|8999099919619|TRF|03/06/2019 00:00:00|TRF|03/03/2026 00:00:00
|20037131|8996006852045|TRF|10/04/2025 00:00:00|TRF|03/03/2026 00:00:00
|20037136|8801128945073|TRF|20/08/2021 00:00:00|TRF|03/03/2026 00:00:00
|20037137|8801128945288|TRF|03/06/2019 00:00:00|TRF|03/03/2026 00:00:00
|20037138|8801128945462|TRF|31/03/2022 00:00:00|TRF|03/03/2026 00:00:00
|20037144|8995227500278|TRF|03/06/2019 00:00:00|TRF|03/03/2026 00:00:00
|20037147|8995227500254|TRF|24/06/2025 00:00:00|TRF|03/03/2026 00:00:00
|20037150|8995227500247|TRF|03/06/2019 00:00:00|TRF|03/03/2026 00:00:00
|20037153|8995227500261|TRF|03/06/2019 00:00:00|TRF|03/03/2026 00:00:00
|20037179|8993027163754|TRF|03/06/2019 00:00:00|TRF|03/03/2026 00:00:00
|20037203|8997021870090|TRF|03/06/2019 00:00:00|TRF|03/03/2026 00:00:00
|20037215|8998866105354|TRF|03/06/2019 00:00:00|TRF|03/03/2026 00:00:00
|20037216|8998866105361|TRF|03/12/2024 00:00:00|TRF|03/03/2026 00:00:00
|20037329|8997013790016|TRF|03/06/2019 00:00:00|TRF|03/03/2026 00:00:00
|20037353|8992770061041|TRF|28/10/2022 00:00:00|TRF|03/03/2026 00:00:00
|20037413|8999908284907|TRF|03/06/2019 00:00:00|TRF|03/03/2026 00:00:00
|20037446|8999999016128|TRF|03/06/2019 00:00:00|TRF|03/03/2026 00:00:00
|20037475|8992907952068|TRF|03/06/2019 00:00:00|TRF|03/03/2026 00:00:00
|20037502|8992758111270|TRF|03/06/2019 00:00:00|TRF|03/03/2026 00:00:00
|20037559|8992304009167|TRF|03/06/2019 00:00:00|TRF|03/03/2026 00:00:00
|20037565|8996001600207|TRF|03/06/2019 00:00:00|TRF|03/03/2026 00:00:00
|20037566|8993496107068|TRF|03/06/2019 00:00:00|TRF|03/03/2026 00:00:00
|20037607|9556001174659|TRF|03/06/2019 00:00:00|TRF|03/03/2026 00:00:00
|20037618|8996001302323|TRF|03/06/2019 00:00:00|TRF|03/03/2026 00:00:00
|20037676|8992779289101|TRF|03/06/2019 00:00:00|TRF|03/03/2026 00:00:00
|20037974|8998009010255|TRF|03/06/2019 00:00:00|TRF|03/03/2026 00:00:00
|20037986|4210201028079|TRF|09/02/2026 00:00:00|TRF|03/03/2026 00:00:00
|20038013|8993093665091|TRF|11/10/2021 00:00:00|TRF|03/03/2026 00:00:00
|20038032|1007500015007|TRF|03/06/2019 00:00:00|TRF|03/03/2026 00:00:00
|20038033|8992266215668|TRF|03/06/2019 00:00:00|TRF|03/03/2026 00:00:00
|20038033|8997225103550|TRF|03/06/2019 00:00:00|TRF|03/03/2026 00:00:00
|20038042|8883241269298|TRF|03/06/2019 00:00:00|TRF|03/03/2026 00:00:00
|20038143|8998989300070|TRF|03/06/2019 00:00:00|TRF|03/03/2026 00:00:00
|20038184|8992959117590|TRF|03/06/2019 00:00:00|TRF|03/03/2026 00:00:00
|20038185|8992959503928|TRF|03/06/2019 00:00:00|TRF|03/03/2026 00:00:00
|20038203|8992980117064|TRF|03/06/2019 00:00:00|TRF|03/03/2026 00:00:00
|20038236|0711844140059|TRF|20/03/2025 00:00:00|TRF|03/03/2026 00:00:00
|20038292|8886022941048|TRF|03/06/2019 00:00:00|TRF|03/03/2026 00:00:00
|20038425|8992802710039|TRF|03/03/2026 00:00:00||
|20038548|8992770034168|TRF|11/10/2021 00:00:00|TRF|03/03/2026 00:00:00
|20038549|8992770034151|TRF|21/09/2020 00:00:00|TRF|03/03/2026 00:00:00
|20038558|8994280133645|TRF|03/06/2019 00:00:00|TRF|03/03/2026 00:00:00
|20038559|8994280123646|TRF|03/06/2019 00:00:00|TRF|03/03/2026 00:00:00
|20038650|007109|TRF|03/06/2019 00:00:00|TRF|03/03/2026 00:00:00
|20038726|8997002050411|TRF|03/06/2019 00:00:00|TRF|03/03/2026 00:00:00
|20038758|4902430400978|TRF|03/06/2019 00:00:00|TRF|03/03/2026 00:00:00
|20038763|4902430400947|TRF|03/06/2019 00:00:00|TRF|03/03/2026 00:00:00
|20038764|4902430401012|TRF|03/06/2019 00:00:00|TRF|03/03/2026 00:00:00
|20038765|4902430401173|TRF|03/06/2019 00:00:00|TRF|03/03/2026 00:00:00
|20038766|4902430400886|TRF|03/06/2019 00:00:00|TRF|03/03/2026 00:00:00
|20038767|4902430400992|TRF|03/06/2019 00:00:00|TRF|03/03/2026 00:00:00
|20038770|4902430400879|TRF|05/07/2019 00:00:00|TRF|03/03/2026 00:00:00
|20038777|8997035600546|TRF|20/08/2021 00:00:00|TRF|03/03/2026 00:00:00
|20038957|8999999007799|TRF|03/06/2019 00:00:00|TRF|03/03/2026 00:00:00
|20038958|8999999007782|TRF|03/06/2019 00:00:00|TRF|03/03/2026 00:00:00
|20038986|4902430418300|TRF|03/06/2019 00:00:00|TRF|03/03/2026 00:00:00
|20039011|8995102702902|TRF|03/06/2019 00:00:00|TRF|03/03/2026 00:00:00
|20039152|007112|TRF|03/06/2019 00:00:00|TRF|03/03/2026 00:00:00
|20039152|8994096111226|TRF|07/04/2025 00:00:00|TRF|03/03/2026 00:00:00
|20039152|8994096213548|TRF|03/06/2019 00:00:00|TRF|03/03/2026 00:00:00
|20039153|007115|TRF|03/06/2019 00:00:00|TRF|03/03/2026 00:00:00
|20039153|8994096111240|TRF|23/12/2024 00:00:00|TRF|03/03/2026 00:00:00
|20039153|8994096215818|TRF|03/06/2019 00:00:00|TRF|03/03/2026 00:00:00
|20039156|007118|TRF|03/06/2019 00:00:00|TRF|03/03/2026 00:00:00
|20039156|8994096110786|TRF|09/02/2024 00:00:00|TRF|03/03/2026 00:00:00
|20039156|8994096112230|TRF|25/03/2025 00:00:00|TRF|03/03/2026 00:00:00
|20039178|8998127514123|TRF|03/06/2019 00:00:00|TRF|03/03/2026 00:00:00
|20039178|8998127912370|TRF|03/06/2019 00:00:00|TRF|03/03/2026 00:00:00
|20039183|8992745120254|TRF|03/07/2019 00:00:00|TRF|03/03/2026 00:00:00
|20039339|8998667300491|TRF|20/01/2024 00:00:00|TRF|03/03/2026 00:00:00
|20039494|8993118731046|TRF|28/10/2022 00:00:00|TRF|03/03/2026 00:00:00
|20039608|8999908266101|TRF|03/06/2019 00:00:00|TRF|03/03/2026 00:00:00
|20039610|8998898853100|TRF|03/06/2019 00:00:00|TRF|03/03/2026 00:00:00
|20039621|8992804000466|TRF|06/05/2025 00:00:00|TRF|03/03/2026 00:00:00
|20039621|8992804900797|TRF|03/06/2019 00:00:00|TRF|03/03/2026 00:00:00
|20039648|8801062267712|TRF|26/01/2025 00:00:00|TRF|03/03/2026 00:00:00
|20039715|9556182023234|TRF|03/06/2019 00:00:00|TRF|03/03/2026 00:00:00
|20039717|9556182023258|TRF|03/06/2019 00:00:00|TRF|03/03/2026 00:00:00
|20039727|8992946523519|TRF|03/06/2019 00:00:00|TRF|03/03/2026 00:00:00
|20039728|8992946523533|TRF|03/06/2019 00:00:00|TRF|03/03/2026 00:00:00
|20039732|9555376800071|TRF|16/03/2024 00:00:00|TRF|03/03/2026 00:00:00
|20039784|8991111152080|TRF|03/06/2019 00:00:00|TRF|03/03/2026 00:00:00
|20039823|013728|TRF|28/02/2025 00:00:00|TRF|03/03/2026 00:00:00
|20040153|8992772265164|TRF|03/06/2019 00:00:00|TRF|03/03/2026 00:00:00
|20040194|8991380700609|TRF|03/06/2019 00:00:00|TRF|03/03/2026 00:00:00
|20040217|8999999001179|TRF|03/06/2019 00:00:00|TRF|03/03/2026 00:00:00
|20040276|8992772586016|TRF|03/06/2019 00:00:00|TRF|03/03/2026 00:00:00
|20040283|008184|TRF|03/06/2019 00:00:00|TRF|03/03/2026 00:00:00
|20040293|8999099920714|TRF|03/06/2019 00:00:00|TRF|03/03/2026 00:00:00
|20040294|8999099920691|TRF|03/06/2019 00:00:00|TRF|03/03/2026 00:00:00
|20040295|8999099920752|TRF|03/06/2019 00:00:00|TRF|03/03/2026 00:00:00
|20040296|8999099920738|TRF|03/06/2019 00:00:00|TRF|03/03/2026 00:00:00
|20040297|8999099920486|TRF|03/06/2019 00:00:00|TRF|03/03/2026 00:00:00
|20040298|8999099920561|TRF|03/06/2019 00:00:00|TRF|03/03/2026 00:00:00
|20040299|8999099920684|TRF|03/06/2019 00:00:00|TRF|03/03/2026 00:00:00
|20040300|8999099920707|TRF|03/06/2019 00:00:00|TRF|03/03/2026 00:00:00
|20040301|8999099920745|TRF|03/06/2019 00:00:00|TRF|03/03/2026 00:00:00
|20040302|8999099920721|TRF|03/06/2019 00:00:00|TRF|03/03/2026 00:00:00
|20040303|8999099920769|TRF|03/06/2019 00:00:00|TRF|03/03/2026 00:00:00
|20040306|8999269471015|TRF|03/06/2019 00:00:00|TRF|03/03/2026 00:00:00
|20040312|8999099920547|TRF|03/06/2019 00:00:00|TRF|03/03/2026 00:00:00
|20040313|8999908356505|TRF|15/09/2025 00:00:00|TRF|03/03/2026 00:00:00
|20040315|8997010253187|TRF|16/03/2024 00:00:00|TRF|03/03/2026 00:00:00
|20040340|8999099920462|TRF|03/06/2019 00:00:00|TRF|03/03/2026 00:00:00
|20040341|8992802063012|TRF|03/06/2019 00:00:00|TRF|03/03/2026 00:00:00
|20040383|8992388133017|TRF|03/06/2019 00:00:00|TRF|03/03/2026 00:00:00
|20040434|8992933621112|TRF|03/06/2019 00:00:00|TRF|03/03/2026 00:00:00
|20040435|8992933622119|TRF|03/06/2019 00:00:00|TRF|03/03/2026 00:00:00
|20040458|0749921000644|TRF|03/06/2019 00:00:00|TRF|03/03/2026 00:00:00
|20040458|749921000644|TRF|03/06/2019 00:00:00|TRF|03/03/2026 00:00:00
|20040504|8997878001517|TRF|03/06/2019 00:00:00|TRF|03/03/2026 00:00:00
|20040510|8995333060703|TRF|03/06/2019 00:00:00|TRF|03/03/2026 00:00:00
|20040528|8995077603433|TRF|03/06/2019 00:00:00|TRF|03/03/2026 00:00:00
|20040575|8999099920998|TRF|03/06/2019 00:00:00|TRF|03/03/2026 00:00:00
|20040608|8998866105736|TRF|03/06/2019 00:00:00|TRF|03/03/2026 00:00:00
|20040609|8998866105743|TRF|03/06/2019 00:00:00|TRF|03/03/2026 00:00:00
|20040611|8998866105781|TRF|27/01/2026 00:00:00|TRF|03/03/2026 00:00:00
|20040702|8999999028701|TRF|03/06/2019 00:00:00|TRF|03/03/2026 00:00:00
|20040705|8992856893160|TRF|03/03/2026 00:00:00||
|20040705|8992856901322|TRF|30/07/2019 00:00:00|TRF|03/03/2026 00:00:00
|20040710|8998667400931|TRF|03/06/2019 00:00:00|TRF|03/03/2026 00:00:00
|20040719|8997021870151|TRF|03/06/2019 00:00:00|TRF|03/03/2026 00:00:00
|20040847|4005808694822|TRF|03/06/2019 00:00:00|TRF|03/03/2026 00:00:00
|20040847|8999777006884|TRF|03/06/2019 00:00:00|TRF|03/03/2026 00:00:00
|20040891|8992770111005|TRF|03/06/2019 00:00:00|TRF|03/03/2026 00:00:00
|20040893|013009|TRF|12/11/2019 00:00:00|TRF|03/03/2026 00:00:00
|20040893|8565130065203|TRF|12/11/2019 00:00:00|TRF|03/03/2026 00:00:00
|20040893|8997204350005|TRF|12/11/2019 00:00:00|TRF|03/03/2026 00:00:00
|20040894|009680|TRF|12/11/2019 00:00:00|TRF|03/03/2026 00:00:00
|20040894|8565130095705|TRF|12/11/2019 00:00:00|TRF|03/03/2026 00:00:00
|20040894|8994763101116|TRF|27/11/2025 00:00:00|TRF|03/03/2026 00:00:00
|20041084|008262|TRF|12/07/2023 00:00:00|TRF|03/03/2026 00:00:00
|20041164|8719200171466|TRF|02/04/2020 00:00:00|TRF|03/03/2026 00:00:00
|20041164|8999999031084|TRF|03/06/2019 00:00:00|TRF|03/03/2026 00:00:00
|20041194|012060|TRF|21/12/2020 00:00:00|TRF|03/03/2026 00:00:00
|20041251|8993175535250|TRF|17/11/2025 00:00:00|TRF|03/03/2026 00:00:00
|20041257|8993189272363|TRF|09/08/2021 00:00:00|TRF|03/03/2026 00:00:00
|20041257|8993189700842|TRF|20/01/2024 00:00:00|TRF|03/03/2026 00:00:00
|20041266|8999999030186|TRF|03/06/2019 00:00:00|TRF|03/03/2026 00:00:00
|20041399|8999999027261|TRF|03/06/2019 00:00:00|TRF|03/03/2026 00:00:00
|20041400|8999999027254|TRF|05/07/2019 00:00:00|TRF|03/03/2026 00:00:00
|20041422|4002309037578|TRF|11/10/2019 00:00:00|TRF|03/03/2026 00:00:00
|20041438|8993417489914|TRF|03/06/2019 00:00:00|TRF|03/03/2026 00:00:00
|20041483|8998866608916|TRF|03/06/2019 00:00:00|TRF|03/03/2026 00:00:00
|20041562|8998866200714|TRF|03/06/2019 00:00:00|TRF|03/03/2026 00:00:00
|20041621|8992003782361|TRF|03/03/2026 00:00:00||
|20041881|8992736925165|TRF|03/06/2019 00:00:00|TRF|03/03/2026 00:00:00
|20042025|9311931024036|TRF|03/06/2019 00:00:00|TRF|03/03/2026 00:00:00
|20042026|8991111152073|TRF|03/06/2019 00:00:00|TRF|03/03/2026 00:00:00
|20042089|8995899250310|TRF|23/02/2025 00:00:00|TRF|03/03/2026 00:00:00
|20042139|8992802064033|TRF|03/06/2019 00:00:00|TRF|03/03/2026 00:00:00
|20042205|009686|TRF|12/07/2023 00:00:00|TRF|03/03/2026 00:00:00
|20042205|034998|TRF|12/07/2023 00:00:00|TRF|03/03/2026 00:00:00
|20042206|8999269491044|TRF|03/06/2019 00:00:00|TRF|03/03/2026 00:00:00
|20042207|8999269481045|TRF|03/06/2019 00:00:00|TRF|03/03/2026 00:00:00
|20042370|8801052755229|TRF|03/06/2019 00:00:00|TRF|03/03/2026 00:00:00
|20042370|8995102708027|TRF|03/06/2019 00:00:00|TRF|03/03/2026 00:00:00
|20042444|8992802021029|TRF|03/06/2019 00:00:00|TRF|03/03/2026 00:00:00
|20042466|8998866609043|TRF|03/06/2019 00:00:00|TRF|03/03/2026 00:00:00
|20042632|8993334210400|TRF|03/06/2019 00:00:00|TRF|03/03/2026 00:00:00
|20042672|8995757020093|TRF|03/06/2019 00:00:00|TRF|03/03/2026 00:00:00
|20042672|8995757035134|TRF|03/06/2019 00:00:00|TRF|03/03/2026 00:00:00
|20042687|8993883260048|TRF|01/12/2022 00:00:00|TRF|03/03/2026 00:00:00
|20042833|8999999029104|TRF|03/06/2019 00:00:00|TRF|03/03/2026 00:00:00
|20042833|8999999034672|TRF|03/06/2019 00:00:00|TRF|03/03/2026 00:00:00
|20042848|8850389108062|TRF|03/06/2019 00:00:00|TRF|03/03/2026 00:00:00
|20042859|8850389108048|TRF|03/06/2019 00:00:00|TRF|03/03/2026 00:00:00
|20042860|8850389108055|TRF|03/06/2019 00:00:00|TRF|03/03/2026 00:00:00
|20042866|8992304015298|TRF|03/06/2019 00:00:00|TRF|03/03/2026 00:00:00
|20042866|8992304083976|TRF|03/06/2025 00:00:00|TRF|03/03/2026 00:00:00
|20042956|8993560033095|TRF|16/03/2024 00:00:00|TRF|03/03/2026 00:00:00
|20042961|8999999032890|TRF|03/06/2019 00:00:00|TRF|03/03/2026 00:00:00
|20042991|8994096213821|TRF|03/06/2019 00:00:00|TRF|03/03/2026 00:00:00
|20043035|8990800013978|TRF|03/06/2019 00:00:00|TRF|03/03/2026 00:00:00
|20043039|8990057182731|TRF|03/06/2019 00:00:00|TRF|03/03/2026 00:00:00
|20043381|8992933465112|TRF|03/06/2019 00:00:00|TRF|03/03/2026 00:00:00
|20043385|8992695754066|TRF|03/06/2019 00:00:00|TRF|03/03/2026 00:00:00
|20043389|8997018460068|TRF|03/06/2019 00:00:00|TRF|03/03/2026 00:00:00
|20043389|8997018460150|TRF|03/06/2019 00:00:00|TRF|03/03/2026 00:00:00
|20043409|8995134500262|TRF|03/06/2019 00:00:00|TRF|03/03/2026 00:00:00
|20043410|8999269481014|TRF|03/06/2019 00:00:00|TRF|03/03/2026 00:00:00
|20043412|8997013770629|TRF|03/06/2019 00:00:00|TRF|03/03/2026 00:00:00
|20043413|8997013770612|TRF|03/06/2019 00:00:00|TRF|03/03/2026 00:00:00
|20043415|8992779005404|TRF|23/02/2025 00:00:00|TRF|03/03/2026 00:00:00
|20043713|8992628311151|TRF|03/06/2019 00:00:00|TRF|03/03/2026 00:00:00
|20043799|0711844120532|TRF|20/03/2025 00:00:00|TRF|03/03/2026 00:00:00
|20043807|8991002109001|TRF|11/01/2023 00:00:00|TRF|03/03/2026 00:00:00
|20043877|8998866500708|TRF|03/06/2019 00:00:00|TRF|03/03/2026 00:00:00
|20043943|8992628310154|TRF|02/06/2025 00:00:00|TRF|03/03/2026 00:00:00
|20043976|012323|TRF|28/02/2025 00:00:00|TRF|03/03/2026 00:00:00
|20044008|8996001355756|TRF|03/06/2019 00:00:00|TRF|03/03/2026 00:00:00
|20044015|8999999030575|TRF|11/12/2023 00:00:00|TRF|03/03/2026 00:00:00
|20044054|4987072022306|TRF|18/05/2020 00:00:00|TRF|03/03/2026 00:00:00
|20044093|4902430474979|TRF|03/06/2019 00:00:00|TRF|03/03/2026 00:00:00
|20044093|8886467100024|TRF|03/06/2019 00:00:00|TRF|03/03/2026 00:00:00
|20044093|8886467130526|TRF|28/01/2026 00:00:00|TRF|03/03/2026 00:00:00
|20044100|8992745320142|TRF|16/03/2024 00:00:00|TRF|03/03/2026 00:00:00
|20044208|8991688890484|TRF|03/06/2019 00:00:00|TRF|03/03/2026 00:00:00
|20044334|8996006000019|TRF|12/07/2024 00:00:00|TRF|03/03/2026 00:00:00
|20044334|8996006856869|TRF|03/06/2019 00:00:00|TRF|03/03/2026 00:00:00
|20044351|8992946525575|TRF|03/06/2019 00:00:00|TRF|03/03/2026 00:00:00
|20044352|8999999031602|TRF|16/10/2025 00:00:00|TRF|03/03/2026 00:00:00
|20044534|8998838080573|TRF|03/06/2019 00:00:00|TRF|03/03/2026 00:00:00
|20044538|8997050802505|TRF|20/08/2021 00:00:00|TRF|03/03/2026 00:00:00
|20044555|8992696427280|TRF|15/01/2026 00:00:00|TRF|03/03/2026 00:00:00
|20044599|8992770096135|TRF|23/02/2025 00:00:00|TRF|03/03/2026 00:00:00
|20044608|9556001030726|TRF|03/06/2019 00:00:00|TRF|03/03/2026 00:00:00
|20044608|9556001198839|TRF|03/06/2019 00:00:00|TRF|03/03/2026 00:00:00
|20044608|9556001239754|TRF|03/06/2019 00:00:00|TRF|03/03/2026 00:00:00
|20044682|012176|TRF|28/02/2025 00:00:00|TRF|03/03/2026 00:00:00
|20044698|8992759210248|TRF|28/12/2020 00:00:00|TRF|03/03/2026 00:00:00
|20044862|8997014450094|TRF|28/10/2022 00:00:00|TRF|03/03/2026 00:00:00
|20044863|013420|TRF|03/06/2019 00:00:00|TRF|03/03/2026 00:00:00
|20044863|8994096111660|TRF|24/02/2025 00:00:00|TRF|03/03/2026 00:00:00
|20044874|8993560027537|TRF|28/10/2022 00:00:00|TRF|03/03/2026 00:00:00
|20045007|021610|TRF|28/02/2025 00:00:00|TRF|03/03/2026 00:00:00
|20045052|8994096213692|TRF|03/06/2019 00:00:00|TRF|03/03/2026 00:00:00
|20045104|0089686611854|TRF|03/06/2019 00:00:00|TRF|03/03/2026 00:00:00
|20045107|5038483223505|TRF|21/10/2020 00:00:00|TRF|03/03/2026 00:00:00
|20045132|8996001304990|TRF|03/06/2019 00:00:00|TRF|03/03/2026 00:00:00
|20045139|8888166995789|TRF|27/09/2019 00:00:00|TRF|03/03/2026 00:00:00
|20045175|8991001503114|TRF|15/08/2021 00:00:00|TRF|03/03/2026 00:00:00
|20045176|8991001503091|TRF|15/08/2021 00:00:00|TRF|03/03/2026 00:00:00
|20045176|8991001503107|TRF|15/08/2021 00:00:00|TRF|03/03/2026 00:00:00
|20045178|8995102800448|TRF|03/06/2019 00:00:00|TRF|03/03/2026 00:00:00
|20045181|0089686017748|TRF|03/06/2019 00:00:00|TRF|03/03/2026 00:00:00
|20045188|013417|TRF|03/06/2019 00:00:00|TRF|03/03/2026 00:00:00
|20045204|8992770011169|TRF|15/09/2025 00:00:00|TRF|03/03/2026 00:00:00
|20045293|8851818936805|TRF|03/06/2019 00:00:00|TRF|03/03/2026 00:00:00
|20045415|8996001600221|TRF|03/06/2019 00:00:00|TRF|03/03/2026 00:00:00
|20045418|8993189272127|TRF|03/06/2019 00:00:00|TRF|03/03/2026 00:00:00
|20045419|8993189272134|TRF|03/06/2019 00:00:00|TRF|03/03/2026 00:00:00
|20045421|8993189272165|TRF|10/01/2023 00:00:00|TRF|03/03/2026 00:00:00
|20045422|8993189272141|TRF|03/06/2019 00:00:00|TRF|03/03/2026 00:00:00
|20045423|8993189272158|TRF|03/06/2019 00:00:00|TRF|03/03/2026 00:00:00
|20045443|8993110001604|TRF|03/06/2019 00:00:00|TRF|03/03/2026 00:00:00
|20045505|8999809102775|TRF|03/06/2019 00:00:00|TRF|03/03/2026 00:00:00
|20045528|8990057182724|TRF|03/06/2019 00:00:00|TRF|03/03/2026 00:00:00
|20045609|8998866200851|TRF|03/06/2019 00:00:00|TRF|03/03/2026 00:00:00
|20045610|8998866200837|TRF|03/06/2019 00:00:00|TRF|03/03/2026 00:00:00
|20045611|8998866200813|TRF|03/06/2019 00:00:00|TRF|03/03/2026 00:00:00
|20045615|8993189272455|TRF|29/06/2020 00:00:00|TRF|03/03/2026 00:00:00
|20045621|8993189272486|TRF|29/06/2020 00:00:00|TRF|03/03/2026 00:00:00
|20045673|8991002121003|TRF|03/06/2019 00:00:00|TRF|03/03/2026 00:00:00
|20045674|8991002121010|TRF|03/06/2019 00:00:00|TRF|03/03/2026 00:00:00
|20045784|8997004301429|TRF|03/06/2019 00:00:00|TRF|03/03/2026 00:00:00
|20045824|011020|TRF|03/06/2019 00:00:00|TRF|03/03/2026 00:00:00
|20045826|011026|TRF|03/06/2019 00:00:00|TRF|03/03/2026 00:00:00
|20045854|8997013630015|TRF|22/04/2021 00:00:00|TRF|03/03/2026 00:00:00
|20045887|8992759430141|TRF|26/01/2025 00:00:00|TRF|03/03/2026 00:00:00
|20045924|4005808713257|TRF|03/06/2019 00:00:00|TRF|03/03/2026 00:00:00
|20045995|8995227501015|TRF|03/06/2019 00:00:00|TRF|03/03/2026 00:00:00
|20045996|8995227500995|TRF|16/03/2024 00:00:00|TRF|03/03/2026 00:00:00
|20046056|8999908392800|TRF|03/06/2019 00:00:00|TRF|03/03/2026 00:00:00
|20046081|8991002103238|TRF|03/06/2019 00:00:00|TRF|03/03/2026 00:00:00
|20046106|8992907952334|TRF|03/06/2019 00:00:00|TRF|03/03/2026 00:00:00
|20046107|8992907 952341|TRF|03/05/2023 00:00:00|TRF|03/03/2026 00:00:00
|20046107|8992907952341|TRF|03/05/2023 00:00:00|TRF|03/03/2026 00:00:00
|20046176|8992727005012|TRF|08/09/2021 00:00:00|TRF|03/03/2026 00:00:00
|20046198|6914973002357|TRF|24/07/2024 00:00:00|TRF|03/03/2026 00:00:00
|20046198|6914973600362|TRF|24/07/2024 00:00:00|TRF|03/03/2026 00:00:00
|20046210|9555222605089|TRF|03/06/2019 00:00:00|TRF|03/03/2026 00:00:00
|20046211|8994096215986|TRF|03/06/2019 00:00:00|TRF|03/03/2026 00:00:00
|20046314|8992761164539|TRF|03/06/2019 00:00:00|TRF|03/03/2026 00:00:00
|20046315|8992761164546|TRF|03/06/2019 00:00:00|TRF|03/03/2026 00:00:00
|20046319|8995227500582|TRF|03/06/2019 00:00:00|TRF|03/03/2026 00:00:00
|20046341|8992696427976|TRF|03/06/2019 00:00:00|TRF|03/03/2026 00:00:00
|20046368|6291100212781|TRF|02/11/2025 00:00:00|TRF|03/03/2026 00:00:00
|20046368|6291100212804|TRF|02/11/2025 00:00:00|TRF|03/03/2026 00:00:00
|20046434|8886013456483|TRF|03/06/2019 00:00:00|TRF|03/03/2026 00:00:00
|20046527|8851818537309|TRF|23/02/2025 00:00:00|TRF|03/03/2026 00:00:00
|20046548|8998866609180|TRF|03/06/2019 00:00:00|TRF|03/03/2026 00:00:00
|20046660|8993137685719|TRF|03/06/2019 00:00:00|TRF|03/03/2026 00:00:00
|20046661|8993137685702|TRF|03/06/2019 00:00:00|TRF|03/03/2026 00:00:00
|20046688|8999999034733|TRF|03/06/2019 00:00:00|TRF|03/03/2026 00:00:00
|20046794|4033100077647|TRF|03/06/2019 00:00:00|TRF|03/03/2026 00:00:00
|20046794|42139447|TRF|03/06/2019 00:00:00|TRF|03/03/2026 00:00:00
|20046794|8997217371004|TRF|23/04/2025 00:00:00|TRF|03/03/2026 00:00:00
|20046841|8997025060022|TRF|16/03/2024 00:00:00|TRF|03/03/2026 00:00:00
|20046842|8997025060053|TRF|16/03/2024 00:00:00|TRF|03/03/2026 00:00:00
|20046858|8992933218114|TRF|03/06/2019 00:00:00|TRF|03/03/2026 00:00:00
|20046862|8998009011696|TRF|16/03/2024 00:00:00|TRF|03/03/2026 00:00:00
|20046903|8992696427945|TRF|03/06/2019 00:00:00|TRF|03/03/2026 00:00:00
|20046903|8992696428300|TRF|03/06/2019 00:00:00|TRF|03/03/2026 00:00:00
|20046907|8992727005111|TRF|03/06/2019 00:00:00|TRF|03/03/2026 00:00:00
|20046908|8992727005135|TRF|03/06/2019 00:00:00|TRF|03/03/2026 00:00:00
|20046933|8718291673590|TRF|03/06/2019 00:00:00|TRF|03/03/2026 00:00:00
|20046933|8718291754428|TRF|03/06/2019 00:00:00|TRF|03/03/2026 00:00:00
|20046933|8718696482506|TRF|03/06/2019 00:00:00|TRF|03/03/2026 00:00:00
|20046933|8718696708996|TRF|03/06/2019 00:00:00|TRF|03/03/2026 00:00:00
|20046933|8718696822845|TRF|03/06/2019 00:00:00|TRF|03/03/2026 00:00:00
|20046979|8994096216235|TRF|03/06/2019 00:00:00|TRF|03/03/2026 00:00:00
|20046980|8994096216259|TRF|03/06/2019 00:00:00|TRF|03/03/2026 00:00:00
|20046981|8994096216273|TRF|03/06/2019 00:00:00|TRF|03/03/2026 00:00:00
|20046992|8993110001567|TRF|03/06/2019 00:00:00|TRF|03/03/2026 00:00:00
|20047037|8994096216310|TRF|03/06/2019 00:00:00|TRF|03/03/2026 00:00:00
|20047217|8999999037765|TRF|03/06/2019 00:00:00|TRF|03/03/2026 00:00:00
|20047244|8850389108314|TRF|03/06/2019 00:00:00|TRF|03/03/2026 00:00:00
|20047245|8850389108277|TRF|03/06/2019 00:00:00|TRF|03/03/2026 00:00:00
|20047247|8992752091127|TRF|03/06/2019 00:00:00|TRF|03/03/2026 00:00:00
|20047250|8992741905206|TRF|15/08/2021 00:00:00|TRF|03/03/2026 00:00:00
|20047284|8993189320286|TRF|03/06/2019 00:00:00|TRF|03/03/2026 00:00:00
|20047323|8999099922985|TRF|03/06/2019 00:00:00|TRF|03/03/2026 00:00:00
|20047324|8999099923005|TRF|03/06/2019 00:00:00|TRF|03/03/2026 00:00:00
|20047335|8997004301436|TRF|03/06/2019 00:00:00|TRF|03/03/2026 00:00:00
|20047568|040002|TRF|07/10/2025 00:00:00|TRF|03/03/2026 00:00:00
|20047616|8998288120935|TRF|03/06/2019 00:00:00|TRF|03/03/2026 00:00:00
|20047617|8998288120928|TRF|03/06/2019 00:00:00|TRF|03/03/2026 00:00:00
|20047809|8995899250341|TRF|03/06/2019 00:00:00|TRF|03/03/2026 00:00:00
|20047928|8999777002954|TRF|03/06/2019 00:00:00|TRF|03/03/2026 00:00:00
|20047965|8997021870328|TRF|03/06/2019 00:00:00|TRF|03/03/2026 00:00:00
|20048021|8998989300155|TRF|03/06/2019 00:00:00|TRF|03/03/2026 00:00:00
|20048096|8851028001690|TRF|11/07/2024 00:00:00|TRF|03/03/2026 00:00:00
|20048155|8996001600252|TRF|03/06/2019 00:00:00|TRF|03/03/2026 00:00:00
|20048211|8998866105989|TRF|12/08/2024 00:00:00|TRF|03/03/2026 00:00:00
|20048310|8992304016967|TRF|03/06/2019 00:00:00|TRF|03/03/2026 00:00:00
|20048348|8996001600191|TRF|08/05/2025 00:00:00|TRF|03/03/2026 00:00:00
|20048362|8992695764065|TRF|03/06/2019 00:00:00|TRF|03/03/2026 00:00:00
|20048363|8992695774064|TRF|03/06/2019 00:00:00|TRF|03/03/2026 00:00:00
|20048435|8998009040283|TRF|03/06/2019 00:00:00|TRF|03/03/2026 00:00:00
|20048539|8992745326687|TRF|03/06/2019 00:00:00|TRF|03/03/2026 00:00:00
|20048540|8992745326694|TRF|03/06/2019 00:00:00|TRF|03/03/2026 00:00:00
|20048546|8999908389008|TRF|11/09/2020 00:00:00|TRF|03/03/2026 00:00:00
|20048563|8851818097803|TRF|19/07/2024 00:00:00|TRF|03/03/2026 00:00:00
|20048582|8991818080068|TRF|23/02/2025 00:00:00|TRF|03/03/2026 00:00:00
|20048582|8991818080112|TRF|23/02/2025 00:00:00|TRF|03/03/2026 00:00:00
|20048645|015840|TRF|03/06/2019 00:00:00|TRF|03/03/2026 00:00:00
|20048646|028843|TRF|03/06/2019 00:00:00|TRF|03/03/2026 00:00:00
|20048647|011214|TRF|03/03/2026 00:00:00||
|20048648|028846|TRF|03/06/2019 00:00:00|TRF|03/03/2026 00:00:00
|20048724|8992741956208|TRF|03/06/2019 00:00:00|TRF|03/03/2026 00:00:00
|20048746|8991906101101|TRF|03/06/2019 00:00:00|TRF|03/03/2026 00:00:00
|20048747|8993347006847|TRF|20/01/2024 00:00:00|TRF|03/03/2026 00:00:00
|20048790|7622300761363|TRF|03/06/2019 00:00:00|TRF|03/03/2026 00:00:00
|20048791|7622300761349|TRF|03/06/2019 00:00:00|TRF|03/03/2026 00:00:00
|20048847|8992759170795|TRF|03/06/2019 00:00:00|TRF|03/03/2026 00:00:00
|20048934|0089686870022|TRF|11/06/2021 00:00:00|TRF|03/03/2026 00:00:00
|20048965|8999999027865|TRF|03/06/2019 00:00:00|TRF|03/03/2026 00:00:00
|20049158|8995757022332|TRF|03/06/2019 00:00:00|TRF|03/03/2026 00:00:00
|20049190|8992775315057|TRF|03/06/2019 00:00:00|TRF|03/03/2026 00:00:00
|20049227|8691216090446|TRF|24/11/2022 00:00:00|TRF|03/03/2026 00:00:00
|20049229|8691216090439|TRF|16/07/2020 00:00:00|TRF|03/03/2026 00:00:00
|20049293|8993053411027|TRF|09/10/2025 00:00:00|TRF|03/03/2026 00:00:00
|20049387|8994096216563|TRF|03/06/2019 00:00:00|TRF|03/03/2026 00:00:00
|20049387|8994096222540|TRF|03/06/2019 00:00:00|TRF|03/03/2026 00:00:00
|20049429|8993137688628|TRF|03/06/2019 00:00:00|TRF|03/03/2026 00:00:00
|20049431|8993137688666|TRF|03/06/2019 00:00:00|TRF|03/03/2026 00:00:00
|20049493|8998888461117|TRF|03/06/2019 00:00:00|TRF|03/03/2026 00:00:00
|20049556|8998866200936|TRF|03/06/2019 00:00:00|TRF|03/03/2026 00:00:00
|20049621|7622210193957|TRF|03/06/2019 00:00:00|TRF|03/03/2026 00:00:00
|20049629|8993176111354|TRF|03/06/2019 00:00:00|TRF|03/03/2026 00:00:00
|20049716|8992745540687|TRF|20/08/2021 00:00:00|TRF|03/03/2026 00:00:00
|20049799|4902430553636|TRF|03/06/2019 00:00:00|TRF|03/03/2026 00:00:00
|20049919|8999999036829|TRF|03/06/2019 00:00:00|TRF|03/03/2026 00:00:00
|20049941|8999999036867|TRF|03/06/2019 00:00:00|TRF|03/03/2026 00:00:00
|20049968|8901138512002|TRF|14/03/2022 00:00:00|TRF|03/03/2026 00:00:00
|20049993|8997004302457|TRF|03/06/2019 00:00:00|TRF|03/03/2026 00:00:00
|20050351|8993560024567|TRF|02/09/2020 00:00:00|TRF|03/03/2026 00:00:00
|20050352|8993560024574|TRF|03/06/2019 00:00:00|TRF|03/03/2026 00:00:00
|20051344|8992802063173|TRF|03/06/2019 00:00:00|TRF|03/03/2026 00:00:00
|20051682|8993110193231|TRF|03/06/2019 00:00:00|TRF|03/03/2026 00:00:00
|20051841|8999777004354|TRF|03/06/2019 00:00:00|TRF|03/03/2026 00:00:00
|20051842|8999777004552|TRF|03/06/2019 00:00:00|TRF|03/03/2026 00:00:00
|20051952|8991102024730|TRF|03/06/2019 00:00:00|TRF|03/03/2026 00:00:00
|20052031|8998866106160|TRF|03/06/2019 00:00:00|TRF|03/03/2026 00:00:00
|20052043|8992304039614|TRF|03/06/2019 00:00:00|TRF|03/03/2026 00:00:00
|20052056|011505|TRF|27/11/2019 00:00:00|TRF|03/03/2026 00:00:00
|20052056|11967330|TRF|27/11/2019 00:00:00|TRF|03/03/2026 00:00:00
|20052296|8994096215696|TRF|03/06/2019 00:00:00|TRF|03/03/2026 00:00:00
|20052297|011068|TRF|03/06/2019 00:00:00|TRF|03/03/2026 00:00:00
|20052297|011931|TRF|03/06/2019 00:00:00|TRF|03/03/2026 00:00:00
|20052298|011108|TRF|03/06/2019 00:00:00|TRF|03/03/2026 00:00:00
|20052298|011933|TRF|03/06/2019 00:00:00|TRF|03/03/2026 00:00:00
|20052299|011136|TRF|03/06/2019 00:00:00|TRF|03/03/2026 00:00:00
|20052299|011936|TRF|03/06/2019 00:00:00|TRF|03/03/2026 00:00:00
|20052311|8999898962533|TRF|10/04/2025 00:00:00|TRF|03/03/2026 00:00:00
|20052321|8998866608732|TRF|03/06/2019 00:00:00|TRF|03/03/2026 00:00:00
|20052330|011544|TRF|30/12/2019 00:00:00|TRF|03/03/2026 00:00:00
|20052331|011555|TRF|30/12/2019 00:00:00|TRF|03/03/2026 00:00:00
|20052334|011561|TRF|30/12/2019 00:00:00|TRF|03/03/2026 00:00:00
|20052391|8998866200844|TRF|03/06/2019 00:00:00|TRF|03/03/2026 00:00:00
|20052425|8992870610101|TRF|03/06/2019 00:00:00|TRF|03/03/2026 00:00:00
|20052439|8995899130339|TRF|21/09/2020 00:00:00|TRF|03/03/2026 00:00:00
|20052495|8992907952594|TRF|03/06/2019 00:00:00|TRF|03/03/2026 00:00:00
|20052530|0076930232415|TRF|25/02/2025 00:00:00|TRF|03/03/2026 00:00:00
|20052530|0630509359080|TRF|25/02/2025 00:00:00|TRF|03/03/2026 00:00:00
|20052530|5010994484927|TRF|25/02/2025 00:00:00|TRF|03/03/2026 00:00:00
|20052548|8998667400948|TRF|03/06/2019 00:00:00|TRF|03/03/2026 00:00:00
|20052583|8801073110502|TRF|03/06/2019 00:00:00|TRF|03/03/2026 00:00:00
|20052628|8990333811218|TRF|03/06/2019 00:00:00|TRF|03/03/2026 00:00:00
|20052629|8996129804099|TRF|03/06/2019 00:00:00|TRF|03/03/2026 00:00:00
|20052630|8990333811317|TRF|03/06/2019 00:00:00|TRF|03/03/2026 00:00:00
|20052643|8992858564105|TRF|24/02/2022 00:00:00|TRF|03/03/2026 00:00:00
|20052662|8993560033309|TRF|03/06/2019 00:00:00|TRF|03/03/2026 00:00:00
|20052689|4902430377195|TRF|03/06/2019 00:00:00|TRF|03/03/2026 00:00:00
|20052690|4902430377379|TRF|03/06/2019 00:00:00|TRF|03/03/2026 00:00:00
|20052734|8801056005672|TRF|08/07/2025 00:00:00|TRF|03/03/2026 00:00:00
|20052754|8992771009882|TRF|20/08/2021 00:00:00|TRF|03/03/2026 00:00:00
|20052766|8992709958701|TRF|03/06/2019 00:00:00|TRF|03/03/2026 00:00:00
|20052766|8992952956288|TRF|21/03/2023 00:00:00|TRF|03/03/2026 00:00:00
|20052776|8992741904315|TRF|03/06/2019 00:00:00|TRF|03/03/2026 00:00:00
|20052782|8992304047152|TRF|03/06/2019 00:00:00|TRF|03/03/2026 00:00:00
|20052812|8993200663057|TRF|03/06/2019 00:00:00|TRF|03/03/2026 00:00:00
|20052859|8886467100260|TRF|03/06/2019 00:00:00|TRF|03/03/2026 00:00:00
|20052860|8886467100246|TRF|09/09/2024 00:00:00|TRF|03/03/2026 00:00:00
|20052877|8992628650151|TRF|11/10/2021 00:00:00|TRF|03/03/2026 00:00:00
|20052902|8718291754404|TRF|25/02/2025 00:00:00|TRF|03/03/2026 00:00:00
|20052902|8718696484906|TRF|25/02/2025 00:00:00|TRF|03/03/2026 00:00:00
|20052902|8718696484920|TRF|25/02/2025 00:00:00|TRF|03/03/2026 00:00:00
|20052902|8718696822807|TRF|25/02/2025 00:00:00|TRF|03/03/2026 00:00:00
|20052902|8718699658144|TRF|25/02/2025 00:00:00|TRF|03/03/2026 00:00:00
|20052907|8992696427990|TRF|03/06/2019 00:00:00|TRF|03/03/2026 00:00:00
|20052931|8994096212404|TRF|26/01/2025 00:00:00|TRF|03/03/2026 00:00:00
|20052934|8996001305003|TRF|03/06/2019 00:00:00|TRF|03/03/2026 00:00:00
|20053052|4002309037219|TRF|03/06/2019 00:00:00|TRF|03/03/2026 00:00:00
|20053054|8991002106345|TRF|23/02/2025 00:00:00|TRF|03/03/2026 00:00:00
|20053058|8992727005302|TRF|03/06/2019 00:00:00|TRF|03/03/2026 00:00:00
|20053059|8992727005289|TRF|03/06/2019 00:00:00|TRF|03/03/2026 00:00:00
|20053155|8994214110162|TRF|03/06/2019 00:00:00|TRF|03/03/2026 00:00:00
|20053183|8992222054492|TRF|03/06/2019 00:00:00|TRF|03/03/2026 00:00:00
|20053216|8888166996083|TRF|05/02/2021 00:00:00|TRF|03/03/2026 00:00:00
|20053295|4801010127321|TRF|20/08/2021 00:00:00|TRF|03/03/2026 00:00:00
|20053360|8990800014227|TRF|03/06/2019 00:00:00|TRF|03/03/2026 00:00:00
|20053378|0021105033458|TRF|03/06/2019 00:00:00|TRF|03/03/2026 00:00:00
|20053378|8886457666004|TRF|03/06/2019 00:00:00|TRF|03/03/2026 00:00:00
|20053540|8992772585026|TRF|03/06/2019 00:00:00|TRF|03/03/2026 00:00:00
|20053561|8992806816836|TRF|23/02/2025 00:00:00|TRF|03/03/2026 00:00:00
|20053613|8994096213531|TRF|23/02/2025 00:00:00|TRF|03/03/2026 00:00:00
|20053639|8992993250123|TRF|25/02/2025 00:00:00|TRF|03/03/2026 00:00:00
|20053649|8992304047428|TRF|03/06/2019 00:00:00|TRF|03/03/2026 00:00:00
|20053651|8992304047435|TRF|03/06/2019 00:00:00|TRF|03/03/2026 00:00:00
|20053651|8994993002627|TRF|03/06/2025 00:00:00|TRF|03/03/2026 00:00:00
|20053690|8999777004163|TRF|03/06/2019 00:00:00|TRF|03/03/2026 00:00:00
|20053745|8993175537810|TRF|03/11/2025 00:00:00|TRF|03/03/2026 00:00:00
|20053796|8998866803694|TRF|03/06/2019 00:00:00|TRF|03/03/2026 00:00:00
|20053799|8992702006003|TRF|03/06/2019 00:00:00|TRF|03/03/2026 00:00:00
|20053803|8994573590162|TRF|20/01/2024 00:00:00|TRF|03/03/2026 00:00:00
|20053867|8991102228053|TRF|03/06/2019 00:00:00|TRF|03/03/2026 00:00:00
|20053891|8994096213234|TRF|03/06/2019 00:00:00|TRF|03/03/2026 00:00:00
|20053892|8994096213258|TRF|03/06/2019 00:00:00|TRF|03/03/2026 00:00:00
|20054022|8992152728955|TRF|03/06/2019 00:00:00|TRF|03/03/2026 00:00:00
|20054022|8997234100014|TRF|02/03/2020 00:00:00|TRF|03/03/2026 00:00:00
|20054028|0089686401820|TRF|03/06/2019 00:00:00|TRF|03/03/2026 00:00:00
|20054091|8993031015049|TRF|03/06/2019 00:00:00|TRF|03/03/2026 00:00:00
|20054151|8992745140962|TRF|03/06/2019 00:00:00|TRF|03/03/2026 00:00:00
|20054184|8993118936946|TRF|16/09/2025 00:00:00|TRF|03/03/2026 00:00:00
|20054184|8994096111134|TRF|16/09/2025 00:00:00|TRF|03/03/2026 00:00:00
|20054184|8994096112506|TRF|16/09/2025 00:00:00|TRF|03/03/2026 00:00:00
|20054184|8997204401127|TRF|16/09/2025 00:00:00|TRF|03/03/2026 00:00:00
|20054250|8998899994659|TRF|09/01/2025 00:00:00|TRF|03/03/2026 00:00:00
|20054385|8999999042257|TRF|03/06/2019 00:00:00|TRF|03/03/2026 00:00:00
|20054562|8998989300179|TRF|03/06/2019 00:00:00|TRF|03/03/2026 00:00:00
|20054589|8993007002967|TRF|03/06/2019 00:00:00|TRF|03/03/2026 00:00:00
|20054610|8999999041731|TRF|16/03/2024 00:00:00|TRF|03/03/2026 00:00:00
|20054633|9311931029017|TRF|28/10/2022 00:00:00|TRF|03/03/2026 00:00:00
|20054657|8994096217591|TRF|03/06/2019 00:00:00|TRF|03/03/2026 00:00:00
|20054658|8994096217607|TRF|03/06/2019 00:00:00|TRF|03/03/2026 00:00:00
|20054691|8997204440003|TRF|03/06/2019 00:00:00|TRF|03/03/2026 00:00:00
|20054692|8997204440041|TRF|03/06/2019 00:00:00|TRF|03/03/2026 00:00:00
|20054693|8997204440010|TRF|03/06/2019 00:00:00|TRF|03/03/2026 00:00:00
|20054716|8999777004484|TRF|03/06/2019 00:00:00|TRF|03/03/2026 00:00:00
|20054747|8998866803649|TRF|03/06/2019 00:00:00|TRF|03/03/2026 00:00:00
|20054750|8999999042608|TRF|03/06/2019 00:00:00|TRF|03/03/2026 00:00:00
|20054750|8999999584122|TRF|15/04/2022 00:00:00|TRF|03/03/2026 00:00:00
|20054753|7622210086693|TRF|03/06/2019 00:00:00|TRF|03/03/2026 00:00:00
|20054754|7622210086679|TRF|03/06/2019 00:00:00|TRF|03/03/2026 00:00:00
|20054820|021622|TRF|28/02/2025 00:00:00|TRF|03/03/2026 00:00:00
|20054821|021628|TRF|28/02/2025 00:00:00|TRF|03/03/2026 00:00:00
|20054822|021631|TRF|28/02/2025 00:00:00|TRF|03/03/2026 00:00:00
|20054823|021634|TRF|28/02/2025 00:00:00|TRF|03/03/2026 00:00:00
|20054825|021625|TRF|28/02/2025 00:00:00|TRF|03/03/2026 00:00:00
|20054826|021649|TRF|28/02/2025 00:00:00|TRF|03/03/2026 00:00:00
|20054830|021646|TRF|28/02/2025 00:00:00|TRF|03/03/2026 00:00:00
|20054875|024010|TRF|03/06/2019 00:00:00|TRF|03/03/2026 00:00:00
|20054876|024114|TRF|03/06/2019 00:00:00|TRF|03/03/2026 00:00:00
|20054877|024163|TRF|03/06/2019 00:00:00|TRF|03/03/2026 00:00:00
|20054913|96068809|TRF|03/06/2019 00:00:00|TRF|03/03/2026 00:00:00
|20054917|8993417200069|TRF|03/06/2019 00:00:00|TRF|03/03/2026 00:00:00
|20054951|8998898151411|TRF|03/06/2019 00:00:00|TRF|03/03/2026 00:00:00
|20054963|012190|TRF|03/06/2019 00:00:00|TRF|03/03/2026 00:00:00
|20054965|8997204440034|TRF|03/06/2019 00:00:00|TRF|03/03/2026 00:00:00
|20054969|8992003783405|TRF|03/06/2019 00:00:00|TRF|03/03/2026 00:00:00
|20055060|8998127912363|TRF|03/06/2019 00:00:00|TRF|03/03/2026 00:00:00
|20055060|8998181941132|TRF|03/06/2019 00:00:00|TRF|03/03/2026 00:00:00
|20055062|8992856897786|TRF|03/06/2019 00:00:00|TRF|03/03/2026 00:00:00
|20055144|8999908450906|TRF|04/06/2024 00:00:00|TRF|03/03/2026 00:00:00
|20055204|8997032680299|TRF|03/06/2019 00:00:00|TRF|03/03/2026 00:00:00
|20055205|8997032680275|TRF|03/06/2019 00:00:00|TRF|03/03/2026 00:00:00
|20055209|8994096215238|TRF|03/06/2019 00:00:00|TRF|03/03/2026 00:00:00
|20055211|8994096215252|TRF|03/06/2019 00:00:00|TRF|03/03/2026 00:00:00
|20055226|8992802710022|TRF|20/08/2021 00:00:00|TRF|03/03/2026 00:00:00
|20055262|8992745380245|TRF|03/11/2023 00:00:00|TRF|03/03/2026 00:00:00
|20055265|8993365131538|TRF|03/06/2019 00:00:00|TRF|03/03/2026 00:00:00
|20055268|8994096212862|TRF|03/06/2019 00:00:00|TRF|03/03/2026 00:00:00
|20055286|8992696426962|TRF|03/06/2019 00:00:00|TRF|03/03/2026 00:00:00
|20055287|8992696426948|TRF|03/06/2019 00:00:00|TRF|03/03/2026 00:00:00
|20055289|8994112481241|TRF|26/11/2020 00:00:00|TRF|03/03/2026 00:00:00
|20055289|8994112481265|TRF|26/11/2020 00:00:00|TRF|03/03/2026 00:00:00
|20055289|8994112481364|TRF|04/10/2022 00:00:00|TRF|03/03/2026 00:00:00
|20055290|8718291754503|TRF|03/06/2019 00:00:00|TRF|03/03/2026 00:00:00
|20055290|8718696482520|TRF|03/06/2019 00:00:00|TRF|03/03/2026 00:00:00
|20055290|8718696708958|TRF|03/06/2019 00:00:00|TRF|03/03/2026 00:00:00
|20055290|8718696822883|TRF|03/06/2019 00:00:00|TRF|03/03/2026 00:00:00
|20055300|8994171101784|TRF|03/06/2019 00:00:00|TRF|03/03/2026 00:00:00
|20055311|8993175537285|TRF|03/06/2019 00:00:00|TRF|03/03/2026 00:00:00
|20055312|8993175537346|TRF|03/06/2019 00:00:00|TRF|03/03/2026 00:00:00
|20055358|8992770111012|TRF|03/06/2019 00:00:00|TRF|03/03/2026 00:00:00
|20055496|8997014450155|TRF|28/10/2022 00:00:00|TRF|03/03/2026 00:00:00
|20055602|8993417200083|TRF|03/06/2019 00:00:00|TRF|03/03/2026 00:00:00
|20055603|8993417200076|TRF|03/06/2019 00:00:00|TRF|03/03/2026 00:00:00
|20055762|8997029820028|TRF|22/09/2021 00:00:00|TRF|03/03/2026 00:00:00
|20055795|8997032821272|TRF|03/06/2019 00:00:00|TRF|03/03/2026 00:00:00
|20055798|4902430553643|TRF|05/07/2019 00:00:00|TRF|03/03/2026 00:00:00
|20055841|8994096218062|TRF|03/06/2019 00:00:00|TRF|03/03/2026 00:00:00
|20055855|8992907952631|TRF|03/06/2019 00:00:00|TRF|03/03/2026 00:00:00
|20055950|0800142384262|TRF|03/06/2019 00:00:00|TRF|03/03/2026 00:00:00
|20056050|013029|TRF|12/11/2019 00:00:00|TRF|03/03/2026 00:00:00
|20056193|8991002121065|TRF|03/06/2019 00:00:00|TRF|03/03/2026 00:00:00
|20056214|8997878002224|TRF|03/03/2026 00:00:00||
|20056219|8997030380016|TRF|03/06/2019 00:00:00|TRF|03/03/2026 00:00:00
|20056311|8992858617900|TRF|03/06/2019 00:00:00|TRF|03/03/2026 00:00:00
|20056340|8887549597862|TRF|03/06/2019 00:00:00|TRF|03/03/2026 00:00:00
|20056340|8887549599491|TRF|03/06/2019 00:00:00|TRF|03/03/2026 00:00:00
|20056356|8992946526206|TRF|11/03/2025 00:00:00|TRF|03/03/2026 00:00:00
|20056357|8992821102372|TRF|03/06/2019 00:00:00|TRF|03/03/2026 00:00:00
|20056487|8997029780032|TRF|26/01/2025 00:00:00|TRF|03/03/2026 00:00:00
|20056601|8991380010449|TRF|16/09/2019 00:00:00|TRF|03/03/2026 00:00:00
|20056609|040280|TRF|25/01/2021 00:00:00|TRF|03/03/2026 00:00:00
|20056641|8994096213883|TRF|03/06/2019 00:00:00|TRF|03/03/2026 00:00:00
|20056643|8994096213937|TRF|03/06/2019 00:00:00|TRF|03/03/2026 00:00:00
|20056644|8994096215801|TRF|03/06/2019 00:00:00|TRF|03/03/2026 00:00:00
|20056645|8997002052675|TRF|03/06/2019 00:00:00|TRF|03/03/2026 00:00:00
|20056799|8993189321313|TRF|29/06/2020 00:00:00|TRF|03/03/2026 00:00:00
|20056800|8997011930636|TRF|23/02/2025 00:00:00|TRF|03/03/2026 00:00:00
|20056930|8999099923739|TRF|03/06/2019 00:00:00|TRF|03/03/2026 00:00:00
|20056958|0089686611878|TRF|03/06/2019 00:00:00|TRF|03/03/2026 00:00:00
|20056971|017968|TRF|03/06/2019 00:00:00|TRF|03/03/2026 00:00:00
|20056977|8992775203422|TRF|03/06/2019 00:00:00|TRF|03/03/2026 00:00:00
|20056978|8994096218505|TRF|03/06/2019 00:00:00|TRF|03/03/2026 00:00:00
|20056978|8995757827128|TRF|03/06/2019 00:00:00|TRF|03/03/2026 00:00:00
|20056989|8997028440012|TRF|03/06/2019 00:00:00|TRF|03/03/2026 00:00:00
|20057224|8990057182717|TRF|03/06/2019 00:00:00|TRF|03/03/2026 00:00:00
|20057229|8999908444806|TRF|03/06/2019 00:00:00|TRF|03/03/2026 00:00:00
|20057290|8992736225463|TRF|16/10/2021 00:00:00|TRF|03/03/2026 00:00:00
|20057362|8993137690942|TRF|03/06/2019 00:00:00|TRF|03/03/2026 00:00:00
|20057442|80974482|TRF|03/06/2019 00:00:00|TRF|03/03/2026 00:00:00
|20057444|80768258|TRF|03/06/2019 00:00:00|TRF|03/03/2026 00:00:00
|20057475|8888166603462|TRF|03/06/2019 00:00:00|TRF|03/03/2026 00:00:00
|20057573|8997204440065|TRF|03/06/2019 00:00:00|TRF|03/03/2026 00:00:00
|20057700|016763|TRF|03/06/2019 00:00:00|TRF|03/03/2026 00:00:00
|20057702|8991380010524|TRF|03/06/2019 00:00:00|TRF|03/03/2026 00:00:00
|20057702|8992304010293|TRF|03/06/2019 00:00:00|TRF|03/03/2026 00:00:00
|20057705|8998667300279|TRF|20/01/2024 00:00:00|TRF|03/03/2026 00:00:00
|20057730|8994834001192|TRF|13/04/2020 00:00:00|TRF|03/03/2026 00:00:00
|20057840|8993347004904|TRF|20/01/2024 00:00:00|TRF|03/03/2026 00:00:00
|20057841|8997021870571|TRF|03/06/2019 00:00:00|TRF|03/03/2026 00:00:00
|20057865|8851019510132|TRF|03/06/2019 00:00:00|TRF|03/03/2026 00:00:00
|20057865|8990044000031|TRF|24/11/2022 00:00:00|TRF|03/03/2026 00:00:00
|20057867|8997009781110|TRF|03/06/2019 00:00:00|TRF|03/03/2026 00:00:00
|20057868|8993560025212|TRF|03/06/2019 00:00:00|TRF|03/03/2026 00:00:00
|20057868|8993560025236|TRF|26/05/2023 00:00:00|TRF|03/03/2026 00:00:00
|20057932|6949080000033|TRF|27/11/2019 00:00:00|TRF|03/03/2026 00:00:00
|20058026|8998989500166|TRF|27/09/2023 00:00:00|TRF|03/03/2026 00:00:00
|20058061|0800142384408|TRF|23/10/2023 00:00:00|TRF|03/03/2026 00:00:00
|20058306|8997014450216|TRF|03/06/2019 00:00:00|TRF|03/03/2026 00:00:00
|20059240|8992003783672|TRF|23/10/2025 00:00:00|TRF|03/03/2026 00:00:00
|20059788|8998866106474|TRF|03/06/2019 00:00:00|TRF|03/03/2026 00:00:00
|20059859|8995899210529|TRF|03/06/2019 00:00:00|TRF|03/03/2026 00:00:00
|20059866|8999999045920|TRF|03/06/2019 00:00:00|TRF|03/03/2026 00:00:00
|20059867|8999999045913|TRF|03/06/2019 00:00:00|TRF|03/03/2026 00:00:00
|20059985|021619|TRF|28/02/2025 00:00:00|TRF|03/03/2026 00:00:00
|20059986|021640|TRF|28/02/2025 00:00:00|TRF|03/03/2026 00:00:00
|20060010|8997015101100|TRF|23/02/2025 00:00:00|TRF|03/03/2026 00:00:00
|20060022|8992082130275|TRF|03/06/2019 00:00:00|TRF|03/03/2026 00:00:00
|20060207|0089686821086|TRF|03/06/2019 00:00:00|TRF|03/03/2026 00:00:00
|20060207|089686821086|TRF|03/06/2019 00:00:00|TRF|03/03/2026 00:00:00
|20060210|8994096218390|TRF|03/06/2019 00:00:00|TRF|03/03/2026 00:00:00
|20060210|8994096226524|TRF|09/08/2022 00:00:00|TRF|03/03/2026 00:00:00
|20060290|8992802004046|TRF|03/06/2019 00:00:00|TRF|03/03/2026 00:00:00
|20060300|4033100066726|TRF|03/06/2019 00:00:00|TRF|03/03/2026 00:00:00
|20060300|8997217371028|TRF|23/04/2025 00:00:00|TRF|03/03/2026 00:00:00
|20060370|8991002103832|TRF|28/10/2022 00:00:00|TRF|03/03/2026 00:00:00
|20060371|8991002103337|TRF|28/10/2022 00:00:00|TRF|03/03/2026 00:00:00
|20060386|8998866609784|TRF|03/06/2019 00:00:00|TRF|03/03/2026 00:00:00
|20060392|8998866609722|TRF|09/12/2021 00:00:00|TRF|03/03/2026 00:00:00
|20060393|8998866609739|TRF|03/06/2019 00:00:00|TRF|03/03/2026 00:00:00
|20060469|6281034903572|TRF|03/06/2019 00:00:00|TRF|03/03/2026 00:00:00
|20060469|8992761122492|TRF|03/06/2019 00:00:00|TRF|03/03/2026 00:00:00
|20060710|8801062636358|TRF|26/01/2025 00:00:00|TRF|03/03/2026 00:00:00
|20061189|8997002053870|TRF|03/06/2019 00:00:00|TRF|03/03/2026 00:00:00
|20061582|8993365150010|TRF|03/06/2019 00:00:00|TRF|03/03/2026 00:00:00
|20061707|8993137692472|TRF|03/06/2019 00:00:00|TRF|03/03/2026 00:00:00
|20061748|8998866610223|TRF|03/06/2019 00:00:00|TRF|03/03/2026 00:00:00
|20061785|8994096218529|TRF|16/09/2025 00:00:00|TRF|03/03/2026 00:00:00
|20061938|8992775613009|TRF|03/06/2019 00:00:00|TRF|03/03/2026 00:00:00
|20062099|8992907952549|TRF|03/06/2019 00:00:00|TRF|03/03/2026 00:00:00
|20062125|8991906105758|TRF|03/06/2019 00:00:00|TRF|03/03/2026 00:00:00
|20062263|8992771001725|TRF|20/08/2021 00:00:00|TRF|03/03/2026 00:00:00
|20062306|8999999049409|TRF|03/06/2019 00:00:00|TRF|03/03/2026 00:00:00
|20062306|8999999580735|TRF|18/01/2022 00:00:00|TRF|03/03/2026 00:00:00
|20062307|8999999049669|TRF|03/06/2019 00:00:00|TRF|03/03/2026 00:00:00
|20062307|8999999580773|TRF|18/01/2022 00:00:00|TRF|03/03/2026 00:00:00
|20062308|8999999049423|TRF|03/06/2019 00:00:00|TRF|03/03/2026 00:00:00
|20062308|8999999580742|TRF|18/01/2022 00:00:00|TRF|03/03/2026 00:00:00
|20062309|8999999049430|TRF|03/06/2019 00:00:00|TRF|03/03/2026 00:00:00
|20062309|8999999580766|TRF|18/01/2022 00:00:00|TRF|03/03/2026 00:00:00
|20062310|8999999049447|TRF|03/06/2019 00:00:00|TRF|03/03/2026 00:00:00
|20062311|8999999049454|TRF|03/06/2019 00:00:00|TRF|03/03/2026 00:00:00
|20062312|8999999049461|TRF|03/06/2019 00:00:00|TRF|03/03/2026 00:00:00
|20062314|8999999049508|TRF|03/06/2019 00:00:00|TRF|03/03/2026 00:00:00
|20062323|8991002105089|TRF|31/10/2024 00:00:00|TRF|03/03/2026 00:00:00
|20062365|8998866200882|TRF|03/06/2019 00:00:00|TRF|03/03/2026 00:00:00
|20062411|8999999049492|TRF|03/06/2019 00:00:00|TRF|03/03/2026 00:00:00
|20062464|8994096218628|TRF|03/06/2019 00:00:00|TRF|03/03/2026 00:00:00
|20062816|8994755030479|TRF|03/06/2019 00:00:00|TRF|03/03/2026 00:00:00
|20062818|0089686827798|TRF|03/06/2019 00:00:00|TRF|03/03/2026 00:00:00
|20062839|8851019210223|TRF|03/06/2019 00:00:00|TRF|03/03/2026 00:00:00
|20062839|8990044000048|TRF|24/11/2022 00:00:00|TRF|03/03/2026 00:00:00
|20062852|7622210462534|TRF|03/06/2019 00:00:00|TRF|03/03/2026 00:00:00
|20062854|8888166992504|TRF|03/06/2019 00:00:00|TRF|03/03/2026 00:00:00
|20062867|8992802080033|TRF|03/06/2019 00:00:00|TRF|03/03/2026 00:00:00
|20062877|7622210398055|TRF|03/06/2019 00:00:00|TRF|03/03/2026 00:00:00
|20062961|8997204210019|TRF|16/09/2025 00:00:00|TRF|03/03/2026 00:00:00
|20062966|8995077601897|TRF|10/10/2019 00:00:00|TRF|03/03/2026 00:00:00
|20062966|8995077609381|TRF|10/10/2019 00:00:00|TRF|03/03/2026 00:00:00
|20062974|8993176720808|TRF|03/06/2019 00:00:00|TRF|03/03/2026 00:00:00
|20063027|0711844120440|TRF|03/06/2019 00:00:00|TRF|03/03/2026 00:00:00
|20063092|8991001770486|TRF|03/06/2019 00:00:00|TRF|03/03/2026 00:00:00
|20063093|8991001503213|TRF|18/06/2023 00:00:00|TRF|03/03/2026 00:00:00
|20063155|8997035600928|TRF|03/06/2019 00:00:00|TRF|03/03/2026 00:00:00
|20063269|8998866609746|TRF|05/07/2019 00:00:00|TRF|03/03/2026 00:00:00
|20063288|8993053121360|TRF|03/06/2019 00:00:00|TRF|03/03/2026 00:00:00
|20063359|8996001302637|TRF|03/06/2019 00:00:00|TRF|03/03/2026 00:00:00
|20063363|4547691712905|TRF|03/06/2019 00:00:00|TRF|03/03/2026 00:00:00
|20063488|8996001305072|TRF|05/08/2019 00:00:00|TRF|03/03/2026 00:00:00
|20063736|4987188567425|TRF|03/06/2019 00:00:00|TRF|03/03/2026 00:00:00
|20063736|8935106521376|TRF|03/06/2019 00:00:00|TRF|03/03/2026 00:00:00
|20063862|8990800017037|TRF|21/03/2024 00:00:00|TRF|03/03/2026 00:00:00
|20064016|8994096218949|TRF|03/06/2019 00:00:00|TRF|03/03/2026 00:00:00
|20064017|8994096218963|TRF|03/06/2019 00:00:00|TRF|03/03/2026 00:00:00
|20064018|8991102102810|TRF|03/06/2019 00:00:00|TRF|03/03/2026 00:00:00
|20064072|8850477002074|TRF|28/10/2022 00:00:00|TRF|03/03/2026 00:00:00
|20064072|8994125000521|TRF|28/10/2022 00:00:00|TRF|03/03/2026 00:00:00
|20064079|8993468613078|TRF|03/06/2019 00:00:00|TRF|03/03/2026 00:00:00
|20064079|8993468914717|TRF|03/06/2019 00:00:00|TRF|03/03/2026 00:00:00
|20064079|8993468916162|TRF|03/06/2019 00:00:00|TRF|03/03/2026 00:00:00
|20064088|8999909000377|TRF|03/06/2019 00:00:00|TRF|03/03/2026 00:00:00
|20064089|8999909000483|TRF|03/06/2019 00:00:00|TRF|03/03/2026 00:00:00
|20064211|010040|TRF|12/07/2023 00:00:00|TRF|03/03/2026 00:00:00
|20064216|8992745140955|TRF|03/06/2019 00:00:00|TRF|03/03/2026 00:00:00
|20064412|0711844120419|TRF|23/02/2025 00:00:00|TRF|03/03/2026 00:00:00
|20064413|8992727005975|TRF|12/06/2023 00:00:00|TRF|03/03/2026 00:00:00
|20064414|8992727005982|TRF|29/05/2024 00:00:00|TRF|03/03/2026 00:00:00
|20064426|8886013221203|TRF|31/03/2020 00:00:00|TRF|03/03/2026 00:00:00
|20064471|9310022866500|TRF|03/06/2019 00:00:00|TRF|03/03/2026 00:00:00
|20064502|8998898336412|TRF|03/06/2019 00:00:00|TRF|03/03/2026 00:00:00
|20064503|8998898335415|TRF|17/05/2022 00:00:00|TRF|03/03/2026 00:00:00
|20064556|0787214013582|TRF|03/06/2019 00:00:00|TRF|03/03/2026 00:00:00
|20064912|8994096218796|TRF|28/10/2022 00:00:00|TRF|03/03/2026 00:00:00
|20064913|8994096218789|TRF|03/06/2019 00:00:00|TRF|03/03/2026 00:00:00
|20064920|8992741905558|TRF|03/06/2019 00:00:00|TRF|03/03/2026 00:00:00
|20064956|0089686420210|TRF|01/04/2020 00:00:00|TRF|03/03/2026 00:00:00
|20065041|8809296885801|TRF|03/06/2019 00:00:00|TRF|03/03/2026 00:00:00
|20065043|8993200663828|TRF|02/04/2023 00:00:00|TRF|03/03/2026 00:00:00
|20065095|8710428020222|TRF|08/04/2025 00:00:00|TRF|03/03/2026 00:00:00
|20065095|8886451007940|TRF|08/04/2025 00:00:00|TRF|03/03/2026 00:00:00
|20065096|8992775315095|TRF|03/06/2019 00:00:00|TRF|03/03/2026 00:00:00
|20065180|8851019210254|TRF|03/06/2019 00:00:00|TRF|03/03/2026 00:00:00
|20065236|8992736225401|TRF|03/06/2019 00:00:00|TRF|03/03/2026 00:00:00
|20065248|8997035601017|TRF|31/10/2023 00:00:00|TRF|03/03/2026 00:00:00
|20065379|8999099924811|TRF|03/06/2019 00:00:00|TRF|03/03/2026 00:00:00
|20065412|021616|TRF|30/03/2022 00:00:00|TRF|03/03/2026 00:00:00
|20065412|8997022120019|TRF|10/06/2023 00:00:00|TRF|03/03/2026 00:00:00
|20065412|8997225490025|TRF|25/02/2023 00:00:00|TRF|03/03/2026 00:00:00
|20065430|8999777007690|TRF|03/06/2019 00:00:00|TRF|03/03/2026 00:00:00
|20065462|8992959930120|TRF|10/01/2023 00:00:00|TRF|03/03/2026 00:00:00
|20065463|8992959053331|TRF|29/06/2020 00:00:00|TRF|03/03/2026 00:00:00
|20065464|8992959053232|TRF|29/06/2020 00:00:00|TRF|03/03/2026 00:00:00
|20065487|8994280143644|TRF|03/06/2019 00:00:00|TRF|03/03/2026 00:00:00
|20065778|8992761002015|TRF|03/06/2019 00:00:00|TRF|03/03/2026 00:00:00
|20065779|8992761002022|TRF|03/06/2019 00:00:00|TRF|03/03/2026 00:00:00
|20065780|8992761002039|TRF|03/06/2019 00:00:00|TRF|03/03/2026 00:00:00
|20066050|8998888712196|TRF|20/01/2020 00:00:00|TRF|03/03/2026 00:00:00
|20066052|8998888712295|TRF|23/02/2025 00:00:00|TRF|03/03/2026 00:00:00
|20066084|8993110001581|TRF|30/09/2022 00:00:00|TRF|03/03/2026 00:00:00
|20066299|8998888170224|TRF|13/11/2025 00:00:00|TRF|03/03/2026 00:00:00
|20066311|0800142384248|TRF|03/06/2019 00:00:00|TRF|03/03/2026 00:00:00
|20066311|800142384248|TRF|14/03/2024 00:00:00|TRF|03/03/2026 00:00:00
|20066374|8992952956295|TRF|14/08/2023 00:00:00|TRF|03/03/2026 00:00:00
|20066374|8994096219175|TRF|03/06/2019 00:00:00|TRF|03/03/2026 00:00:00
|20066384|9555122000311|TRF|25/09/2019 00:00:00|TRF|03/03/2026 00:00:00
|20066384|9555122000571|TRF|25/09/2019 00:00:00|TRF|03/03/2026 00:00:00
|20066440|8992696430860|TRF|03/06/2019 00:00:00|TRF|03/03/2026 00:00:00
|20066440|8992696525078|TRF|14/07/2022 00:00:00|TRF|03/03/2026 00:00:00
|20066454|8996006858160|TRF|03/06/2019 00:00:00|TRF|03/03/2026 00:00:00
|20066455|8996006858085|TRF|03/06/2019 00:00:00|TRF|03/03/2026 00:00:00
|20066462|8888166338425|TRF|03/06/2019 00:00:00|TRF|03/03/2026 00:00:00
|20066494|8999099923531|TRF|02/11/2023 00:00:00|TRF|03/03/2026 00:00:00
|20066636|6009800461091|TRF|13/09/2019 00:00:00|TRF|03/03/2026 00:00:00
|20066636|8994983000015|TRF|13/09/2019 00:00:00|TRF|03/03/2026 00:00:00
|20067034|8992832604193|TRF|03/06/2019 00:00:00|TRF|03/03/2026 00:00:00
|20067035|8992832604223|TRF|03/06/2019 00:00:00|TRF|03/03/2026 00:00:00
|20067198|8994096219298|TRF|03/06/2019 00:00:00|TRF|03/03/2026 00:00:00
|20067200|8999999055714|TRF|03/06/2019 00:00:00|TRF|03/03/2026 00:00:00
|20067201|8999999055721|TRF|16/03/2024 00:00:00|TRF|03/03/2026 00:00:00
|20067202|8999999053048|TRF|03/06/2019 00:00:00|TRF|03/03/2026 00:00:00
|20067203|8999999052973|TRF|03/06/2019 00:00:00|TRF|03/03/2026 00:00:00
|20067209|8999999052959|TRF|03/06/2019 00:00:00|TRF|03/03/2026 00:00:00
|20067210|8999999053031|TRF|03/06/2019 00:00:00|TRF|03/03/2026 00:00:00
|20067228|8991111153049|TRF|03/06/2019 00:00:00|TRF|03/03/2026 00:00:00
|20067246|8999999047887|TRF|05/07/2019 00:00:00|TRF|03/03/2026 00:00:00
|20067253|8992959974018|TRF|03/06/2019 00:00:00|TRF|03/03/2026 00:00:00
|20067359|8999999048501|TRF|03/06/2019 00:00:00|TRF|03/03/2026 00:00:00
|20067395|8992718853530|TRF|03/06/2019 00:00:00|TRF|03/03/2026 00:00:00
|20067449|8999999055776|TRF|03/06/2019 00:00:00|TRF|03/03/2026 00:00:00
|20067468|8997204440225|TRF|03/06/2019 00:00:00|TRF|03/03/2026 00:00:00
|20067474|8993149623815|TRF|03/06/2019 00:00:00|TRF|03/03/2026 00:00:00
|20067585|8998866805353|TRF|03/06/2019 00:00:00|TRF|03/03/2026 00:00:00
|20067586|8998866805438|TRF|15/12/2025 00:00:00|TRF|03/03/2026 00:00:00
|20067618|8992702016958|TRF|03/06/2019 00:00:00|TRF|03/03/2026 00:00:00
|20067618|8997011069169|TRF|03/06/2019 00:00:00|TRF|03/03/2026 00:00:00
|20067680|0089686621020|TRF|31/12/2021 00:00:00|TRF|03/03/2026 00:00:00
|20067868|8994171102040|TRF|25/02/2021 00:00:00|TRF|03/03/2026 00:00:00
|20067962|8999999045937|TRF|03/06/2019 00:00:00|TRF|03/03/2026 00:00:00
|20067962|8999999610098|TRF|03/03/2025 00:00:00|TRF|03/03/2026 00:00:00
|20067963|8999999046989|TRF|03/06/2019 00:00:00|TRF|03/03/2026 00:00:00
|20067964|8999999046996|TRF|03/06/2019 00:00:00|TRF|03/03/2026 00:00:00
|20068089|8997206580141|TRF|03/06/2019 00:00:00|TRF|03/03/2026 00:00:00
|20068089|8997225200013|TRF|03/06/2019 00:00:00|TRF|03/03/2026 00:00:00
|20068183|8992946530968|TRF|03/06/2019 00:00:00|TRF|03/03/2026 00:00:00
|20068238|8998866608046|TRF|23/02/2025 00:00:00|TRF|03/03/2026 00:00:00
|20068396|96091777|TRF|03/06/2019 00:00:00|TRF|03/03/2026 00:00:00
|20068532|046134|TRF|20/02/2025 00:00:00|TRF|03/03/2026 00:00:00
|20068536|8995108509499|TRF|03/06/2019 00:00:00|TRF|03/03/2026 00:00:00
|20068904|8997033690310|TRF|03/06/2019 00:00:00|TRF|03/03/2026 00:00:00
|20068905|8992753004010|TRF|03/06/2019 00:00:00|TRF|03/03/2026 00:00:00
|20068906|8992753004034|TRF|03/06/2019 00:00:00|TRF|03/03/2026 00:00:00
|20069092|8994096220096|TRF|16/09/2025 00:00:00|TRF|03/03/2026 00:00:00
|20069146|8990057723392|TRF|03/06/2019 00:00:00|TRF|03/03/2026 00:00:00
|20069147|8990057723408|TRF|03/06/2019 00:00:00|TRF|03/03/2026 00:00:00
|20069149|8991102987639|TRF|03/06/2019 00:00:00|TRF|03/03/2026 00:00:00
|20069199|8995227502074|TRF|03/06/2019 00:00:00|TRF|03/03/2026 00:00:00
|20069202|0711844150027|TRF|17/11/2025 00:00:00|TRF|03/03/2026 00:00:00
|20069202|711844150027|TRF|17/11/2025 00:00:00|TRF|03/03/2026 00:00:00
|20069204|8852961003246|TRF|03/06/2019 00:00:00|TRF|03/03/2026 00:00:00
|20069205|9555163306588|TRF|03/06/2019 00:00:00|TRF|03/03/2026 00:00:00
|20069208|8996001600269|TRF|03/06/2019 00:00:00|TRF|03/03/2026 00:00:00
|20069227|8999999055769|TRF|03/06/2019 00:00:00|TRF|03/03/2026 00:00:00
|20069527|8992388133345|TRF|03/06/2019 00:00:00|TRF|03/03/2026 00:00:00
|20069546|8994096219793|TRF|03/06/2019 00:00:00|TRF|03/03/2026 00:00:00
|20069547|8994096219816|TRF|03/06/2019 00:00:00|TRF|03/03/2026 00:00:00
|20069549|8994096219830|TRF|03/06/2019 00:00:00|TRF|03/03/2026 00:00:00
|20069566|8992839009991|TRF|17/11/2025 00:00:00|TRF|03/03/2026 00:00:00
|20069567|8992839008888|TRF|17/11/2025 00:00:00|TRF|03/03/2026 00:00:00
|20069630|8992855888228|TRF|03/06/2019 00:00:00|TRF|03/03/2026 00:00:00
|20069632|8992855888235|TRF|03/06/2019 00:00:00|TRF|03/03/2026 00:00:00
|20069634|8992855888198|TRF|03/06/2019 00:00:00|TRF|03/03/2026 00:00:00
|20069636|8992855888105|TRF|03/06/2019 00:00:00|TRF|03/03/2026 00:00:00
|20069650|6914253436681|TRF|03/06/2019 00:00:00|TRF|03/03/2026 00:00:00
|20069665|015029|TRF|12/07/2023 00:00:00|TRF|03/03/2026 00:00:00
|20069690|017778|TRF|07/05/2025 00:00:00|TRF|03/03/2026 00:00:00
|20069696|8997004302501|TRF|29/01/2020 00:00:00|TRF|03/03/2026 00:00:00
|20069699|96091876|TRF|03/06/2019 00:00:00|TRF|03/03/2026 00:00:00
|20069701|8994023000050|TRF|12/04/2021 00:00:00|TRF|03/03/2026 00:00:00
|20069768|8993118731077|TRF|03/06/2019 00:00:00|TRF|03/03/2026 00:00:00
|20069773|8998866610377|TRF|03/06/2019 00:00:00|TRF|03/03/2026 00:00:00
|20069791|8998989300230|TRF|03/06/2019 00:00:00|TRF|03/03/2026 00:00:00
|20069792|8992695190208|TRF|20/01/2024 00:00:00|TRF|03/03/2026 00:00:00
|20069793|8993417165238|TRF|03/06/2019 00:00:00|TRF|03/03/2026 00:00:00
|20069844|8997004302518|TRF|17/11/2020 00:00:00|TRF|03/03/2026 00:00:00
|20069848|8990114000268|TRF|18/12/2025 00:00:00|TRF|03/03/2026 00:00:00
|20069848|8998009700484|TRF|03/06/2019 00:00:00|TRF|03/03/2026 00:00:00
|20069856|8994096219939|TRF|03/06/2019 00:00:00|TRF|03/03/2026 00:00:00
|20069857|8994096219953|TRF|03/06/2019 00:00:00|TRF|03/03/2026 00:00:00
|20069858|8993365140356|TRF|03/06/2019 00:00:00|TRF|03/03/2026 00:00:00
|20070033|8993027163907|TRF|03/06/2019 00:00:00|TRF|03/03/2026 00:00:00
|20070068|8994942002319|TRF|03/06/2019 00:00:00|TRF|03/03/2026 00:00:00
|20070110|8999908439505|TRF|03/06/2019 00:00:00|TRF|03/03/2026 00:00:00
|20070126|8999908045706|TRF|03/06/2019 00:00:00|TRF|03/03/2026 00:00:00
|20070151|8992832604322|TRF|03/06/2019 00:00:00|TRF|03/03/2026 00:00:00
|20070152|8992832604353|TRF|03/06/2019 00:00:00|TRF|03/03/2026 00:00:00
|20070168|016236|TRF|12/07/2023 00:00:00|TRF|03/03/2026 00:00:00
|20070168|017886|TRF|12/07/2023 00:00:00|TRF|03/03/2026 00:00:00
|20070183|8998866106191|TRF|03/06/2019 00:00:00|TRF|03/03/2026 00:00:00
|20070253|8992753700103|TRF|03/06/2019 00:00:00|TRF|03/03/2026 00:00:00
|20070380|017912|TRF|14/11/2024 00:00:00|TRF|03/03/2026 00:00:00
|20070380|6291100197149|TRF|14/11/2024 00:00:00|TRF|03/03/2026 00:00:00
|20070380|6291108232927|TRF|14/11/2024 00:00:00|TRF|03/03/2026 00:00:00
|20070383|8999999056841|TRF|03/06/2019 00:00:00|TRF|03/03/2026 00:00:00
|20070447|8997032821302|TRF|03/06/2019 00:00:00|TRF|03/03/2026 00:00:00
|20070537|8885013130508|TRF|21/08/2019 00:00:00|TRF|03/03/2026 00:00:00
|20070537|8885013131864|TRF|27/12/2021 00:00:00|TRF|03/03/2026 00:00:00
|20070537|8997033170027|TRF|21/08/2019 00:00:00|TRF|03/03/2026 00:00:00
|20070539|8885013130058|TRF|21/08/2019 00:00:00|TRF|03/03/2026 00:00:00
|20070569|8993007005975|TRF|28/04/2022 00:00:00|TRF|03/03/2026 00:00:00
|20070579|8994096220881|TRF|03/06/2019 00:00:00|TRF|03/03/2026 00:00:00
|20070618|8999909000544|TRF|03/06/2019 00:00:00|TRF|03/03/2026 00:00:00
|20070629|6922877760181|TRF|03/06/2019 00:00:00|TRF|03/03/2026 00:00:00
|20070687|8993189322266|TRF|03/06/2019 00:00:00|TRF|03/03/2026 00:00:00
|20070688|8993189322273|TRF|25/02/2025 00:00:00|TRF|03/03/2026 00:00:00
|20070711|8992727005371|TRF|03/06/2019 00:00:00|TRF|03/03/2026 00:00:00
|20070712|8992727005418|TRF|03/06/2019 00:00:00|TRF|03/03/2026 00:00:00
|20070713|8992946530944|TRF|03/06/2019 00:00:00|TRF|03/03/2026 00:00:00
|20070739|8999809103796|TRF|03/06/2019 00:00:00|TRF|03/03/2026 00:00:00
|20070867|8992718853561|TRF|03/06/2019 00:00:00|TRF|03/03/2026 00:00:00
|20071089|8888021301786|TRF|03/06/2019 00:00:00|TRF|03/03/2026 00:00:00
|20071105|8992745545088|TRF|20/08/2021 00:00:00|TRF|03/03/2026 00:00:00
|20071123|8994096220669|TRF|03/06/2019 00:00:00|TRF|03/03/2026 00:00:00
|20071457|8991001802132|TRF|23/02/2025 00:00:00|TRF|03/03/2026 00:00:00
|20071471|8991001802125|TRF|23/02/2025 00:00:00|TRF|03/03/2026 00:00:00
|20071479|8992957352153|TRF|23/02/2025 00:00:00|TRF|03/03/2026 00:00:00
|20071507|8934804006444|TRF|13/06/2025 00:00:00|TRF|03/03/2026 00:00:00
|20071510|8992802037129|TRF|20/08/2021 00:00:00|TRF|03/03/2026 00:00:00
|20071511|8992933771114|TRF|03/06/2019 00:00:00|TRF|03/03/2026 00:00:00
|20071587|8991111153070|TRF|17/04/2023 00:00:00|TRF|03/03/2026 00:00:00
|20071599|8992222073264|TRF|01/08/2019 00:00:00|TRF|03/03/2026 00:00:00
|20071626|4719910181322|TRF|03/06/2019 00:00:00|TRF|03/03/2026 00:00:00
|20071629|4801010120223|TRF|17/09/2025 00:00:00|TRF|03/03/2026 00:00:00
|20071642|8992772586030|TRF|03/06/2019 00:00:00|TRF|03/03/2026 00:00:00
|20071671|8994096219144|TRF|03/06/2019 00:00:00|TRF|03/03/2026 00:00:00
|20071676|8993137692335|TRF|03/06/2019 00:00:00|TRF|03/03/2026 00:00:00
|20071678|8993137692526|TRF|03/06/2019 00:00:00|TRF|03/03/2026 00:00:00
|20071686|8999099924828|TRF|03/06/2019 00:00:00|TRF|03/03/2026 00:00:00
|20071707|8999777008543|TRF|03/06/2019 00:00:00|TRF|03/03/2026 00:00:00
|20071746|8996001350140|TRF|03/06/2019 00:00:00|TRF|03/03/2026 00:00:00
|20071767|8992696424647|TRF|03/06/2019 00:00:00|TRF|03/03/2026 00:00:00
|20071775|8998899995090|TRF|03/06/2019 00:00:00|TRF|03/03/2026 00:00:00
|20071776|8993176120066|TRF|03/06/2019 00:00:00|TRF|03/03/2026 00:00:00
|20071780|8998866201469|TRF|03/06/2019 00:00:00|TRF|03/03/2026 00:00:00
|20071781|8998866201490|TRF|03/06/2019 00:00:00|TRF|03/03/2026 00:00:00
|20071797|8993175538947|TRF|03/06/2019 00:00:00|TRF|03/03/2026 00:00:00
|20071827|8999999045265|TRF|03/06/2019 00:00:00|TRF|03/03/2026 00:00:00
|20071871|017275|TRF|03/06/2019 00:00:00|TRF|03/03/2026 00:00:00
|20072006|8999908432605|TRF|03/06/2019 00:00:00|TRF|03/03/2026 00:00:00
|20072194|8999178650235|TRF|03/06/2019 00:00:00|TRF|03/03/2026 00:00:00
|20072195|8999178654332|TRF|03/06/2019 00:00:00|TRF|03/03/2026 00:00:00
|20072230|8994096219359|TRF|03/06/2019 00:00:00|TRF|03/03/2026 00:00:00
|20072249|8996006858016|TRF|03/06/2019 00:00:00|TRF|03/03/2026 00:00:00
|20072287|8851123212861|TRF|28/08/2024 00:00:00|TRF|03/03/2026 00:00:00
|20072316|8995077602788|TRF|15/08/2021 00:00:00|TRF|03/03/2026 00:00:00
|20072317|8999999500689|TRF|03/06/2019 00:00:00|TRF|03/03/2026 00:00:00
|20072317|8999999513757|TRF|03/06/2019 00:00:00|TRF|03/03/2026 00:00:00
|20072320|8994096220010|TRF|03/06/2019 00:00:00|TRF|03/03/2026 00:00:00
|20072322|8994096220034|TRF|03/06/2019 00:00:00|TRF|03/03/2026 00:00:00
|20072325|8994096219977|TRF|03/06/2019 00:00:00|TRF|03/03/2026 00:00:00
|20072367|7622210640994|TRF|03/06/2019 00:00:00|TRF|03/03/2026 00:00:00
|20072368|7622210681614|TRF|03/06/2019 00:00:00|TRF|03/03/2026 00:00:00
|20072370|8994096219335|TRF|03/06/2019 00:00:00|TRF|03/03/2026 00:00:00
|20072570|8992736280516|TRF|03/06/2019 00:00:00|TRF|03/03/2026 00:00:00
|20072575|8998866201377|TRF|03/06/2019 00:00:00|TRF|03/03/2026 00:00:00
|20072581|8997206300046|TRF|03/06/2019 00:00:00|TRF|03/03/2026 00:00:00
|20072582|8997206300053|TRF|03/06/2019 00:00:00|TRF|03/03/2026 00:00:00
|20072596|8992907952891|TRF|03/06/2019 00:00:00|TRF|03/03/2026 00:00:00
|20072673|8999999034061|TRF|20/08/2021 00:00:00|TRF|03/03/2026 00:00:00
|20072801|8992761166212|TRF|03/06/2019 00:00:00|TRF|03/03/2026 00:00:00
|20072802|8992761166229|TRF|08/09/2024 00:00:00|TRF|03/03/2026 00:00:00
|20072833|044006|TRF|28/02/2025 00:00:00|TRF|03/03/2026 00:00:00
|20072834|8999999059903|TRF|03/06/2019 00:00:00|TRF|03/03/2026 00:00:00
|20072835|8999999059934|TRF|03/06/2019 00:00:00|TRF|03/03/2026 00:00:00
|20072837|8994096221215|TRF|03/06/2019 00:00:00|TRF|03/03/2026 00:00:00
|20072919|8998866500531|TRF|07/05/2025 00:00:00|TRF|03/03/2026 00:00:00
|20072923|8998866500500|TRF|21/12/2020 00:00:00|TRF|03/03/2026 00:00:00
|20072924|8998866500609|TRF|11/07/2022 00:00:00|TRF|03/03/2026 00:00:00
|20072925|8998866500555|TRF|21/12/2020 00:00:00|TRF|03/03/2026 00:00:00
|20073043|8994171102118|TRF|03/06/2019 00:00:00|TRF|03/03/2026 00:00:00
|20073377|6928820029572|TRF|03/06/2019 00:00:00|TRF|03/03/2026 00:00:00
|20073396|8996006857705|TRF|03/06/2019 00:00:00|TRF|03/03/2026 00:00:00
|20073409|8996001305041|TRF|03/06/2019 00:00:00|TRF|03/03/2026 00:00:00
|20073420|8999809103598|TRF|03/06/2019 00:00:00|TRF|03/03/2026 00:00:00
|20073425|8994096219403|TRF|03/06/2019 00:00:00|TRF|03/03/2026 00:00:00
|20073425|8994096224117|TRF|09/03/2020 00:00:00|TRF|03/03/2026 00:00:00
|20073425|8994096227040|TRF|15/04/2023 00:00:00|TRF|03/03/2026 00:00:00
|20073426|021736|TRF|03/06/2019 00:00:00|TRF|03/03/2026 00:00:00
|20073495|8996006858115|TRF|03/06/2019 00:00:00|TRF|03/03/2026 00:00:00
|20073496|0089686535068|TRF|03/06/2019 00:00:00|TRF|03/03/2026 00:00:00
|20073499|8998866610438|TRF|03/06/2019 00:00:00|TRF|03/03/2026 00:00:00
|20073514|8998866806015|TRF|10/02/2020 00:00:00|TRF|03/03/2026 00:00:00
|20073638|8992959953174|TRF|03/06/2019 00:00:00|TRF|03/03/2026 00:00:00
|20073639|8992959953181|TRF|03/06/2019 00:00:00|TRF|03/03/2026 00:00:00
|20073640|8992959953198|TRF|03/06/2019 00:00:00|TRF|03/03/2026 00:00:00
|20073671|8991688890699|TRF|03/06/2019 00:00:00|TRF|03/03/2026 00:00:00
|20073805|8998866610421|TRF|16/03/2024 00:00:00|TRF|03/03/2026 00:00:00
|20073817|017049|TRF|03/06/2019 00:00:00|TRF|03/03/2026 00:00:00
|20073867|8994280125091|TRF|03/06/2019 00:00:00|TRF|03/03/2026 00:00:00
|20073868|8994280145099|TRF|03/06/2019 00:00:00|TRF|03/03/2026 00:00:00
|20073869|8994280125084|TRF|03/06/2019 00:00:00|TRF|03/03/2026 00:00:00
|20073870|8994280135083|TRF|03/06/2019 00:00:00|TRF|03/03/2026 00:00:00
|20073871|8801052033655|TRF|03/06/2019 00:00:00|TRF|03/03/2026 00:00:00
|20073871|8995102708171|TRF|03/06/2019 00:00:00|TRF|03/03/2026 00:00:00
|20073974|8992857130202|TRF|03/06/2019 00:00:00|TRF|03/03/2026 00:00:00
|20073984|8993014731348|TRF|03/06/2019 00:00:00|TRF|03/03/2026 00:00:00
|20073997|8888166609709|TRF|17/11/2025 00:00:00|TRF|03/03/2026 00:00:00
|20074001|8993175540285|TRF|17/11/2025 00:00:00|TRF|03/03/2026 00:00:00
|20074004|8992839690113|TRF|17/11/2025 00:00:00|TRF|03/03/2026 00:00:00
|20074112|0089686043273|TRF|03/06/2019 00:00:00|TRF|03/03/2026 00:00:00
|20074122|8886457630166|TRF|09/07/2020 00:00:00|TRF|03/03/2026 00:00:00
|20074147|8999099928611|TRF|03/06/2019 00:00:00|TRF|03/03/2026 00:00:00
|20074226|4902430453028|TRF|03/06/2019 00:00:00|TRF|03/03/2026 00:00:00
|20074269|018652|TRF|28/02/2025 00:00:00|TRF|03/03/2026 00:00:00
|20074270|018731|TRF|28/02/2025 00:00:00|TRF|03/03/2026 00:00:00
|20074271|023442|TRF|28/02/2025 00:00:00|TRF|03/03/2026 00:00:00
|20074272|023445|TRF|28/02/2025 00:00:00|TRF|03/03/2026 00:00:00
|20074275|023454|TRF|28/02/2025 00:00:00|TRF|03/03/2026 00:00:00
|20074276|023457|TRF|28/02/2025 00:00:00|TRF|03/03/2026 00:00:00
|20074280|023475|TRF|28/02/2025 00:00:00|TRF|03/03/2026 00:00:00
|20074281|023478|TRF|28/02/2025 00:00:00|TRF|03/03/2026 00:00:00
|20074300|8993417355226|TRF|20/08/2021 00:00:00|TRF|03/03/2026 00:00:00
|20074312|8994096220942|TRF|03/06/2019 00:00:00|TRF|03/03/2026 00:00:00
|20074313|8994096220966|TRF|03/06/2019 00:00:00|TRF|03/03/2026 00:00:00
|20074314|8994096220980|TRF|03/06/2019 00:00:00|TRF|03/03/2026 00:00:00
|20074315|8994096221000|TRF|03/06/2019 00:00:00|TRF|03/03/2026 00:00:00
|20074334|8995899250358|TRF|03/06/2019 00:00:00|TRF|03/03/2026 00:00:00
|20074350|8994096111110|TRF|23/07/2024 00:00:00|TRF|03/03/2026 00:00:00
|20074350|8994096221253|TRF|03/06/2019 00:00:00|TRF|03/03/2026 00:00:00
|20074434|8999999053291|TRF|03/06/2019 00:00:00|TRF|03/03/2026 00:00:00
|20074710|8994096221277|TRF|03/06/2019 00:00:00|TRF|03/03/2026 00:00:00
|20074710|8994096225244|TRF|19/11/2020 00:00:00|TRF|03/03/2026 00:00:00
|20074712|4901730070010|TRF|03/06/2019 00:00:00|TRF|03/03/2026 00:00:00
|20074721|8992772198059|TRF|03/06/2019 00:00:00|TRF|03/03/2026 00:00:00
|20074955|018468|TRF|12/07/2023 00:00:00|TRF|03/03/2026 00:00:00
|20074990|7622210708434|TRF|03/06/2019 00:00:00|TRF|03/03/2026 00:00:00
|20074992|8993335522427|TRF|24/02/2022 00:00:00|TRF|03/03/2026 00:00:00
|20075361|8999999044190|TRF|20/08/2021 00:00:00|TRF|03/03/2026 00:00:00
|20075361|8999999597504|TRF|07/12/2023 00:00:00|TRF|03/03/2026 00:00:00
|20075589|8994096221192|TRF|03/06/2019 00:00:00|TRF|03/03/2026 00:00:00
|20075740|8991102020015|TRF|03/06/2019 00:00:00|TRF|03/03/2026 00:00:00
|20075742|8999999503758|TRF|03/06/2019 00:00:00|TRF|03/03/2026 00:00:00
|20075791|8992745940128|TRF|03/07/2019 00:00:00|TRF|03/03/2026 00:00:00
|20075798|8992745940142|TRF|03/07/2019 00:00:00|TRF|03/03/2026 00:00:00
|20075923|8998866107150|TRF|03/06/2019 00:00:00|TRF|03/03/2026 00:00:00
|20075924|8998866107143|TRF|03/06/2019 00:00:00|TRF|03/03/2026 00:00:00
|20075928|0800142203020|TRF|13/11/2023 00:00:00|TRF|03/03/2026 00:00:00
|20075928|8992982400195|TRF|13/11/2023 00:00:00|TRF|03/03/2026 00:00:00
|20075930|0800142203044|TRF|13/11/2023 00:00:00|TRF|03/03/2026 00:00:00
|20075930|8992982400171|TRF|13/11/2023 00:00:00|TRF|03/03/2026 00:00:00
|20075943|0800142384521|TRF|08/12/2021 00:00:00|TRF|03/03/2026 00:00:00
|20075945|0800142384507|TRF|08/12/2021 00:00:00|TRF|03/03/2026 00:00:00
|20075951|0800142384385|TRF|25/07/2022 00:00:00|TRF|03/03/2026 00:00:00
|20075951|800142384385|TRF|20/04/2023 00:00:00|TRF|03/03/2026 00:00:00
|20076001|8994112450223|TRF|03/06/2019 00:00:00|TRF|03/03/2026 00:00:00
|20076001|9786022434399|TRF|03/06/2019 00:00:00|TRF|03/03/2026 00:00:00
|20076001|9786022434412|TRF|03/06/2019 00:00:00|TRF|03/03/2026 00:00:00
|20076002|8994112450216|TRF|03/06/2019 00:00:00|TRF|03/03/2026 00:00:00
|20076002|9786022434351|TRF|03/06/2019 00:00:00|TRF|03/03/2026 00:00:00
|20076002|9786022434368|TRF|03/06/2019 00:00:00|TRF|03/03/2026 00:00:00
|20076052|8996001600382|TRF|03/06/2019 00:00:00|TRF|03/03/2026 00:00:00
|20076298|390142|TRF|15/10/2019 00:00:00|TRF|03/03/2026 00:00:00
|20076432|8999999506520|TRF|03/06/2019 00:00:00|TRF|03/03/2026 00:00:00
|20076486|8850389111352|TRF|03/06/2019 00:00:00|TRF|03/03/2026 00:00:00
|20076486|8850389114438|TRF|03/06/2019 00:00:00|TRF|03/03/2026 00:00:00
|20076489|019816|TRF|03/06/2019 00:00:00|TRF|03/03/2026 00:00:00
|20076572|8993189322532|TRF|03/06/2019 00:00:00|TRF|03/03/2026 00:00:00
|20076573|8993175540797|TRF|03/06/2019 00:00:00|TRF|03/03/2026 00:00:00
|20076737|8888166607385|TRF|17/11/2025 00:00:00|TRF|03/03/2026 00:00:00
|20076765|8993093665480|TRF|07/01/2020 00:00:00|TRF|03/03/2026 00:00:00
|20076767|8993110050206|TRF|03/06/2019 00:00:00|TRF|03/03/2026 00:00:00
|20076768|8993093665497|TRF|03/06/2019 00:00:00|TRF|03/03/2026 00:00:00
|20076770|8991002121089|TRF|03/06/2019 00:00:00|TRF|03/03/2026 00:00:00
|20076772|8993172997150|TRF|29/12/2025 00:00:00|TRF|03/03/2026 00:00:00
|20076797|8992933243116|TRF|03/06/2019 00:00:00|TRF|03/03/2026 00:00:00
|20076891|046133|TRF|20/02/2025 00:00:00|TRF|03/03/2026 00:00:00
|20076987|8998899995113|TRF|03/06/2019 00:00:00|TRF|03/03/2026 00:00:00
|20077110|8991001503336|TRF|03/06/2019 00:00:00|TRF|03/03/2026 00:00:00
|20077116|8993496107051|TRF|03/06/2019 00:00:00|TRF|03/03/2026 00:00:00
|20077302|8997878002750|TRF|11/07/2024 00:00:00|TRF|03/03/2026 00:00:00
|20077364|8992735248654|TRF|07/06/2022 00:00:00|TRF|03/03/2026 00:00:00
|20077368|0089686640007|TRF|03/06/2019 00:00:00|TRF|03/03/2026 00:00:00
|20077369|0089686640014|TRF|03/06/2019 00:00:00|TRF|03/03/2026 00:00:00
|20077370|8994096221420|TRF|03/06/2019 00:00:00|TRF|03/03/2026 00:00:00
|20077371|8994096221482|TRF|03/06/2019 00:00:00|TRF|03/03/2026 00:00:00
|20077483|8992727005456|TRF|03/06/2019 00:00:00|TRF|03/03/2026 00:00:00
|20077498|8999999502942|TRF|03/06/2019 00:00:00|TRF|03/03/2026 00:00:00
|20077499|8999510785465|TRF|03/06/2019 00:00:00|TRF|03/03/2026 00:00:00
|20077501|8992753700301|TRF|16/03/2024 00:00:00|TRF|03/03/2026 00:00:00
|20077503|8994096221529|TRF|03/06/2019 00:00:00|TRF|03/03/2026 00:00:00
|20077508|8999099928666|TRF|03/06/2019 00:00:00|TRF|03/03/2026 00:00:00
|20077509|8994096219434|TRF|03/06/2019 00:00:00|TRF|03/03/2026 00:00:00
|20077515|8992959089163|TRF|03/06/2019 00:00:00|TRF|03/03/2026 00:00:00
|20077551|8886457668886|TRF|03/06/2019 00:00:00|TRF|03/03/2026 00:00:00
|20077982|8994096221604|TRF|03/06/2019 00:00:00|TRF|03/03/2026 00:00:00
|20077983|8994096221628|TRF|03/06/2019 00:00:00|TRF|03/03/2026 00:00:00
|20078101|8998866107044|TRF|17/10/2023 00:00:00|TRF|03/03/2026 00:00:00
|20078103|8998866107051|TRF|30/06/2025 00:00:00|TRF|03/03/2026 00:00:00
|20078113|8997004302600|TRF|03/06/2019 00:00:00|TRF|03/03/2026 00:00:00
|20078206|8994171102101|TRF|03/06/2019 00:00:00|TRF|03/03/2026 00:00:00
|20078207|8997207580027|TRF|28/07/2022 00:00:00|TRF|03/03/2026 00:00:00
|20078241|8992772035125|TRF|03/06/2019 00:00:00|TRF|03/03/2026 00:00:00
|20078435|8993560155377|TRF|03/06/2019 00:00:00|TRF|03/03/2026 00:00:00
|20078645|8993110193293|TRF|07/10/2019 00:00:00|TRF|03/03/2026 00:00:00
|20078651|025903|TRF|14/01/2020 00:00:00|TRF|03/03/2026 00:00:00
|20078726|8994096221437|TRF|03/06/2019 00:00:00|TRF|03/03/2026 00:00:00
|20078771|025888|TRF|01/08/2025 00:00:00|TRF|03/03/2026 00:00:00
|20078821|8990114000237|TRF|10/12/2025 00:00:00|TRF|03/03/2026 00:00:00
|20078821|8998009971266|TRF|03/06/2019 00:00:00|TRF|03/03/2026 00:00:00
|20078830|8992718853639|TRF|03/06/2019 00:00:00|TRF|03/03/2026 00:00:00
|20078833|8993137695190|TRF|03/06/2019 00:00:00|TRF|03/03/2026 00:00:00
|20078838|4897033226578|TRF|03/06/2019 00:00:00|TRF|03/03/2026 00:00:00
|20078877|020872|TRF|13/11/2019 00:00:00|TRF|03/03/2026 00:00:00
|20078878|020873|TRF|13/11/2019 00:00:00|TRF|03/03/2026 00:00:00
|20078884|020882|TRF|04/11/2021 00:00:00|TRF|03/03/2026 00:00:00
|20078886|021265|TRF|16/03/2020 00:00:00|TRF|03/03/2026 00:00:00
|20078895|020858|TRF|13/11/2019 00:00:00|TRF|03/03/2026 00:00:00
|20078998|0800142384835|TRF|03/06/2019 00:00:00|TRF|03/03/2026 00:00:00
|20078998|800142384835|TRF|20/04/2023 00:00:00|TRF|03/03/2026 00:00:00
|20079008|8999801700030|TRF|03/06/2019 00:00:00|TRF|03/03/2026 00:00:00
|20079010|8992946514296|TRF|03/06/2019 00:00:00|TRF|03/03/2026 00:00:00
|20079010|8992946531200|TRF|03/06/2019 00:00:00|TRF|03/03/2026 00:00:00
|20079510|8992741942805|TRF|15/08/2021 00:00:00|TRF|03/03/2026 00:00:00
|20079512|8999909000650|TRF|03/06/2019 00:00:00|TRF|03/03/2026 00:00:00
|20079628|8999999034726|TRF|03/06/2019 00:00:00|TRF|03/03/2026 00:00:00
|20079649|8990057726416|TRF|07/11/2024 00:00:00|TRF|03/03/2026 00:00:00
|20079751|9318637070510|TRF|28/06/2021 00:00:00|TRF|03/03/2026 00:00:00
|20079757|8993176721928|TRF|03/06/2019 00:00:00|TRF|03/03/2026 00:00:00
|20079787|8999777009281|TRF|03/06/2019 00:00:00|TRF|03/03/2026 00:00:00
|20079788|8992745730255|TRF|24/06/2025 00:00:00|TRF|03/03/2026 00:00:00
|20079794|8994096218888|TRF|03/06/2019 00:00:00|TRF|03/03/2026 00:00:00
|20079902|5000500553278|TRF|06/03/2020 00:00:00|TRF|03/03/2026 00:00:00
|20079958|022200|TRF|28/02/2025 00:00:00|TRF|03/03/2026 00:00:00
|20079972|8996006858276|TRF|03/06/2019 00:00:00|TRF|03/03/2026 00:00:00
|20080042|8992779404207|TRF|03/06/2019 00:00:00|TRF|03/03/2026 00:00:00
|20080088|8994985000006|TRF|20/08/2021 00:00:00|TRF|03/03/2026 00:00:00
|20080091|8994099113012|TRF|03/06/2019 00:00:00|TRF|03/03/2026 00:00:00
|20080198|8994096219571|TRF|03/06/2019 00:00:00|TRF|03/03/2026 00:00:00
|20080198|8994096221765|TRF|03/06/2019 00:00:00|TRF|03/03/2026 00:00:00
|20080244|8997021870892|TRF|03/06/2019 00:00:00|TRF|03/03/2026 00:00:00
|20080340|5000500633093|TRF|06/03/2020 00:00:00|TRF|03/03/2026 00:00:00
|20080360|4902430622066|TRF|03/06/2019 00:00:00|TRF|03/03/2026 00:00:00
|20080361|4902430622080|TRF|03/06/2019 00:00:00|TRF|03/03/2026 00:00:00
|20080374|8997015101988|TRF|23/02/2025 00:00:00|TRF|03/03/2026 00:00:00
|20080428|0788364871992|TRF|28/02/2025 00:00:00|TRF|03/03/2026 00:00:00
|20080428|1234803|TRF|28/02/2025 00:00:00|TRF|03/03/2026 00:00:00
|20080428|8997022213681|TRF|28/02/2025 00:00:00|TRF|03/03/2026 00:00:00
|20080428|8997214312741|TRF|28/02/2025 00:00:00|TRF|03/03/2026 00:00:00
|20080431|1234576|TRF|15/06/2020 00:00:00|TRF|03/03/2026 00:00:00
|20080431|8994763101055|TRF|15/06/2020 00:00:00|TRF|03/03/2026 00:00:00
|20080431|8997022213711|TRF|15/06/2020 00:00:00|TRF|03/03/2026 00:00:00
|20080434|0047255613142|TRF|28/02/2025 00:00:00|TRF|03/03/2026 00:00:00
|20080434|1234606|TRF|28/02/2025 00:00:00|TRF|03/03/2026 00:00:00
|20080434|8997022210093|TRF|28/02/2025 00:00:00|TRF|03/03/2026 00:00:00
|20080434|8997022213728|TRF|28/02/2025 00:00:00|TRF|03/03/2026 00:00:00
|20080434|8997220504703|TRF|28/02/2025 00:00:00|TRF|03/03/2026 00:00:00
|20080434|8997221551300|TRF|28/02/2025 00:00:00|TRF|03/03/2026 00:00:00
|20080434|8997221555582|TRF|28/02/2025 00:00:00|TRF|03/03/2026 00:00:00
|20080434|8997241500166|TRF|28/02/2025 00:00:00|TRF|03/03/2026 00:00:00
|20080434|8999758456158|TRF|28/02/2025 00:00:00|TRF|03/03/2026 00:00:00
|20080459|8994096221888|TRF|03/06/2019 00:00:00|TRF|03/03/2026 00:00:00
|20080530|8992741905602|TRF|03/06/2019 00:00:00|TRF|03/03/2026 00:00:00
|20080530|8992741907255|TRF|19/02/2024 00:00:00|TRF|03/03/2026 00:00:00
|20080706|0749921050014|TRF|16/03/2024 00:00:00|TRF|03/03/2026 00:00:00
|20080782|8992907953010|TRF|03/06/2019 00:00:00|TRF|03/03/2026 00:00:00
|20080868|8992745130406|TRF|12/06/2023 00:00:00|TRF|03/03/2026 00:00:00
|20080874|8997004080010|TRF|18/09/2019 00:00:00|TRF|03/03/2026 00:00:00
|20080924|8993531772411|TRF|03/06/2019 00:00:00|TRF|03/03/2026 00:00:00
|20080927|8992727006187|TRF|03/06/2019 00:00:00|TRF|03/03/2026 00:00:00
|20081145|8993327400016|TRF|18/12/2023 00:00:00|TRF|03/03/2026 00:00:00
|20081147|8993327211704|TRF|03/06/2019 00:00:00|TRF|03/03/2026 00:00:00
|20081237|8995102702810|TRF|21/09/2020 00:00:00|TRF|03/03/2026 00:00:00
|20081238|8997032680381|TRF|03/06/2019 00:00:00|TRF|03/03/2026 00:00:00
|20081448|8998866808316|TRF|03/06/2019 00:00:00|TRF|03/03/2026 00:00:00
|20081449|8998866808262|TRF|13/07/2020 00:00:00|TRF|03/03/2026 00:00:00
|20081452|8999999515577|TRF|03/06/2019 00:00:00|TRF|03/03/2026 00:00:00
|20081456|4902430733274|TRF|03/06/2019 00:00:00|TRF|03/03/2026 00:00:00
|20081565|8994096221567|TRF|03/06/2019 00:00:00|TRF|03/03/2026 00:00:00
|20081566|8994096221581|TRF|03/06/2019 00:00:00|TRF|03/03/2026 00:00:00
|20081588|9555122000359|TRF|03/06/2019 00:00:00|TRF|03/03/2026 00:00:00
|20081588|9555122000847|TRF|03/06/2019 00:00:00|TRF|03/03/2026 00:00:00
|20081617|022211|TRF|03/06/2019 00:00:00|TRF|03/03/2026 00:00:00
|20081617|8997272970136|TRF|04/02/2023 00:00:00|TRF|03/03/2026 00:00:00
|20081739|8885013130201|TRF|21/08/2019 00:00:00|TRF|03/03/2026 00:00:00
|20081740|8997214270072|TRF|03/06/2019 00:00:00|TRF|03/03/2026 00:00:00
|20081895|8992959974049|TRF|28/10/2022 00:00:00|TRF|03/03/2026 00:00:00
|20082114|020713|TRF|03/06/2019 00:00:00|TRF|03/03/2026 00:00:00
|20082114|8994096222182|TRF|03/06/2019 00:00:00|TRF|03/03/2026 00:00:00
|20082115|020715|TRF|03/06/2019 00:00:00|TRF|03/03/2026 00:00:00
|20082115|8994096222205|TRF|03/06/2019 00:00:00|TRF|03/03/2026 00:00:00
|20082194|7622201762193|TRF|25/02/2025 00:00:00|TRF|03/03/2026 00:00:00
|20082194|8901233024233|TRF|25/02/2025 00:00:00|TRF|03/03/2026 00:00:00
|20082203|8993137698450|TRF|03/06/2019 00:00:00|TRF|03/03/2026 00:00:00
|20082205|8998866106863|TRF|03/06/2019 00:00:00|TRF|03/03/2026 00:00:00
|20082206|8998866106788|TRF|03/06/2019 00:00:00|TRF|03/03/2026 00:00:00
|20082247|8992802037020|TRF|03/06/2019 00:00:00|TRF|03/03/2026 00:00:00
|20082351|8998888710147|TRF|26/06/2025 00:00:00|TRF|03/03/2026 00:00:00
|20082394|8999908440105|TRF|03/06/2019 00:00:00|TRF|03/03/2026 00:00:00
|20082395|8996006858818|TRF|24/04/2025 00:00:00|TRF|03/03/2026 00:00:00
|20082403|8993176720549|TRF|03/06/2019 00:00:00|TRF|03/03/2026 00:00:00
|20082421|024412|TRF|13/11/2019 00:00:00|TRF|03/03/2026 00:00:00
|20082422|024415|TRF|13/11/2019 00:00:00|TRF|03/03/2026 00:00:00
|20082445|8993189272219|TRF|20/08/2021 00:00:00|TRF|03/03/2026 00:00:00
|20082446|8993189272226|TRF|20/08/2021 00:00:00|TRF|03/03/2026 00:00:00
|20082581|8993560033545|TRF|16/03/2024 00:00:00|TRF|03/03/2026 00:00:00
|20082651|8990800020341|TRF|03/06/2019 00:00:00|TRF|03/03/2026 00:00:00
|20082690|8994461960633|TRF|26/02/2025 00:00:00|TRF|03/03/2026 00:00:00
|20082690|8999758456462|TRF|12/09/2023 00:00:00|TRF|03/03/2026 00:00:00
|20082692|8992907953294|TRF|07/05/2021 00:00:00|TRF|03/03/2026 00:00:00
|20082862|8992222055482|TRF|03/06/2019 00:00:00|TRF|03/03/2026 00:00:00
|20082864|8901526209910|TRF|03/06/2019 00:00:00|TRF|03/03/2026 00:00:00
|20083462|8993110193385|TRF|22/03/2021 00:00:00|TRF|03/03/2026 00:00:00
|20083463|8997207420279|TRF|01/09/2025 00:00:00|TRF|03/03/2026 00:00:00
|20083478|8997207420323|TRF|03/06/2019 00:00:00|TRF|03/03/2026 00:00:00
|20083486|8994591020047|TRF|03/06/2019 00:00:00|TRF|03/03/2026 00:00:00
|20083487|8991102987875|TRF|03/06/2019 00:00:00|TRF|03/03/2026 00:00:00
|20083488|8991102987899|TRF|03/06/2019 00:00:00|TRF|03/03/2026 00:00:00
|20083489|8992959953167|TRF|03/06/2019 00:00:00|TRF|03/03/2026 00:00:00
|20083490|8999909000773|TRF|03/06/2019 00:00:00|TRF|03/03/2026 00:00:00
|20083529|8993027163983|TRF|17/04/2025 00:00:00|TRF|03/03/2026 00:00:00
|20083537|8995333032113|TRF|12/10/2025 00:00:00|TRF|03/03/2026 00:00:00
|20083539|8936036021820|TRF|03/06/2019 00:00:00|TRF|03/03/2026 00:00:00
|20083615|8997016372905|TRF|03/06/2019 00:00:00|TRF|03/03/2026 00:00:00
|20083719|8998685221013|TRF|03/06/2019 00:00:00|TRF|03/03/2026 00:00:00
|20083775|8992772586023|TRF|03/06/2019 00:00:00|TRF|03/03/2026 00:00:00
|20083795|8992753009817|TRF|03/06/2019 00:00:00|TRF|03/03/2026 00:00:00
|20083837|8995952068234|TRF|03/06/2019 00:00:00|TRF|03/03/2026 00:00:00
|20083931|8992696430280|TRF|16/03/2024 00:00:00|TRF|03/03/2026 00:00:00
|20083931|8992696523104|TRF|16/03/2024 00:00:00|TRF|03/03/2026 00:00:00
|20083932|4809014128016|TRF|30/10/2021 00:00:00|TRF|03/03/2026 00:00:00
|20083934|4809013300093|TRF|27/10/2020 00:00:00|TRF|03/03/2026 00:00:00
|20083935|4809013300451|TRF|27/08/2024 00:00:00|TRF|03/03/2026 00:00:00
|20083937|8992959509005|TRF|11/07/2022 00:00:00|TRF|03/03/2026 00:00:00
|20084152|8999999515607|TRF|26/06/2023 00:00:00|TRF|03/03/2026 00:00:00
|20084162|8998989300261|TRF|08/11/2019 00:00:00|TRF|03/03/2026 00:00:00
|20084429|8997220410011|TRF|03/06/2019 00:00:00|TRF|03/03/2026 00:00:00
|20084430|8997220410028|TRF|03/06/2019 00:00:00|TRF|03/03/2026 00:00:00
|20084435|8997220500132|TRF|28/02/2025 00:00:00|TRF|03/03/2026 00:00:00
|20084436|8997220500255|TRF|28/02/2025 00:00:00|TRF|03/03/2026 00:00:00
|20084438|8993189322495|TRF|27/06/2019 00:00:00|TRF|03/03/2026 00:00:00
|20084444|8998866201667|TRF|03/06/2019 00:00:00|TRF|03/03/2026 00:00:00
|20084469|8999999516208|TRF|03/06/2019 00:00:00|TRF|03/03/2026 00:00:00
|20084470|8999999516215|TRF|03/06/2019 00:00:00|TRF|03/03/2026 00:00:00
|20084481|0089686067002|TRF|03/06/2019 00:00:00|TRF|03/03/2026 00:00:00
|20084539|10153738|TRF|28/10/2022 00:00:00|TRF|03/03/2026 00:00:00
|20084539|10153943|TRF|28/10/2022 00:00:00|TRF|03/03/2026 00:00:00
|20084539|10153991|TRF|28/10/2022 00:00:00|TRF|03/03/2026 00:00:00
|20084539|10186992|TRF|28/10/2022 00:00:00|TRF|03/03/2026 00:00:00
|20084539|KW1000250|TRF|28/10/2022 00:00:00|TRF|03/03/2026 00:00:00
|20084539|KW1000251|TRF|28/10/2022 00:00:00|TRF|03/03/2026 00:00:00
|20084542|8997015880081|TRF|23/02/2025 00:00:00|TRF|03/03/2026 00:00:00
|20084568|8992857130325|TRF|27/07/2023 00:00:00|TRF|03/03/2026 00:00:00
|20084600|8992814883110|TRF|11/10/2021 00:00:00|TRF|03/03/2026 00:00:00
|20084707|8995077602696|TRF|03/06/2019 00:00:00|TRF|03/03/2026 00:00:00
|20084717|8994280440545|TRF|03/06/2019 00:00:00|TRF|03/03/2026 00:00:00
|20084725|8994280550497|TRF|03/06/2019 00:00:00|TRF|03/03/2026 00:00:00
|20084780|8998866611114|TRF|16/03/2024 00:00:00|TRF|03/03/2026 00:00:00
|20084820|8991926101037|TRF|03/06/2019 00:00:00|TRF|03/03/2026 00:00:00
|20084821|8991926101044|TRF|03/06/2019 00:00:00|TRF|03/03/2026 00:00:00
|20084899|8992957251487|TRF|15/08/2021 00:00:00|TRF|03/03/2026 00:00:00
|20084959|8992775000489|TRF|03/11/2025 00:00:00|TRF|03/03/2026 00:00:00
|20084959|8992775004685|TRF|03/11/2025 00:00:00|TRF|03/03/2026 00:00:00
|20084963|888816660713|TRF|17/11/2025 00:00:00|TRF|03/03/2026 00:00:00
|20084963|8888166610705|TRF|17/11/2025 00:00:00|TRF|03/03/2026 00:00:00
|20084978|0047255613357|TRF|28/02/2025 00:00:00|TRF|03/03/2026 00:00:00
|20084978|025618|TRF|28/02/2025 00:00:00|TRF|03/03/2026 00:00:00
|20084978|1234618|TRF|28/02/2025 00:00:00|TRF|03/03/2026 00:00:00
|20084978|3052910055325|TRF|28/02/2025 00:00:00|TRF|03/03/2026 00:00:00
|20084978|8997012121972|TRF|28/02/2025 00:00:00|TRF|03/03/2026 00:00:00
|20084978|8997022213735|TRF|28/02/2025 00:00:00|TRF|03/03/2026 00:00:00
|20084978|8997221555452|TRF|28/02/2025 00:00:00|TRF|03/03/2026 00:00:00
|20084999|8992832605282|TRF|03/06/2019 00:00:00|TRF|03/03/2026 00:00:00
|20085001|8992832605275|TRF|03/06/2019 00:00:00|TRF|03/03/2026 00:00:00
|20085008|8901526209897|TRF|20/07/2021 00:00:00|TRF|03/03/2026 00:00:00
|20085010|0648436301010|TRF|20/08/2021 00:00:00|TRF|03/03/2026 00:00:00
|20085013|8991688890682|TRF|03/06/2019 00:00:00|TRF|03/03/2026 00:00:00
|20085046|9556121021123|TRF|03/06/2019 00:00:00|TRF|03/03/2026 00:00:00
|20085048|8994112481289|TRF|26/11/2020 00:00:00|TRF|03/03/2026 00:00:00
|20085048|8994112481357|TRF|18/09/2021 00:00:00|TRF|03/03/2026 00:00:00
|20085054|8997218380074|TRF|03/06/2019 00:00:00|TRF|03/03/2026 00:00:00
|20085113|8999999518998|TRF|03/06/2019 00:00:00|TRF|03/03/2026 00:00:00
|20085115|0089686043204|TRF|03/06/2019 00:00:00|TRF|03/03/2026 00:00:00
|20085121|8999999519087|TRF|03/06/2019 00:00:00|TRF|03/03/2026 00:00:00
|20085122|8999999519100|TRF|03/06/2019 00:00:00|TRF|03/03/2026 00:00:00
|20085279|8994096219489|TRF|19/08/2020 00:00:00|TRF|03/03/2026 00:00:00
|20085280|8994096219496|TRF|04/07/2023 00:00:00|TRF|03/03/2026 00:00:00
|20085286|8999999516802|TRF|03/06/2019 00:00:00|TRF|03/03/2026 00:00:00
|20085444|8888327831253|TRF|03/06/2019 00:00:00|TRF|03/03/2026 00:00:00
|20085459|029207|TRF|03/06/2019 00:00:00|TRF|03/03/2026 00:00:00
|20085462|0089686043419|TRF|03/06/2019 00:00:00|TRF|03/03/2026 00:00:00
|20085623|040217|TRF|28/02/2025 00:00:00|TRF|03/03/2026 00:00:00
|20085730|8994096111486|TRF|08/10/2024 00:00:00|TRF|03/03/2026 00:00:00
|20085730|8997017380138|TRF|03/06/2019 00:00:00|TRF|03/03/2026 00:00:00
|20085740|8994096112568|TRF|22/07/2025 00:00:00|TRF|03/03/2026 00:00:00
|20085740|8994096222151|TRF|03/06/2019 00:00:00|TRF|03/03/2026 00:00:00
|20085748|8992806146506|TRF|03/06/2019 00:00:00|TRF|03/03/2026 00:00:00
|20085760|8997032821388|TRF|03/06/2019 00:00:00|TRF|03/03/2026 00:00:00
|20085784|0078895146981|TRF|03/06/2019 00:00:00|TRF|03/03/2026 00:00:00
|20085916|8994096220836|TRF|03/06/2019 00:00:00|TRF|03/03/2026 00:00:00
|20085919|8998866611220|TRF|10/10/2019 00:00:00|TRF|03/03/2026 00:00:00
|20085987|8998866611152|TRF|01/07/2025 00:00:00|TRF|03/03/2026 00:00:00
|20085988|8996001600399|TRF|03/06/2019 00:00:00|TRF|03/03/2026 00:00:00
|20086026|8999999520892|TRF|27/10/2025 00:00:00|TRF|03/03/2026 00:00:00
|20086168|8851019210292|TRF|03/06/2019 00:00:00|TRF|03/03/2026 00:00:00
|20086168|8990044000024|TRF|16/01/2023 00:00:00|TRF|03/03/2026 00:00:00
|20086172|8999999524807|TRF|03/06/2019 00:00:00|TRF|03/03/2026 00:00:00
|20086172|8999999589202|TRF|24/08/2022 00:00:00|TRF|03/03/2026 00:00:00
|20086181|8991002105300|TRF|28/10/2022 00:00:00|TRF|03/03/2026 00:00:00
|20086327|8999999514556|TRF|16/03/2024 00:00:00|TRF|03/03/2026 00:00:00
|20086327|8999999553128|TRF|16/03/2024 00:00:00|TRF|03/03/2026 00:00:00
|20086335|8997026200052|TRF|08/03/2024 00:00:00|TRF|03/03/2026 00:00:00
|20086392|8993496109956|TRF|03/06/2019 00:00:00|TRF|03/03/2026 00:00:00
|20086422|4902430799652|TRF|03/06/2019 00:00:00|TRF|03/03/2026 00:00:00
|20086810|8994096222113|TRF|03/06/2019 00:00:00|TRF|03/03/2026 00:00:00
|20086998|8994112651231|TRF|03/06/2019 00:00:00|TRF|03/03/2026 00:00:00
|20087016|8998009040313|TRF|03/06/2019 00:00:00|TRF|03/03/2026 00:00:00
|20087018|8990057981143|TRF|03/06/2019 00:00:00|TRF|03/03/2026 00:00:00
|20087019|8990057981150|TRF|03/06/2019 00:00:00|TRF|03/03/2026 00:00:00
|20087021|8992696520561|TRF|09/06/2025 00:00:00|TRF|03/03/2026 00:00:00
|20087024|8999099928826|TRF|03/06/2019 00:00:00|TRF|03/03/2026 00:00:00
|20087025|8999099928833|TRF|03/06/2019 00:00:00|TRF|03/03/2026 00:00:00
|20087034|029052|TRF|19/12/2020 00:00:00|TRF|03/03/2026 00:00:00
|20087096|8998777143728|TRF|03/06/2019 00:00:00|TRF|03/03/2026 00:00:00
|20087155|0089686060003|TRF|03/06/2019 00:00:00|TRF|03/03/2026 00:00:00
|20087201|8999999520182|TRF|03/06/2019 00:00:00|TRF|03/03/2026 00:00:00
|20087201|8999999580780|TRF|18/01/2022 00:00:00|TRF|03/03/2026 00:00:00
|20087202|8999999515621|TRF|05/07/2019 00:00:00|TRF|03/03/2026 00:00:00
|20087203|8998103014388|TRF|20/08/2021 00:00:00|TRF|03/03/2026 00:00:00
|20087284|8991188943543|TRF|03/06/2019 00:00:00|TRF|03/03/2026 00:00:00
|20087289|8901393017281|TRF|03/12/2020 00:00:00|TRF|03/03/2026 00:00:00
|20087290|0749921030405|TRF|20/08/2021 00:00:00|TRF|03/03/2026 00:00:00
|20087292|6970175255298|TRF|03/06/2019 00:00:00|TRF|03/03/2026 00:00:00
|20087307|8993468931318|TRF|03/06/2019 00:00:00|TRF|03/03/2026 00:00:00
|20087344|8994096222175|TRF|03/06/2019 00:00:00|TRF|03/03/2026 00:00:00
|20087410|8993351124025|TRF|03/06/2019 00:00:00|TRF|03/03/2026 00:00:00
|20087412|8993351124223|TRF|14/10/2024 00:00:00|TRF|03/03/2026 00:00:00
|20087413|8993351124001|TRF|03/06/2019 00:00:00|TRF|03/03/2026 00:00:00
|20087415|8993110053672|TRF|03/06/2019 00:00:00|TRF|03/03/2026 00:00:00
|20087464|8994096221024|TRF|03/06/2019 00:00:00|TRF|03/03/2026 00:00:00
|20087465|029210|TRF|03/06/2019 00:00:00|TRF|03/03/2026 00:00:00
|20087479|4902430807692|TRF|16/03/2024 00:00:00|TRF|03/03/2026 00:00:00
|20087525|8999999525545|TRF|03/06/2019 00:00:00|TRF|03/03/2026 00:00:00
|20087542|8998866201841|TRF|03/06/2019 00:00:00|TRF|03/03/2026 00:00:00
|20087580|8992802033022|TRF|03/06/2019 00:00:00|TRF|03/03/2026 00:00:00
|20087590|8992727005166|TRF|03/06/2019 00:00:00|TRF|03/03/2026 00:00:00
|20087711|046137|TRF|20/02/2025 00:00:00|TRF|03/03/2026 00:00:00
|20087713|8994096219533|TRF|03/06/2019 00:00:00|TRF|03/03/2026 00:00:00
|20087862|8994096222595|TRF|03/06/2019 00:00:00|TRF|03/03/2026 00:00:00
|20088101|8992832604230|TRF|28/10/2022 00:00:00|TRF|03/03/2026 00:00:00
|20088105|9555122000854|TRF|03/06/2019 00:00:00|TRF|03/03/2026 00:00:00
|20088106|9555122000861|TRF|25/09/2019 00:00:00|TRF|03/03/2026 00:00:00
|20088267|8992832604667|TRF|03/06/2019 00:00:00|TRF|03/03/2026 00:00:00
|20088357|046135|TRF|20/02/2025 00:00:00|TRF|03/03/2026 00:00:00
|20088372|8992856899056|TRF|03/06/2019 00:00:00|TRF|03/03/2026 00:00:00
|20088375|8999777010973|TRF|03/06/2019 00:00:00|TRF|03/03/2026 00:00:00
|20088376|8999777010638|TRF|03/06/2019 00:00:00|TRF|03/03/2026 00:00:00
|20088388|8993327400030|TRF|18/12/2023 00:00:00|TRF|03/03/2026 00:00:00
|20088416|8994096222427|TRF|16/10/2021 00:00:00|TRF|03/03/2026 00:00:00
|20088417|8994096221970|TRF|03/06/2019 00:00:00|TRF|03/03/2026 00:00:00
|20088425|8994942007277|TRF|03/06/2019 00:00:00|TRF|03/03/2026 00:00:00
|20088535|8994096222441|TRF|03/06/2019 00:00:00|TRF|03/03/2026 00:00:00
|20088537|8994993002429|TRF|03/06/2019 00:00:00|TRF|03/03/2026 00:00:00
|20088539|8994993001323|TRF|03/06/2019 00:00:00|TRF|03/03/2026 00:00:00
|20088539|8994993001620|TRF|25/03/2020 00:00:00|TRF|03/03/2026 00:00:00
|20088545|8935001724353|TRF|03/06/2019 00:00:00|TRF|03/03/2026 00:00:00
|20088631|8999999519957|TRF|03/06/2019 00:00:00|TRF|03/03/2026 00:00:00
|20088712|8991188943536|TRF|03/06/2019 00:00:00|TRF|03/03/2026 00:00:00
|20088715|8992745705420|TRF|03/06/2019 00:00:00|TRF|03/03/2026 00:00:00
|20088717|8850477013377|TRF|13/09/2019 00:00:00|TRF|03/03/2026 00:00:00
|20088717|8994125000453|TRF|12/08/2021 00:00:00|TRF|03/03/2026 00:00:00
|20088719|8993200348312|TRF|03/06/2019 00:00:00|TRF|03/03/2026 00:00:00
|20088730|8993200346318|TRF|03/06/2019 00:00:00|TRF|03/03/2026 00:00:00
|20088731|8993200347315|TRF|03/06/2019 00:00:00|TRF|03/03/2026 00:00:00
|20088783|8993365170018|TRF|03/06/2019 00:00:00|TRF|03/03/2026 00:00:00
|20088789|8993007006347|TRF|03/06/2019 00:00:00|TRF|03/03/2026 00:00:00
|20088875|8992753700905|TRF|03/06/2019 00:00:00|TRF|03/03/2026 00:00:00
|20088964|8998009011702|TRF|03/06/2019 00:00:00|TRF|03/03/2026 00:00:00
|20089254|8994096222717|TRF|03/06/2019 00:00:00|TRF|03/03/2026 00:00:00
|20089255|8994096222694|TRF|03/06/2019 00:00:00|TRF|03/03/2026 00:00:00
|20089256|8994096222670|TRF|03/06/2019 00:00:00|TRF|03/03/2026 00:00:00
|20089436|8999999053307|TRF|03/06/2019 00:00:00|TRF|03/03/2026 00:00:00
|20089486|8994096222465|TRF|03/06/2019 00:00:00|TRF|03/03/2026 00:00:00
|20089487|8994209000119|TRF|16/09/2025 00:00:00|TRF|03/03/2026 00:00:00
|20089490|8992775203453|TRF|03/06/2019 00:00:00|TRF|03/03/2026 00:00:00
|20089497|4901681143115|TRF|03/06/2019 00:00:00|TRF|03/03/2026 00:00:00
|20089506|044007|TRF|28/02/2025 00:00:00|TRF|03/03/2026 00:00:00
|20089542|8994096222281|TRF|03/06/2019 00:00:00|TRF|03/03/2026 00:00:00
|20089665|8994096222489|TRF|16/03/2024 00:00:00|TRF|03/03/2026 00:00:00
|20089666|7622210816979|TRF|03/06/2019 00:00:00|TRF|03/03/2026 00:00:00
|20089792|8991002125001|TRF|03/06/2019 00:00:00|TRF|03/03/2026 00:00:00
|20089805|8801097128071|TRF|20/08/2021 00:00:00|TRF|03/03/2026 00:00:00
|20089806|8801097122079|TRF|20/08/2021 00:00:00|TRF|03/03/2026 00:00:00
|20089819|8992753720804|TRF|03/06/2019 00:00:00|TRF|03/03/2026 00:00:00
|20089821|8997035601222|TRF|03/06/2019 00:00:00|TRF|03/03/2026 00:00:00
|20089822|6970175255304|TRF|03/06/2019 00:00:00|TRF|03/03/2026 00:00:00
|20089952|8994096222885|TRF|03/06/2019 00:00:00|TRF|03/03/2026 00:00:00
|20089952|8994096225176|TRF|03/12/2020 00:00:00|TRF|03/03/2026 00:00:00
|20090009|8993496110525|TRF|03/06/2019 00:00:00|TRF|03/03/2026 00:00:00
|20090022|8993137697002|TRF|03/06/2019 00:00:00|TRF|03/03/2026 00:00:00
|20090023|8993137698870|TRF|03/06/2019 00:00:00|TRF|03/03/2026 00:00:00
|20090042|8999908439703|TRF|03/06/2019 00:00:00|TRF|03/03/2026 00:00:00
|20090066|8999999529307|TRF|16/03/2024 00:00:00|TRF|03/03/2026 00:00:00
|20090066|8999999616595|TRF|30/01/2026 00:00:00|TRF|03/03/2026 00:00:00
|20090067|8999999524838|TRF|03/06/2019 00:00:00|TRF|03/03/2026 00:00:00
|20090067|8999999589219|TRF|24/08/2022 00:00:00|TRF|03/03/2026 00:00:00
|20090167|8993189700149|TRF|28/10/2022 00:00:00|TRF|03/03/2026 00:00:00
|20090169|8992775000779|TRF|19/02/2026 00:00:00|TRF|03/03/2026 00:00:00
|20090189|8998009011740|TRF|03/06/2019 00:00:00|TRF|03/03/2026 00:00:00
|20090313|8992222073646|TRF|01/08/2019 00:00:00|TRF|03/03/2026 00:00:00
|20090355|8999999501594|TRF|03/06/2019 00:00:00|TRF|03/03/2026 00:00:00
|20090383|8998777144084|TRF|03/06/2019 00:00:00|TRF|03/03/2026 00:00:00
|20090384|8998777144060|TRF|03/06/2019 00:00:00|TRF|03/03/2026 00:00:00
|20090397|8994096222847|TRF|03/06/2019 00:00:00|TRF|03/03/2026 00:00:00
|20090400|8998866105262|TRF|20/08/2021 00:00:00|TRF|03/03/2026 00:00:00
|20090401|8998866106030|TRF|28/10/2022 00:00:00|TRF|03/03/2026 00:00:00
|20090425|8994096222120|TRF|03/06/2019 00:00:00|TRF|03/03/2026 00:00:00
|20090425|8994096226210|TRF|23/11/2022 00:00:00|TRF|03/03/2026 00:00:00
|20090435|8999908692504|TRF|03/06/2019 00:00:00|TRF|03/03/2026 00:00:00
|20090436|8992779371103|TRF|03/06/2019 00:00:00|TRF|03/03/2026 00:00:00
|20090437|8999908439901|TRF|03/06/2019 00:00:00|TRF|03/03/2026 00:00:00
|20090447|8994993003662|TRF|03/06/2019 00:00:00|TRF|03/03/2026 00:00:00
|20090456|8935001724384|TRF|03/06/2019 00:00:00|TRF|03/03/2026 00:00:00
|20090482|8999999527365|TRF|03/06/2019 00:00:00|TRF|03/03/2026 00:00:00
|20090499|8990114000183|TRF|22/10/2025 00:00:00|TRF|03/03/2026 00:00:00
|20090499|8998009710360|TRF|03/06/2019 00:00:00|TRF|03/03/2026 00:00:00
|20090512|8997220410103|TRF|03/06/2019 00:00:00|TRF|03/03/2026 00:00:00
|20090514|8901526540068|TRF|03/06/2019 00:00:00|TRF|03/03/2026 00:00:00
|20090527|8991102026352|TRF|03/06/2019 00:00:00|TRF|03/03/2026 00:00:00
|20090536|8853301000666|TRF|03/06/2019 00:00:00|TRF|03/03/2026 00:00:00
|20090691|8886451002914|TRF|09/06/2025 00:00:00|TRF|03/03/2026 00:00:00
|20090696|8992696520905|TRF|03/06/2019 00:00:00|TRF|03/03/2026 00:00:00
|20090773|8993560155445|TRF|03/06/2019 00:00:00|TRF|03/03/2026 00:00:00
|20090847|8997006832587|TRF|23/02/2025 00:00:00|TRF|03/03/2026 00:00:00
|20090848|8997006832594|TRF|23/02/2025 00:00:00|TRF|03/03/2026 00:00:00
|20090906|8992832605756|TRF|03/06/2019 00:00:00|TRF|03/03/2026 00:00:00
|20090914|8992718853769|TRF|14/10/2021 00:00:00|TRF|03/03/2026 00:00:00
|20090918|8992959080207|TRF|03/06/2019 00:00:00|TRF|03/03/2026 00:00:00
|20090955|8992959117576|TRF|28/10/2022 00:00:00|TRF|03/03/2026 00:00:00
|20090979|031928|TRF|16/03/2020 00:00:00|TRF|03/03/2026 00:00:00
|20090981|031936|TRF|13/11/2019 00:00:00|TRF|03/03/2026 00:00:00
|20090982|031959|TRF|13/11/2019 00:00:00|TRF|03/03/2026 00:00:00
|20090985|031968|TRF|13/11/2019 00:00:00|TRF|03/03/2026 00:00:00
|20090997|031986|TRF|13/11/2019 00:00:00|TRF|03/03/2026 00:00:00
|20090998|031989|TRF|13/11/2019 00:00:00|TRF|03/03/2026 00:00:00
|20091004|031995|TRF|04/11/2021 00:00:00|TRF|03/03/2026 00:00:00
|20091175|8999999534042|TRF|03/06/2019 00:00:00|TRF|03/03/2026 00:00:00
|20091183|8992753009831|TRF|03/06/2019 00:00:00|TRF|03/03/2026 00:00:00
|20091225|7612100062890|TRF|03/06/2019 00:00:00|TRF|03/03/2026 00:00:00
|20091271|8998866107990|TRF|03/06/2019 00:00:00|TRF|03/03/2026 00:00:00
|20091304|0089686060102|TRF|03/06/2019 00:00:00|TRF|03/03/2026 00:00:00
|20091307|8992745940166|TRF|03/06/2019 00:00:00|TRF|03/03/2026 00:00:00
|20091326|8992772613071|TRF|03/06/2019 00:00:00|TRF|03/03/2026 00:00:00
|20091331|8996001312353|TRF|03/06/2019 00:00:00|TRF|03/03/2026 00:00:00
|20091347|8999999526405|TRF|03/06/2019 00:00:00|TRF|03/03/2026 00:00:00
|20091349|8999999526467|TRF|03/06/2019 00:00:00|TRF|03/03/2026 00:00:00
|20091350|8996001300121|TRF|03/06/2019 00:00:00|TRF|03/03/2026 00:00:00
|20091352|8998866610247|TRF|03/06/2019 00:00:00|TRF|03/03/2026 00:00:00
|20091410|8999999529901|TRF|03/06/2019 00:00:00|TRF|03/03/2026 00:00:00
|20091428|8999999529710|TRF|03/06/2019 00:00:00|TRF|03/03/2026 00:00:00
|20091430|8999999529635|TRF|05/07/2019 00:00:00|TRF|03/03/2026 00:00:00
|20091432|8999999529741|TRF|03/06/2019 00:00:00|TRF|03/03/2026 00:00:00
|20091437|8999999529673|TRF|03/06/2019 00:00:00|TRF|03/03/2026 00:00:00
|20091440|8999999529734|TRF|03/06/2019 00:00:00|TRF|03/03/2026 00:00:00
|20091441|8999999529628|TRF|03/06/2019 00:00:00|TRF|03/03/2026 00:00:00
|20091447|8994834004322|TRF|15/08/2021 00:00:00|TRF|03/03/2026 00:00:00
|20091453|8993110052811|TRF|01/02/2022 00:00:00|TRF|03/03/2026 00:00:00
|20091457|8998866808361|TRF|16/03/2024 00:00:00|TRF|03/03/2026 00:00:00
|20091575|8999999534677|TRF|03/06/2019 00:00:00|TRF|03/03/2026 00:00:00
|20091579|8997025201203|TRF|03/06/2019 00:00:00|TRF|03/03/2026 00:00:00
|20091583|8997014450377|TRF|25/06/2021 00:00:00|TRF|03/03/2026 00:00:00
|20091604|8999908432506|TRF|24/09/2019 00:00:00|TRF|03/03/2026 00:00:00
|20091617|8997050803878|TRF|12/12/2023 00:00:00|TRF|03/03/2026 00:00:00
|20091654|0089686827729|TRF|03/06/2019 00:00:00|TRF|03/03/2026 00:00:00
|20091744|8992907995928|TRF|01/11/2019 00:00:00|TRF|03/03/2026 00:00:00
|20091786|8993189700538|TRF|28/10/2022 00:00:00|TRF|03/03/2026 00:00:00
|20091792|8993189700552|TRF|03/06/2019 00:00:00|TRF|03/03/2026 00:00:00
|20091807|8999898962564|TRF|08/12/2024 00:00:00|TRF|03/03/2026 00:00:00
|20091860|8997204371543|TRF|03/06/2019 00:00:00|TRF|03/03/2026 00:00:00
|20091863|8995102707112|TRF|15/06/2020 00:00:00|TRF|03/03/2026 00:00:00
|20091864|8995102707129|TRF|03/06/2019 00:00:00|TRF|03/03/2026 00:00:00
|20091870|8998866624329|TRF|16/03/2024 00:00:00|TRF|03/03/2026 00:00:00
|20091870|8998866808859|TRF|16/03/2024 00:00:00|TRF|03/03/2026 00:00:00
|20092042|0089686640038|TRF|03/06/2019 00:00:00|TRF|03/03/2026 00:00:00
|20092047|8994969000497|TRF|19/06/2024 00:00:00|TRF|03/03/2026 00:00:00
|20092063|0089686598896|TRF|03/06/2019 00:00:00|TRF|03/03/2026 00:00:00
|20092067|8901233026497|TRF|03/06/2019 00:00:00|TRF|03/03/2026 00:00:00
|20092067|8901233026510|TRF|03/06/2019 00:00:00|TRF|03/03/2026 00:00:00
|20092076|8999999534769|TRF|03/06/2019 00:00:00|TRF|03/03/2026 00:00:00
|20092078|8994112481296|TRF|27/11/2019 00:00:00|TRF|03/03/2026 00:00:00
|20092078|8994112481371|TRF|04/10/2022 00:00:00|TRF|03/03/2026 00:00:00
|20092086|8994096222922|TRF|03/06/2019 00:00:00|TRF|03/03/2026 00:00:00
|20092087|8994096222946|TRF|03/06/2019 00:00:00|TRF|03/03/2026 00:00:00
|20092089|8994096222960|TRF|03/06/2019 00:00:00|TRF|03/03/2026 00:00:00
|20092190|8998866107662|TRF|03/06/2019 00:00:00|TRF|03/03/2026 00:00:00
|20092192|8998866107938|TRF|03/06/2019 00:00:00|TRF|03/03/2026 00:00:00
|20092220|0630509641772|TRF|28/01/2026 00:00:00|TRF|03/03/2026 00:00:00
|20092220|100013508639|TRF|16/06/2023 00:00:00|TRF|03/03/2026 00:00:00
|20092220|6305096438992|TRF|03/06/2019 00:00:00|TRF|03/03/2026 00:00:00
|20092316|8850477020771|TRF|13/09/2019 00:00:00|TRF|03/03/2026 00:00:00
|20092317|8998866107273|TRF|03/06/2019 00:00:00|TRF|03/03/2026 00:00:00
|20092330|8996001312278|TRF|03/06/2019 00:00:00|TRF|03/03/2026 00:00:00
|20092331|8998866611718|TRF|03/06/2019 00:00:00|TRF|03/03/2026 00:00:00
|20092359|8993559386287|TRF|07/11/2024 00:00:00|TRF|03/03/2026 00:00:00
|20092360|8993559386294|TRF|09/08/2022 00:00:00|TRF|03/03/2026 00:00:00
|20092367|8999777010881|TRF|03/06/2019 00:00:00|TRF|03/03/2026 00:00:00
|20092400|8999999534660|TRF|14/03/2022 00:00:00|TRF|03/03/2026 00:00:00
|20092473|8885013130645|TRF|21/08/2019 00:00:00|TRF|03/03/2026 00:00:00
|20092520|8992959508985|TRF|03/06/2019 00:00:00|TRF|03/03/2026 00:00:00
|20092521|8992959508992|TRF|03/06/2019 00:00:00|TRF|03/03/2026 00:00:00
|20092545|8991001112910|TRF|03/06/2019 00:00:00|TRF|03/03/2026 00:00:00
|20092546|8991001112903|TRF|03/06/2019 00:00:00|TRF|03/03/2026 00:00:00
|20092548|6914253439309|TRF|03/06/2019 00:00:00|TRF|03/03/2026 00:00:00
|20092710|8994096222892|TRF|27/02/2025 00:00:00|TRF|03/03/2026 00:00:00
|20092712|8993058304416|TRF|03/06/2019 00:00:00|TRF|03/03/2026 00:00:00
|20092849|8992959974100|TRF|18/11/2019 00:00:00|TRF|03/03/2026 00:00:00
|20092857|8886013236207|TRF|24/05/2023 00:00:00|TRF|03/03/2026 00:00:00
|20092858|8994834002274|TRF|26/03/2024 00:00:00|TRF|03/03/2026 00:00:00
|20092863|8993531772459|TRF|03/06/2019 00:00:00|TRF|03/03/2026 00:00:00
|20092875|8992775001042|TRF|03/06/2019 00:00:00|TRF|03/03/2026 00:00:00
|20092877|031503|TRF|28/02/2025 00:00:00|TRF|03/03/2026 00:00:00
|20092879|031509|TRF|20/02/2025 00:00:00|TRF|03/03/2026 00:00:00
|20092890|8993327400283|TRF|03/06/2019 00:00:00|TRF|03/03/2026 00:00:00
|20092895|8999999536596|TRF|03/06/2019 00:00:00|TRF|03/03/2026 00:00:00
|20092900|028783|TRF|03/06/2019 00:00:00|TRF|03/03/2026 00:00:00
|20092901|028785|TRF|03/06/2019 00:00:00|TRF|03/03/2026 00:00:00
|20092902|028786|TRF|03/06/2019 00:00:00|TRF|03/03/2026 00:00:00
|20092903|028788|TRF|03/06/2019 00:00:00|TRF|03/03/2026 00:00:00
|20092908|040127|TRF|28/02/2025 00:00:00|TRF|03/03/2026 00:00:00
|20092909|040016|TRF|28/02/2025 00:00:00|TRF|03/03/2026 00:00:00
|20092910|040022|TRF|28/02/2025 00:00:00|TRF|03/03/2026 00:00:00
|20092911|040049|TRF|28/02/2025 00:00:00|TRF|03/03/2026 00:00:00
|20092914|040037|TRF|28/02/2025 00:00:00|TRF|03/03/2026 00:00:00
|20092922|039770|TRF|28/02/2025 00:00:00|TRF|03/03/2026 00:00:00
|20092994|8997028301566|TRF|23/02/2025 00:00:00|TRF|03/03/2026 00:00:00
|20092998|040253|TRF|28/02/2025 00:00:00|TRF|03/03/2026 00:00:00
|20092999|040244|TRF|28/02/2025 00:00:00|TRF|03/03/2026 00:00:00
|20093000|040226|TRF|28/02/2025 00:00:00|TRF|03/03/2026 00:00:00
|20093001|040229|TRF|28/02/2025 00:00:00|TRF|03/03/2026 00:00:00
|20093002|040238|TRF|28/02/2025 00:00:00|TRF|03/03/2026 00:00:00
|20093003|040166|TRF|28/02/2025 00:00:00|TRF|03/03/2026 00:00:00
|20093004|040235|TRF|28/02/2025 00:00:00|TRF|03/03/2026 00:00:00
|20093015|044010|TRF|28/02/2025 00:00:00|TRF|03/03/2026 00:00:00
|20093057|031951|TRF|18/11/2019 00:00:00|TRF|03/03/2026 00:00:00
|20093058|031956|TRF|18/11/2019 00:00:00|TRF|03/03/2026 00:00:00
|20093100|8992946531316|TRF|03/06/2019 00:00:00|TRF|03/03/2026 00:00:00
|20093101|8992946531361|TRF|03/06/2019 00:00:00|TRF|03/03/2026 00:00:00
|20093102|8992946531392|TRF|03/06/2019 00:00:00|TRF|03/03/2026 00:00:00
|20093109|0653314502120|TRF|03/06/2019 00:00:00|TRF|03/03/2026 00:00:00
|20093110|0653314502540|TRF|03/06/2019 00:00:00|TRF|03/03/2026 00:00:00
|20093135|8996001355978|TRF|03/06/2019 00:00:00|TRF|03/03/2026 00:00:00
|20093143|4902430832748|TRF|03/06/2019 00:00:00|TRF|03/03/2026 00:00:00
|20093175|6923700909050|TRF|03/06/2019 00:00:00|TRF|03/03/2026 00:00:00
|20093182|9555093300144|TRF|03/06/2019 00:00:00|TRF|03/03/2026 00:00:00
|20093183|8998866809337|TRF|03/06/2019 00:00:00|TRF|03/03/2026 00:00:00
|20093185|8998866809313|TRF|03/06/2019 00:00:00|TRF|03/03/2026 00:00:00
|20093188|8999999526870|TRF|12/06/2023 00:00:00|TRF|03/03/2026 00:00:00
|20093188|8999999578770|TRF|12/06/2023 00:00:00|TRF|03/03/2026 00:00:00
|20093193|8998866612258|TRF|03/06/2019 00:00:00|TRF|03/03/2026 00:00:00
|20093211|8994096223127|TRF|03/06/2019 00:00:00|TRF|03/03/2026 00:00:00
|20093212|8994096223141|TRF|03/06/2019 00:00:00|TRF|03/03/2026 00:00:00
|20093221|0089686043433|TRF|03/06/2019 00:00:00|TRF|03/03/2026 00:00:00
|20093266|8994096222908|TRF|26/01/2025 00:00:00|TRF|03/03/2026 00:00:00
|20093327|8996001414224|TRF|06/08/2019 00:00:00|TRF|03/03/2026 00:00:00
|20093329|6921734960214|TRF|26/11/2020 00:00:00|TRF|03/03/2026 00:00:00
|20093516|8992709958725|TRF|03/06/2019 00:00:00|TRF|03/03/2026 00:00:00
|20093516|8992952956301|TRF|21/03/2023 00:00:00|TRF|03/03/2026 00:00:00
|20093521|8999999519001|TRF|23/02/2026 00:00:00|TRF|03/03/2026 00:00:00
|20093521|8999999614430|TRF|23/02/2026 00:00:00|TRF|03/03/2026 00:00:00
|20093522|8993110000249|TRF|03/06/2019 00:00:00|TRF|03/03/2026 00:00:00
|20093523|8994763101031|TRF|12/11/2019 00:00:00|TRF|03/03/2026 00:00:00
|20093523|8997033560491|TRF|12/11/2019 00:00:00|TRF|03/03/2026 00:00:00
|20093586|8997218380128|TRF|07/11/2023 00:00:00|TRF|03/03/2026 00:00:00
|20093587|4550516705778|TRF|28/11/2023 00:00:00|TRF|03/03/2026 00:00:00
|20093587|4901872447404|TRF|05/07/2019 00:00:00|TRF|03/03/2026 00:00:00
|20093627|8998866612210|TRF|02/03/2020 00:00:00|TRF|03/03/2026 00:00:00
|20093627|8998866626422|TRF|02/08/2023 00:00:00|TRF|03/03/2026 00:00:00
|20093638|8994096111448|TRF|08/10/2024 00:00:00|TRF|03/03/2026 00:00:00
|20093638|8997017380299|TRF|07/10/2019 00:00:00|TRF|03/03/2026 00:00:00
|20093639|8998866611633|TRF|03/06/2019 00:00:00|TRF|03/03/2026 00:00:00
|20093678|8997032821234|TRF|31/07/2019 00:00:00|TRF|03/03/2026 00:00:00
|20093906|6902395717881|TRF|15/12/2021 00:00:00|TRF|03/03/2026 00:00:00
|20093909|8995108500052|TRF|03/06/2019 00:00:00|TRF|03/03/2026 00:00:00
|20093913|8993189322839|TRF|29/06/2020 00:00:00|TRF|03/03/2026 00:00:00
|20093919|8994096223004|TRF|08/07/2019 00:00:00|TRF|03/03/2026 00:00:00
|20093941|8998866202053|TRF|03/06/2019 00:00:00|TRF|03/03/2026 00:00:00
|20093959|8993058304317|TRF|20/03/2020 00:00:00|TRF|03/03/2026 00:00:00
|20093959|8993058305314|TRF|03/06/2019 00:00:00|TRF|03/03/2026 00:00:00
|20093993|8992761002053|TRF|08/09/2024 00:00:00|TRF|03/03/2026 00:00:00
|20094123|8995899111031|TRF|23/02/2025 00:00:00|TRF|03/03/2026 00:00:00
|20094164|8992752112013|TRF|03/06/2019 00:00:00|TRF|03/03/2026 00:00:00
|20094167|8992752112518|TRF|03/06/2019 00:00:00|TRF|03/03/2026 00:00:00
|20094168|6914253436643|TRF|03/06/2019 00:00:00|TRF|03/03/2026 00:00:00
|20094171|8994096223271|TRF|03/06/2019 00:00:00|TRF|03/03/2026 00:00:00
|20094189|8993137699471|TRF|01/08/2019 00:00:00|TRF|03/03/2026 00:00:00
|20094203|8997032821418|TRF|03/06/2019 00:00:00|TRF|03/03/2026 00:00:00
|20094206|8996001350867|TRF|17/11/2025 00:00:00|TRF|03/03/2026 00:00:00
|20094211|8994096113398|TRF|26/02/2026 00:00:00|TRF|03/03/2026 00:00:00
|20094211|8994096223165|TRF|09/10/2025 00:00:00|TRF|03/03/2026 00:00:00
|20094235|040265|TRF|21/12/2020 00:00:00|TRF|03/03/2026 00:00:00
|20094283|8993007003902|TRF|03/06/2019 00:00:00|TRF|03/03/2026 00:00:00
|20094320|8999999537142|TRF|03/06/2019 00:00:00|TRF|03/03/2026 00:00:00
|20094327|8996196004651|TRF|03/06/2019 00:00:00|TRF|03/03/2026 00:00:00
|20094328|8996196004705|TRF|03/06/2019 00:00:00|TRF|03/03/2026 00:00:00
|20094342|8922702001039|TRF|15/10/2025 00:00:00|TRF|03/03/2026 00:00:00
|20094383|8991004009064|TRF|29/06/2022 00:00:00|TRF|03/03/2026 00:00:00
|20094387|8999999539450|TRF|03/06/2019 00:00:00|TRF|03/03/2026 00:00:00
|20094407|032296|TRF|28/02/2025 00:00:00|TRF|03/03/2026 00:00:00
|20094407|044692|TRF|28/02/2025 00:00:00|TRF|03/03/2026 00:00:00
|20094408|032368|TRF|28/02/2025 00:00:00|TRF|03/03/2026 00:00:00
|20094416|4719745074103|TRF|11/09/2023 00:00:00|TRF|03/03/2026 00:00:00
|20094416|4719745505454|TRF|05/07/2019 00:00:00|TRF|03/03/2026 00:00:00
|20094417|4719745505461|TRF|01/11/2021 00:00:00|TRF|03/03/2026 00:00:00
|20094437|0089686648003|TRF|03/06/2019 00:00:00|TRF|03/03/2026 00:00:00
|20094553|8993417105517|TRF|26/03/2024 00:00:00|TRF|03/03/2026 00:00:00
|20094642|8996001520161|TRF|19/05/2021 00:00:00|TRF|03/03/2026 00:00:00
|20094668|8990800021898|TRF|15/08/2021 00:00:00|TRF|03/03/2026 00:00:00
|20094678|8993351129938|TRF|02/10/2025 00:00:00|TRF|03/03/2026 00:00:00
|20094693|8998866202312|TRF|03/06/2019 00:00:00|TRF|03/03/2026 00:00:00
|20094698|0887961705393|TRF|23/02/2025 00:00:00|TRF|03/03/2026 00:00:00
|20094731|8995899190111|TRF|21/09/2020 00:00:00|TRF|03/03/2026 00:00:00
|20094733|4902430844765|TRF|16/03/2024 00:00:00|TRF|03/03/2026 00:00:00
|20094735|4902430845199|TRF|16/03/2024 00:00:00|TRF|03/03/2026 00:00:00
|20094772|8993137702102|TRF|03/06/2019 00:00:00|TRF|03/03/2026 00:00:00
|20094773|8993137701419|TRF|03/06/2019 00:00:00|TRF|03/03/2026 00:00:00
|20094802|8997013149999|TRF|20/01/2024 00:00:00|TRF|03/03/2026 00:00:00
|20094811|8999908692702|TRF|03/06/2019 00:00:00|TRF|03/03/2026 00:00:00
|20094824|8999999540357|TRF|03/06/2019 00:00:00|TRF|03/03/2026 00:00:00
|20094874|8992832605862|TRF|03/06/2019 00:00:00|TRF|03/03/2026 00:00:00
|20094959|8997213204801|TRF|03/06/2019 00:00:00|TRF|03/03/2026 00:00:00
|20095011|8993137698672|TRF|12/02/2024 00:00:00|TRF|03/03/2026 00:00:00
|20095021|9556439890961|TRF|20/02/2025 00:00:00|TRF|03/03/2026 00:00:00
|20095132|8901526539666|TRF|18/07/2022 00:00:00|TRF|03/03/2026 00:00:00
|20095146|8888166994218|TRF|03/06/2019 00:00:00|TRF|03/03/2026 00:00:00
|20095150|8993560026998|TRF|14/12/2023 00:00:00|TRF|03/03/2026 00:00:00
|20095217|8999909001633|TRF|03/06/2019 00:00:00|TRF|03/03/2026 00:00:00
|20095220|8992775001783|TRF|03/06/2019 00:00:00|TRF|03/03/2026 00:00:00
|20095226|8998866809696|TRF|11/06/2020 00:00:00|TRF|03/03/2026 00:00:00
|20095233|4806025960017|TRF|03/06/2019 00:00:00|TRF|03/03/2026 00:00:00
|20095234|8997021871097|TRF|03/06/2019 00:00:00|TRF|03/03/2026 00:00:00
|20095302|8997168212135|TRF|01/03/2023 00:00:00|TRF|03/03/2026 00:00:00
|20095317|8993351120416|TRF|03/06/2019 00:00:00|TRF|03/03/2026 00:00:00
|20095318|8993351120409|TRF|03/06/2019 00:00:00|TRF|03/03/2026 00:00:00
|20095417|8995152900600|TRF|03/06/2019 00:00:00|TRF|03/03/2026 00:00:00
|20095417|8997223540241|TRF|17/02/2021 00:00:00|TRF|03/03/2026 00:00:00
|20095418|8992696521810|TRF|03/06/2019 00:00:00|TRF|03/03/2026 00:00:00
|20095509|031518|TRF|28/02/2025 00:00:00|TRF|03/03/2026 00:00:00
|20095510|031521|TRF|28/02/2025 00:00:00|TRF|03/03/2026 00:00:00
|20095511|031524|TRF|28/02/2025 00:00:00|TRF|03/03/2026 00:00:00
|20095744|8992745560586|TRF|03/07/2019 00:00:00|TRF|03/03/2026 00:00:00
|20095746|8993560033507|TRF|16/03/2024 00:00:00|TRF|03/03/2026 00:00:00
|20095753|8992775001691|TRF|03/06/2019 00:00:00|TRF|03/03/2026 00:00:00
|20095759|8997022121054|TRF|28/02/2025 00:00:00|TRF|03/03/2026 00:00:00
|20095759|8997022121801|TRF|28/02/2025 00:00:00|TRF|03/03/2026 00:00:00
|20095770|8994096223356|TRF|25/02/2025 00:00:00|TRF|03/03/2026 00:00:00
|20095770|8994096224483|TRF|25/02/2025 00:00:00|TRF|03/03/2026 00:00:00
|20095772|8999999542153|TRF|22/02/2024 00:00:00|TRF|03/03/2026 00:00:00
|20095864|6947912511818|TRF|03/06/2019 00:00:00|TRF|03/03/2026 00:00:00
|20095866|6947912511894|TRF|25/03/2021 00:00:00|TRF|03/03/2026 00:00:00
|20095866|6947912512440|TRF|25/03/2021 00:00:00|TRF|03/03/2026 00:00:00
|20095866|6947912512457|TRF|25/03/2021 00:00:00|TRF|03/03/2026 00:00:00
|20095866|6947912512648|TRF|25/03/2021 00:00:00|TRF|03/03/2026 00:00:00
|20095866|6947912512655|TRF|25/03/2021 00:00:00|TRF|03/03/2026 00:00:00
|20095866|6947912512679|TRF|25/03/2021 00:00:00|TRF|03/03/2026 00:00:00
|20095866|6947912552170|TRF|25/03/2021 00:00:00|TRF|03/03/2026 00:00:00
|20095866|6947912561288|TRF|11/03/2022 00:00:00|TRF|03/03/2026 00:00:00
|20095866|6947912561936|TRF|25/04/2022 00:00:00|TRF|03/03/2026 00:00:00
|20095866|6947912680521|TRF|22/12/2023 00:00:00|TRF|03/03/2026 00:00:00
|20095866|6947912680538|TRF|22/12/2023 00:00:00|TRF|03/03/2026 00:00:00
|20095866|6947912686899|TRF|15/11/2024 00:00:00|TRF|03/03/2026 00:00:00
|20095866|6947912714165|TRF|22/04/2025 00:00:00|TRF|03/03/2026 00:00:00
|20095874|8993189329548|TRF|03/06/2019 00:00:00|TRF|03/03/2026 00:00:00
|20095875|8993189329555|TRF|03/06/2019 00:00:00|TRF|03/03/2026 00:00:00
|20095876|8993189329562|TRF|03/06/2019 00:00:00|TRF|03/03/2026 00:00:00
|20095888|8991001111722|TRF|03/06/2019 00:00:00|TRF|03/03/2026 00:00:00
|20096063|045233|TRF|26/01/2025 00:00:00|TRF|03/03/2026 00:00:00
|20096065|031947|TRF|19/02/2020 00:00:00|TRF|03/03/2026 00:00:00
|20096066|5000500688963|TRF|06/03/2020 00:00:00|TRF|03/03/2026 00:00:00
|20096095|8998866105286|TRF|28/10/2022 00:00:00|TRF|03/03/2026 00:00:00
|20096136|8993137692762|TRF|23/10/2020 00:00:00|TRF|03/03/2026 00:00:00
|20096148|6947912511788|TRF|13/06/2019 00:00:00|TRF|03/03/2026 00:00:00
|20096153|8999999547455|TRF|03/06/2019 00:00:00|TRF|03/03/2026 00:00:00
|20096154|8994420100018|TRF|20/04/2021 00:00:00|TRF|03/03/2026 00:00:00
|20096155|8994420107789|TRF|20/04/2021 00:00:00|TRF|03/03/2026 00:00:00
|20096157|6914253440022|TRF|03/06/2019 00:00:00|TRF|03/03/2026 00:00:00
|20096159|8886457660910|TRF|11/06/2019 00:00:00|TRF|03/03/2026 00:00:00
|20096173|8994096223332|TRF|15/09/2025 00:00:00|TRF|03/03/2026 00:00:00
|20096322|8992753721177|TRF|09/06/2025 00:00:00|TRF|03/03/2026 00:00:00
|20096351|8994112481302|TRF|27/11/2019 00:00:00|TRF|03/03/2026 00:00:00
|20096351|8994112481395|TRF|17/01/2023 00:00:00|TRF|03/03/2026 00:00:00
|20096352|8997027290083|TRF|19/02/2026 00:00:00|TRF|03/03/2026 00:00:00
|20096353|8997027290090|TRF|19/02/2026 00:00:00|TRF|03/03/2026 00:00:00
|20096354|8997027290113|TRF|19/02/2026 00:00:00|TRF|03/03/2026 00:00:00
|20096355|8997027290380|TRF|19/02/2026 00:00:00|TRF|03/03/2026 00:00:00
|20096377|030910|TRF|30/12/2019 00:00:00|TRF|03/03/2026 00:00:00
|20096440|8993093666326|TRF|15/09/2025 00:00:00|TRF|03/03/2026 00:00:00
|20096495|8992695911384|TRF|17/06/2019 00:00:00|TRF|03/03/2026 00:00:00
|20096499|8801073114173|TRF|13/06/2019 00:00:00|TRF|03/03/2026 00:00:00
|20096502|8997217370199|TRF|12/06/2019 00:00:00|TRF|03/03/2026 00:00:00
|20096560|036468|TRF|23/01/2020 00:00:00|TRF|03/03/2026 00:00:00
|20096561|036471|TRF|23/01/2020 00:00:00|TRF|03/03/2026 00:00:00
|20096571|8994096223738|TRF|18/06/2019 00:00:00|TRF|03/03/2026 00:00:00
|20096580|039815|TRF|28/02/2025 00:00:00|TRF|03/03/2026 00:00:00
|20096589|8998866202114|TRF|27/06/2019 00:00:00|TRF|03/03/2026 00:00:00
|20096590|8998866202138|TRF|27/06/2019 00:00:00|TRF|03/03/2026 00:00:00
|20096641|8994096223462|TRF|10/07/2019 00:00:00|TRF|03/03/2026 00:00:00
|20096642|8994096223486|TRF|10/07/2019 00:00:00|TRF|03/03/2026 00:00:00
|20096659|8994096223622|TRF|26/06/2019 00:00:00|TRF|03/03/2026 00:00:00
|20096673|9555122000212|TRF|11/07/2019 00:00:00|TRF|03/03/2026 00:00:00
|20096677|8994096223684|TRF|22/09/2021 00:00:00|TRF|03/03/2026 00:00:00
|20096682|8994096223646|TRF|02/07/2019 00:00:00|TRF|03/03/2026 00:00:00
|20096704|8998127921709|TRF|11/11/2019 00:00:00|TRF|03/03/2026 00:00:00
|20096765|031430|TRF|28/02/2025 00:00:00|TRF|03/03/2026 00:00:00
|20096772|8992222073639|TRF|01/08/2019 00:00:00|TRF|03/03/2026 00:00:00
|20096777|8853301550055|TRF|23/02/2025 00:00:00|TRF|03/03/2026 00:00:00
|20096781|8998866202343|TRF|16/07/2019 00:00:00|TRF|03/03/2026 00:00:00
|20096783|8936036025712|TRF|23/08/2019 00:00:00|TRF|03/03/2026 00:00:00
|20096787|8999999548520|TRF|11/08/2019 00:00:00|TRF|03/03/2026 00:00:00
|20096787|8999999612696|TRF|01/07/2025 00:00:00|TRF|03/03/2026 00:00:00
|20096794|8994096223783|TRF|18/07/2019 00:00:00|TRF|03/03/2026 00:00:00
|20096795|8994096223776|TRF|18/07/2019 00:00:00|TRF|03/03/2026 00:00:00
|20096796|8994096223769|TRF|18/07/2019 00:00:00|TRF|03/03/2026 00:00:00
|20096808|8990041000188|TRF|05/11/2024 00:00:00|TRF|03/03/2026 00:00:00
|20096808|8994763101086|TRF|12/11/2019 00:00:00|TRF|03/03/2026 00:00:00
|20096808|8997004700277|TRF|11/07/2024 00:00:00|TRF|03/03/2026 00:00:00
|20096808|8997214270492|TRF|09/05/2023 00:00:00|TRF|03/03/2026 00:00:00
|20096977|8999908526304|TRF|28/10/2022 00:00:00|TRF|03/03/2026 00:00:00
|20096978|8997013770698|TRF|29/07/2019 00:00:00|TRF|03/03/2026 00:00:00
|20096979|8997014450421|TRF|21/07/2020 00:00:00|TRF|03/03/2026 00:00:00
|20097103|8992856899537|TRF|27/02/2020 00:00:00|TRF|03/03/2026 00:00:00
|20097104|8998866201988|TRF|20/08/2019 00:00:00|TRF|03/03/2026 00:00:00
|20097275|8997209480561|TRF|24/02/2024 00:00:00|TRF|03/03/2026 00:00:00
|20097301|8994993001378|TRF|31/07/2019 00:00:00|TRF|03/03/2026 00:00:00
|20097385|8992959076200|TRF|21/02/2025 00:00:00|TRF|03/03/2026 00:00:00
|20097386|8992959077207|TRF|25/02/2025 00:00:00|TRF|03/03/2026 00:00:00
|20097390|8995102708089|TRF|31/07/2019 00:00:00|TRF|03/03/2026 00:00:00
|20097391|8995102708119|TRF|31/07/2019 00:00:00|TRF|03/03/2026 00:00:00
|20097400|032750|TRF|01/08/2025 00:00:00|TRF|03/03/2026 00:00:00
|20097405|8999999547448|TRF|31/07/2019 00:00:00|TRF|03/03/2026 00:00:00
|20097406|8996001304044|TRF|05/08/2019 00:00:00|TRF|03/03/2026 00:00:00
|20097468|8997014181530|TRF|08/08/2019 00:00:00|TRF|03/03/2026 00:00:00
|20097477|8994096223387|TRF|12/08/2019 00:00:00|TRF|03/03/2026 00:00:00
|20097479|8994096223363|TRF|12/08/2019 00:00:00|TRF|03/03/2026 00:00:00
|20097488|5900020029348|TRF|21/08/2019 00:00:00|TRF|03/03/2026 00:00:00
|20097492|8994096223608|TRF|11/08/2019 00:00:00|TRF|03/03/2026 00:00:00
|20097515|8997026540110|TRF|13/01/2021 00:00:00|TRF|03/03/2026 00:00:00
|20097521|8997007270074|TRF|14/08/2019 00:00:00|TRF|03/03/2026 00:00:00
|20097527|8992222092975|TRF|11/08/2019 00:00:00|TRF|03/03/2026 00:00:00
|20097739|8994096112353|TRF|26/06/2025 00:00:00|TRF|03/03/2026 00:00:00
|20097739|8994096224032|TRF|16/03/2024 00:00:00|TRF|03/03/2026 00:00:00
|20097774|8998866202459|TRF|11/08/2019 00:00:00|TRF|03/03/2026 00:00:00
|20097776|8998866202473|TRF|11/08/2019 00:00:00|TRF|03/03/2026 00:00:00
|20097777|8998866201865|TRF|11/08/2019 00:00:00|TRF|03/03/2026 00:00:00
|20097795|8993137697156|TRF|27/06/2022 00:00:00|TRF|03/03/2026 00:00:00
|20097984|8996001603345|TRF|21/08/2019 00:00:00|TRF|03/03/2026 00:00:00
|20098000|0089686960280|TRF|28/08/2019 00:00:00|TRF|03/03/2026 00:00:00
|20098001|0089686960297|TRF|28/08/2019 00:00:00|TRF|03/03/2026 00:00:00
|20098010|8994112600109|TRF|26/11/2020 00:00:00|TRF|03/03/2026 00:00:00
|20098010|8994112600123|TRF|26/11/2020 00:00:00|TRF|03/03/2026 00:00:00
|20098028|8993218322105|TRF|25/06/2024 00:00:00|TRF|03/03/2026 00:00:00
|20098028|8993218322106|TRF|25/06/2024 00:00:00|TRF|03/03/2026 00:00:00
|20098028|8993218673406|TRF|25/06/2024 00:00:00|TRF|03/03/2026 00:00:00
|20098059|8996001305058|TRF|25/11/2019 00:00:00|TRF|03/03/2026 00:00:00
|20098166|8993027164034|TRF|28/10/2022 00:00:00|TRF|03/03/2026 00:00:00
|20098168|8991002114012|TRF|11/06/2020 00:00:00|TRF|03/03/2026 00:00:00
|20098171|8992696521407|TRF|11/09/2019 00:00:00|TRF|03/03/2026 00:00:00
|20098227|8991002115477|TRF|28/08/2019 00:00:00|TRF|03/03/2026 00:00:00
|20098229|8997226240186|TRF|23/02/2025 00:00:00|TRF|03/03/2026 00:00:00
|20098268|8994993009534|TRF|11/09/2019 00:00:00|TRF|03/03/2026 00:00:00
|20098312|8998866612371|TRF|25/02/2025 00:00:00|TRF|03/03/2026 00:00:00
|20098313|6947912511832|TRF|16/09/2019 00:00:00|TRF|03/03/2026 00:00:00
|20098334|8995108509864|TRF|31/01/2020 00:00:00|TRF|03/03/2026 00:00:00
|20098348|8995108500038|TRF|02/04/2020 00:00:00|TRF|03/03/2026 00:00:00
|20098360|8991001663191|TRF|15/08/2021 00:00:00|TRF|03/03/2026 00:00:00
|20098361|8994096223561|TRF|20/08/2021 00:00:00|TRF|03/03/2026 00:00:00
|20098365|6921734981011|TRF|26/11/2020 00:00:00|TRF|03/03/2026 00:00:00
|20098368|8999908429100|TRF|09/06/2025 00:00:00|TRF|03/03/2026 00:00:00
|20098369|8999908429506|TRF|09/06/2025 00:00:00|TRF|03/03/2026 00:00:00
|20098370|8999908429308|TRF|07/11/2024 00:00:00|TRF|03/03/2026 00:00:00
|20098371|8999908429704|TRF|07/11/2024 00:00:00|TRF|03/03/2026 00:00:00
|20098379|6935205306241|TRF|26/11/2020 00:00:00|TRF|03/03/2026 00:00:00
|20098379|6944094980128|TRF|11/11/2023 00:00:00|TRF|03/03/2026 00:00:00
|20098388|6935205304841|TRF|26/11/2020 00:00:00|TRF|03/03/2026 00:00:00
|20098389|6935205308382|TRF|26/11/2020 00:00:00|TRF|03/03/2026 00:00:00
|20098390|6935205356932|TRF|26/11/2020 00:00:00|TRF|03/03/2026 00:00:00
|20098391|6935205301505|TRF|26/11/2020 00:00:00|TRF|03/03/2026 00:00:00
|20098394|6921734905789|TRF|26/11/2020 00:00:00|TRF|03/03/2026 00:00:00
|20098398|102000128|TRF|26/11/2020 00:00:00|TRF|03/03/2026 00:00:00
|20098399|100127650|TRF|26/11/2020 00:00:00|TRF|03/03/2026 00:00:00
|20098400|102000133|TRF|23/02/2025 00:00:00|TRF|03/03/2026 00:00:00
|20098406|6921734920225|TRF|26/11/2020 00:00:00|TRF|03/03/2026 00:00:00
|20098406|6921734920249|TRF|11/11/2023 00:00:00|TRF|03/03/2026 00:00:00
|20098413|8997013770704|TRF|10/10/2019 00:00:00|TRF|03/03/2026 00:00:00
|20098414|8997013770711|TRF|10/10/2019 00:00:00|TRF|03/03/2026 00:00:00
|20098494|8888166341036|TRF|27/09/2019 00:00:00|TRF|03/03/2026 00:00:00
|20098498|8888166350137|TRF|27/09/2019 00:00:00|TRF|03/03/2026 00:00:00
|20098520|8994096224162|TRF|09/09/2019 00:00:00|TRF|03/03/2026 00:00:00
|20098565|8997272970167|TRF|10/09/2019 00:00:00|TRF|03/03/2026 00:00:00
|20098605|8998899995922|TRF|30/09/2019 00:00:00|TRF|03/03/2026 00:00:00
|20098614|8994096223585|TRF|18/09/2019 00:00:00|TRF|03/03/2026 00:00:00
|20098616|8993189329579|TRF|01/10/2019 00:00:00|TRF|03/03/2026 00:00:00
|20098663|6922130108057|TRF|26/02/2021 00:00:00|TRF|03/03/2026 00:00:00
|20098702|5000500621991|TRF|11/03/2020 00:00:00|TRF|03/03/2026 00:00:00
|20098761|8993137703055|TRF|26/09/2019 00:00:00|TRF|03/03/2026 00:00:00
|20098765|8991380011422|TRF|10/10/2019 00:00:00|TRF|03/03/2026 00:00:00
|20098776|8995102707150|TRF|23/02/2025 00:00:00|TRF|03/03/2026 00:00:00
|20098787|8992695554062|TRF|26/09/2019 00:00:00|TRF|03/03/2026 00:00:00
|20098806|8992993523104|TRF|15/09/2025 00:00:00|TRF|03/03/2026 00:00:00
|20098808|8886020225515|TRF|26/05/2020 00:00:00|TRF|03/03/2026 00:00:00
|20098912|8993137702935|TRF|02/10/2019 00:00:00|TRF|03/03/2026 00:00:00
|20098947|8888327832014|TRF|11/11/2019 00:00:00|TRF|03/03/2026 00:00:00
|20098948|8888327832038|TRF|11/11/2019 00:00:00|TRF|03/03/2026 00:00:00
|20099141|8991002102132|TRF|25/04/2025 00:00:00|TRF|03/03/2026 00:00:00
|20099150|8990114000244|TRF|23/09/2025 00:00:00|TRF|03/03/2026 00:00:00
|20099150|8998009972416|TRF|07/10/2019 00:00:00|TRF|03/03/2026 00:00:00
|20099155|8998866202008|TRF|25/04/2025 00:00:00|TRF|03/03/2026 00:00:00
|20099164|8999999549565|TRF|10/10/2019 00:00:00|TRF|03/03/2026 00:00:00
|20099181|8998866106412|TRF|27/06/2022 00:00:00|TRF|03/03/2026 00:00:00
|20099248|4800136111047|TRF|03/08/2022 00:00:00|TRF|03/03/2026 00:00:00
|20099248|8993113234061|TRF|26/10/2021 00:00:00|TRF|03/03/2026 00:00:00
|20099248|8993237343045|TRF|26/10/2021 00:00:00|TRF|03/03/2026 00:00:00
|20099290|8997204440461|TRF|25/06/2020 00:00:00|TRF|03/03/2026 00:00:00
|20099297|8998866202404|TRF|11/10/2019 00:00:00|TRF|03/03/2026 00:00:00
|20099361|045234|TRF|04/05/2024 00:00:00|TRF|03/03/2026 00:00:00
|20099396|8993189329586|TRF|28/10/2022 00:00:00|TRF|03/03/2026 00:00:00
|20099414|8998866610094|TRF|01/03/2022 00:00:00|TRF|03/03/2026 00:00:00
|20099420|8998866808118|TRF|23/02/2025 00:00:00|TRF|03/03/2026 00:00:00
|20099424|8998866107914|TRF|01/03/2023 00:00:00|TRF|03/03/2026 00:00:00
|20099549|8888900700037|TRF|22/10/2019 00:00:00|TRF|03/03/2026 00:00:00
|20099571|8993200666133|TRF|21/10/2019 00:00:00|TRF|03/03/2026 00:00:00
|20099572|8993200666218|TRF|20/08/2021 00:00:00|TRF|03/03/2026 00:00:00
|20099678|8997222130191|TRF|01/04/2021 00:00:00|TRF|03/03/2026 00:00:00
|20099679|8997222130016|TRF|18/08/2020 00:00:00|TRF|03/03/2026 00:00:00
|20099687|8888166350489|TRF|05/11/2019 00:00:00|TRF|03/03/2026 00:00:00
|20099735|8998866611640|TRF|16/07/2024 00:00:00|TRF|03/03/2026 00:00:00
|20099762|8994755020487|TRF|28/10/2019 00:00:00|TRF|03/03/2026 00:00:00
|20099766|8998888461315|TRF|23/02/2025 00:00:00|TRF|03/03/2026 00:00:00
|20099768|8998888462190|TRF|22/07/2025 00:00:00|TRF|03/03/2026 00:00:00
|20099791|8991038775171|TRF|04/11/2019 00:00:00|TRF|03/03/2026 00:00:00
|20099955|8997004301658|TRF|18/11/2019 00:00:00|TRF|03/03/2026 00:00:00
|20099956|8997004301672|TRF|18/11/2019 00:00:00|TRF|03/03/2026 00:00:00
|20099972|9555122001059|TRF|03/12/2019 00:00:00|TRF|03/03/2026 00:00:00
|20099973|9555030107614|TRF|06/01/2020 00:00:00|TRF|03/03/2026 00:00:00
|20099974|8998288220017|TRF|06/11/2019 00:00:00|TRF|03/03/2026 00:00:00
|20100007|8999999540456|TRF|12/11/2019 00:00:00|TRF|03/03/2026 00:00:00
|20100011|032996|TRF|07/10/2025 00:00:00|TRF|03/03/2026 00:00:00
|20100012|033126|TRF|07/10/2025 00:00:00|TRF|03/03/2026 00:00:00
|20100013|033129|TRF|07/10/2025 00:00:00|TRF|03/03/2026 00:00:00
|20100014|033132|TRF|07/10/2025 00:00:00|TRF|03/03/2026 00:00:00
|20100015|033135|TRF|07/10/2025 00:00:00|TRF|03/03/2026 00:00:00
|20100016|033138|TRF|07/10/2025 00:00:00|TRF|03/03/2026 00:00:00
|20100017|033141|TRF|07/10/2025 00:00:00|TRF|03/03/2026 00:00:00
|20100018|033108|TRF|07/10/2025 00:00:00|TRF|03/03/2026 00:00:00
|20100026|8996001600610|TRF|11/12/2019 00:00:00|TRF|03/03/2026 00:00:00
|20100027|8998866108102|TRF|07/02/2022 00:00:00|TRF|03/03/2026 00:00:00
|20100033|8992772265287|TRF|27/02/2020 00:00:00|TRF|03/03/2026 00:00:00
|20100069|036116|TRF|07/10/2025 00:00:00|TRF|03/03/2026 00:00:00
|20100071|042323|TRF|07/10/2025 00:00:00|TRF|03/03/2026 00:00:00
|20100072|039607|TRF|07/10/2025 00:00:00|TRF|03/03/2026 00:00:00
|20100073|044164|TRF|07/10/2025 00:00:00|TRF|03/03/2026 00:00:00
|20100074|036118|TRF|07/10/2025 00:00:00|TRF|03/03/2026 00:00:00
|20100076|033133|TRF|07/10/2025 00:00:00|TRF|03/03/2026 00:00:00
|20100077|039608|TRF|07/10/2025 00:00:00|TRF|03/03/2026 00:00:00
|20100078|044170|TRF|07/10/2025 00:00:00|TRF|03/03/2026 00:00:00
|20100079|041826|TRF|07/10/2025 00:00:00|TRF|03/03/2026 00:00:00
|20100080|044167|TRF|07/10/2025 00:00:00|TRF|03/03/2026 00:00:00
|20100081|042341|TRF|07/10/2025 00:00:00|TRF|03/03/2026 00:00:00
|20100082|042315|TRF|07/10/2025 00:00:00|TRF|03/03/2026 00:00:00
|20100083|033187|TRF|07/10/2025 00:00:00|TRF|03/03/2026 00:00:00
|20100086|042329|TRF|07/10/2025 00:00:00|TRF|03/03/2026 00:00:00
|20100088|042335|TRF|07/10/2025 00:00:00|TRF|03/03/2026 00:00:00
|20100091|033134|TRF|07/10/2025 00:00:00|TRF|03/03/2026 00:00:00
|20100093|039587|TRF|07/10/2025 00:00:00|TRF|03/03/2026 00:00:00
|20100094|033193|TRF|07/10/2025 00:00:00|TRF|03/03/2026 00:00:00
|20100095|039594|TRF|07/10/2025 00:00:00|TRF|03/03/2026 00:00:00
|20100096|042326|TRF|07/10/2025 00:00:00|TRF|03/03/2026 00:00:00
|20100099|041906|TRF|07/10/2025 00:00:00|TRF|03/03/2026 00:00:00
|20100100|042347|TRF|07/10/2025 00:00:00|TRF|03/03/2026 00:00:00
|20100101|042332|TRF|07/10/2025 00:00:00|TRF|03/03/2026 00:00:00
|20100110|042350|TRF|07/10/2025 00:00:00|TRF|03/03/2026 00:00:00
|20100111|042305|TRF|07/10/2025 00:00:00|TRF|03/03/2026 00:00:00
|20100112|042338|TRF|07/10/2025 00:00:00|TRF|03/03/2026 00:00:00
|20100113|033200|TRF|07/10/2025 00:00:00|TRF|03/03/2026 00:00:00
|20100114|042750|TRF|07/10/2025 00:00:00|TRF|03/03/2026 00:00:00
|20100118|033206|TRF|07/10/2025 00:00:00|TRF|03/03/2026 00:00:00
|20100119|039596|TRF|07/10/2025 00:00:00|TRF|03/03/2026 00:00:00
|20100122|033263|TRF|07/10/2025 00:00:00|TRF|03/03/2026 00:00:00
|20100123|042756|TRF|07/10/2025 00:00:00|TRF|03/03/2026 00:00:00
|20100125|033137|TRF|07/10/2025 00:00:00|TRF|03/03/2026 00:00:00
|20100126|044173|TRF|07/10/2025 00:00:00|TRF|03/03/2026 00:00:00
|20100127|042311|TRF|07/10/2025 00:00:00|TRF|03/03/2026 00:00:00
|20100128|033216|TRF|07/10/2025 00:00:00|TRF|03/03/2026 00:00:00
|20100129|035986|TRF|07/10/2025 00:00:00|TRF|03/03/2026 00:00:00
|20100130|036110|TRF|07/10/2025 00:00:00|TRF|03/03/2026 00:00:00
|20100131|033219|TRF|07/10/2025 00:00:00|TRF|03/03/2026 00:00:00
|20100132|036115|TRF|07/10/2025 00:00:00|TRF|03/03/2026 00:00:00
|20100133|042308|TRF|07/10/2025 00:00:00|TRF|03/03/2026 00:00:00
|20100134|041986|TRF|07/10/2025 00:00:00|TRF|03/03/2026 00:00:00
|20100135|039597|TRF|07/10/2025 00:00:00|TRF|03/03/2026 00:00:00
|20100140|8997021871516|TRF|26/11/2019 00:00:00|TRF|03/03/2026 00:00:00
|20100142|8998009040290|TRF|12/11/2019 00:00:00|TRF|03/03/2026 00:00:00
|20100143|8998009040306|TRF|12/11/2019 00:00:00|TRF|03/03/2026 00:00:00
|20100248|8999908766601|TRF|26/11/2019 00:00:00|TRF|03/03/2026 00:00:00
|20100263|8990114000190|TRF|10/12/2025 00:00:00|TRF|03/03/2026 00:00:00
|20100263|8998009972379|TRF|13/11/2019 00:00:00|TRF|03/03/2026 00:00:00
|20100329|033154|TRF|07/10/2025 00:00:00|TRF|03/03/2026 00:00:00
|20100330|036119|TRF|07/10/2025 00:00:00|TRF|03/03/2026 00:00:00
|20100331|042759|TRF|07/10/2025 00:00:00|TRF|03/03/2026 00:00:00
|20100332|036113|TRF|07/10/2025 00:00:00|TRF|03/03/2026 00:00:00
|20100334|042050|TRF|07/10/2025 00:00:00|TRF|03/03/2026 00:00:00
|20100335|046920|TRF|07/10/2025 00:00:00|TRF|03/03/2026 00:00:00
|20100337|039573|TRF|07/10/2025 00:00:00|TRF|03/03/2026 00:00:00
|20100339|039561|TRF|07/10/2025 00:00:00|TRF|03/03/2026 00:00:00
|20100340|042375|TRF|07/10/2025 00:00:00|TRF|03/03/2026 00:00:00
|20100342|039584|TRF|07/10/2025 00:00:00|TRF|03/03/2026 00:00:00
|20100343|042803|TRF|07/10/2025 00:00:00|TRF|03/03/2026 00:00:00
|20100344|039563|TRF|07/10/2025 00:00:00|TRF|03/03/2026 00:00:00
|20100345|042753|TRF|07/10/2025 00:00:00|TRF|03/03/2026 00:00:00
|20100346|042320|TRF|07/10/2025 00:00:00|TRF|03/03/2026 00:00:00
|20100347|039591|TRF|07/10/2025 00:00:00|TRF|03/03/2026 00:00:00
|20100348|039593|TRF|07/10/2025 00:00:00|TRF|03/03/2026 00:00:00
|20100350|039599|TRF|07/10/2025 00:00:00|TRF|03/03/2026 00:00:00
|20100351|039579|TRF|07/10/2025 00:00:00|TRF|03/03/2026 00:00:00
|20100353|042729|TRF|07/10/2025 00:00:00|TRF|03/03/2026 00:00:00
|20100357|033257|TRF|07/10/2025 00:00:00|TRF|03/03/2026 00:00:00
|20100358|039560|TRF|07/10/2025 00:00:00|TRF|03/03/2026 00:00:00
|20100359|039590|TRF|07/10/2025 00:00:00|TRF|03/03/2026 00:00:00
|20100360|039581|TRF|07/10/2025 00:00:00|TRF|03/03/2026 00:00:00
|20100362|039566|TRF|07/10/2025 00:00:00|TRF|03/03/2026 00:00:00
|20100363|043366|TRF|07/10/2025 00:00:00|TRF|03/03/2026 00:00:00
|20100364|039567|TRF|07/10/2025 00:00:00|TRF|03/03/2026 00:00:00
|20100365|042314|TRF|07/10/2025 00:00:00|TRF|03/03/2026 00:00:00
|20100366|042290|TRF|07/10/2025 00:00:00|TRF|03/03/2026 00:00:00
|20100367|039570|TRF|07/10/2025 00:00:00|TRF|03/03/2026 00:00:00
|20100368|042302|TRF|07/10/2025 00:00:00|TRF|03/03/2026 00:00:00
|20100369|039564|TRF|07/10/2025 00:00:00|TRF|03/03/2026 00:00:00
|20100370|042299|TRF|07/10/2025 00:00:00|TRF|03/03/2026 00:00:00
|20100371|042293|TRF|07/10/2025 00:00:00|TRF|03/03/2026 00:00:00
|20100372|042296|TRF|07/10/2025 00:00:00|TRF|03/03/2026 00:00:00
|20100373|039588|TRF|07/10/2025 00:00:00|TRF|03/03/2026 00:00:00
|20100374|039602|TRF|07/10/2025 00:00:00|TRF|03/03/2026 00:00:00
|20100376|039600|TRF|07/10/2025 00:00:00|TRF|03/03/2026 00:00:00
|20100377|039609|TRF|07/10/2025 00:00:00|TRF|03/03/2026 00:00:00
|20100380|039605|TRF|07/10/2025 00:00:00|TRF|03/03/2026 00:00:00
|20100381|039603|TRF|07/10/2025 00:00:00|TRF|03/03/2026 00:00:00
|20100554|5100510073527|TRF|06/03/2020 00:00:00|TRF|03/03/2026 00:00:00
|20100662|8998866108119|TRF|25/07/2022 00:00:00|TRF|03/03/2026 00:00:00
|20100695|047399|TRF|07/10/2025 00:00:00|TRF|03/03/2026 00:00:00
|20100699|049221|TRF|07/10/2025 00:00:00|TRF|03/03/2026 00:00:00
|20100700|043351|TRF|07/10/2025 00:00:00|TRF|03/03/2026 00:00:00
|20100701|035890|TRF|07/10/2025 00:00:00|TRF|03/03/2026 00:00:00
|20100702|042344|TRF|07/10/2025 00:00:00|TRF|03/03/2026 00:00:00
|20100788|8999999552466|TRF|12/12/2019 00:00:00|TRF|03/03/2026 00:00:00
|20100794|8997017641802|TRF|10/12/2019 00:00:00|TRF|03/03/2026 00:00:00
|20100795|8999168211248|TRF|18/05/2020 00:00:00|TRF|03/03/2026 00:00:00
|20100796|8998666001375|TRF|12/12/2019 00:00:00|TRF|03/03/2026 00:00:00
|20100805|0089686621013|TRF|15/03/2022 00:00:00|TRF|03/03/2026 00:00:00
|20100889|8998127921754|TRF|05/02/2020 00:00:00|TRF|03/03/2026 00:00:00
|20100915|8992222055987|TRF|27/07/2021 00:00:00|TRF|03/03/2026 00:00:00
|20101038|8992779402203|TRF|11/02/2020 00:00:00|TRF|03/03/2026 00:00:00
|20101056|10004154|TRF|07/01/2026 00:00:00|TRF|03/03/2026 00:00:00
|20101056|8994463670004|TRF|28/02/2025 00:00:00|TRF|03/03/2026 00:00:00
|20101056|8999758456608|TRF|28/02/2025 00:00:00|TRF|03/03/2026 00:00:00
|20101056|8999785456435|TRF|28/02/2025 00:00:00|TRF|03/03/2026 00:00:00
|20101062|8992802063302|TRF|28/12/2019 00:00:00|TRF|03/03/2026 00:00:00
|20101063|8996001321188|TRF|10/12/2019 00:00:00|TRF|03/03/2026 00:00:00
|20101064|0089686590043|TRF|09/12/2019 00:00:00|TRF|03/03/2026 00:00:00
|20101065|0089686590005|TRF|09/12/2019 00:00:00|TRF|03/03/2026 00:00:00
|20101065|089686590005|TRF|23/02/2024 00:00:00|TRF|03/03/2026 00:00:00
|20101095|8998866809870|TRF|16/03/2024 00:00:00|TRF|03/03/2026 00:00:00
|20101102|8997218380135|TRF|13/12/2019 00:00:00|TRF|03/03/2026 00:00:00
|20101141|8991916101054|TRF|07/04/2021 00:00:00|TRF|03/03/2026 00:00:00
|20101243|8995102704210|TRF|23/02/2025 00:00:00|TRF|03/03/2026 00:00:00
|20101246|8999818914918|TRF|25/12/2019 00:00:00|TRF|03/03/2026 00:00:00
|20101246|8999818917759|TRF|09/02/2024 00:00:00|TRF|03/03/2026 00:00:00
|20101309|034796|TRF|10/07/2020 00:00:00|TRF|03/03/2026 00:00:00
|20101309|036681|TRF|06/03/2020 00:00:00|TRF|03/03/2026 00:00:00
|20101378|8998866107112|TRF|20/08/2021 00:00:00|TRF|03/03/2026 00:00:00
|20101391|8997206772065|TRF|25/02/2025 00:00:00|TRF|03/03/2026 00:00:00
|20101460|6914253436667|TRF|16/01/2020 00:00:00|TRF|03/03/2026 00:00:00
|20101461|8994907001272|TRF|23/02/2025 00:00:00|TRF|03/03/2026 00:00:00
|20101463|6945082409119|TRF|28/10/2022 00:00:00|TRF|03/03/2026 00:00:00
|20101464|6945082409140|TRF|28/10/2022 00:00:00|TRF|03/03/2026 00:00:00
|20101747|0089686043495|TRF|06/02/2020 00:00:00|TRF|03/03/2026 00:00:00
|20101773|040130|TRF|28/02/2025 00:00:00|TRF|03/03/2026 00:00:00
|20101799|040250|TRF|28/02/2025 00:00:00|TRF|03/03/2026 00:00:00
|20101825|8999908739902|TRF|03/02/2020 00:00:00|TRF|03/03/2026 00:00:00
|20101859|9556040071162|TRF|25/08/2022 00:00:00|TRF|03/03/2026 00:00:00
|20101897|8994985000358|TRF|24/01/2020 00:00:00|TRF|03/03/2026 00:00:00
|20101907|6914253450083|TRF|04/02/2020 00:00:00|TRF|03/03/2026 00:00:00
|20101926|6902395762423|TRF|30/01/2020 00:00:00|TRF|03/03/2026 00:00:00
|20101933|0089686591002|TRF|11/12/2023 00:00:00|TRF|03/03/2026 00:00:00
|20102037|8995102800738|TRF|04/05/2021 00:00:00|TRF|03/03/2026 00:00:00
|20102071|8997026540127|TRF|05/01/2022 00:00:00|TRF|03/03/2026 00:00:00
|20102392|8999999556327|TRF|26/02/2020 00:00:00|TRF|03/03/2026 00:00:00
|20102393|8850477003439|TRF|25/02/2020 00:00:00|TRF|03/03/2026 00:00:00
|20102393|8994125000613|TRF|04/11/2021 00:00:00|TRF|03/03/2026 00:00:00
|20102468|8998181941286|TRF|20/02/2020 00:00:00|TRF|03/03/2026 00:00:00
|20102471|8994591006812|TRF|25/02/2020 00:00:00|TRF|03/03/2026 00:00:00
|20102474|0887961783551|TRF|09/07/2020 00:00:00|TRF|03/03/2026 00:00:00
|20102567|8993200666942|TRF|24/02/2020 00:00:00|TRF|03/03/2026 00:00:00
|20102569|8993200666959|TRF|24/02/2020 00:00:00|TRF|03/03/2026 00:00:00
|20102570|8993200666935|TRF|24/02/2020 00:00:00|TRF|03/03/2026 00:00:00
|20102638|8995077605628|TRF|15/08/2021 00:00:00|TRF|03/03/2026 00:00:00
|20102648|8886457600701|TRF|25/03/2021 00:00:00|TRF|03/03/2026 00:00:00
|20102722|8993560027100|TRF|11/03/2020 00:00:00|TRF|03/03/2026 00:00:00
|20102763|8993137695244|TRF|08/09/2025 00:00:00|TRF|03/03/2026 00:00:00
|20102789|8991002122000|TRF|27/04/2020 00:00:00|TRF|03/03/2026 00:00:00
|20102790|8991002122017|TRF|20/08/2021 00:00:00|TRF|03/03/2026 00:00:00
|20102837|8994993010004|TRF|10/03/2020 00:00:00|TRF|03/03/2026 00:00:00
|20102838|8888166989740|TRF|17/11/2025 00:00:00|TRF|03/03/2026 00:00:00
|20102840|8854729500028|TRF|25/07/2025 00:00:00|TRF|03/03/2026 00:00:00
|20102840|8990041000171|TRF|25/07/2025 00:00:00|TRF|03/03/2026 00:00:00
|20102840|8994763101093|TRF|25/07/2025 00:00:00|TRF|03/03/2026 00:00:00
|20102840|8997004700291|TRF|25/07/2025 00:00:00|TRF|03/03/2026 00:00:00
|20102840|8997214270485|TRF|25/07/2025 00:00:00|TRF|03/03/2026 00:00:00
|20102840|8997220508039|TRF|12/12/2025 00:00:00|TRF|03/03/2026 00:00:00
|20103061|8992802105026|TRF|27/10/2020 00:00:00|TRF|03/03/2026 00:00:00
|20103062|8992802105033|TRF|27/10/2020 00:00:00|TRF|03/03/2026 00:00:00
|20103165|8992727006484|TRF|25/05/2023 00:00:00|TRF|03/03/2026 00:00:00
|20103166|8994023000333|TRF|28/10/2022 00:00:00|TRF|03/03/2026 00:00:00
|20103167|8999908526403|TRF|28/10/2022 00:00:00|TRF|03/03/2026 00:00:00
|20103168|8999908734808|TRF|23/03/2020 00:00:00|TRF|03/03/2026 00:00:00
|20103170|8999999559588|TRF|23/03/2020 00:00:00|TRF|03/03/2026 00:00:00
|20103176|8999777015893|TRF|17/03/2020 00:00:00|TRF|03/03/2026 00:00:00
|20103178|8999908808905|TRF|20/08/2021 00:00:00|TRF|03/03/2026 00:00:00
|20103266|8999908763808|TRF|23/02/2025 00:00:00|TRF|03/03/2026 00:00:00
|20103269|8993200665006|TRF|18/03/2020 00:00:00|TRF|03/03/2026 00:00:00
|20103271|8998866202657|TRF|28/07/2020 00:00:00|TRF|03/03/2026 00:00:00
|20103297|8994096224193|TRF|18/03/2020 00:00:00|TRF|03/03/2026 00:00:00
|20103298|037219|TRF|26/01/2025 00:00:00|TRF|03/03/2026 00:00:00
|20103299|037207|TRF|26/01/2025 00:00:00|TRF|03/03/2026 00:00:00
|20103341|8996001301579|TRF|31/03/2020 00:00:00|TRF|03/03/2026 00:00:00
|20103368|8999908426505|TRF|20/08/2021 00:00:00|TRF|03/03/2026 00:00:00
|20103371|8994834006135|TRF|31/03/2020 00:00:00|TRF|03/03/2026 00:00:00
|20103442|8992388132324|TRF|03/03/2026 00:00:00||
|20103449|8992770054067|TRF|11/10/2021 00:00:00|TRF|03/03/2026 00:00:00
|20103453|8992770096524|TRF|01/07/2020 00:00:00|TRF|03/03/2026 00:00:00
|20103575|8992726398825|TRF|02/04/2020 00:00:00|TRF|03/03/2026 00:00:00
|20103576|8992726398818|TRF|02/04/2020 00:00:00|TRF|03/03/2026 00:00:00
|20103617|8999999539368|TRF|11/04/2020 00:00:00|TRF|03/03/2026 00:00:00
|20103647|8901526539567|TRF|08/04/2020 00:00:00|TRF|03/03/2026 00:00:00
|20103665|8992942120965|TRF|17/11/2025 00:00:00|TRF|03/03/2026 00:00:00
|20103665|8992942780965|TRF|17/11/2025 00:00:00|TRF|03/03/2026 00:00:00
|20103680|8992222055963|TRF|15/04/2020 00:00:00|TRF|03/03/2026 00:00:00
|20103709|8992959508916|TRF|07/05/2025 00:00:00|TRF|03/03/2026 00:00:00
|20103718|8996001600696|TRF|15/04/2020 00:00:00|TRF|03/03/2026 00:00:00
|20103738|8991002109407|TRF|11/05/2022 00:00:00|TRF|03/03/2026 00:00:00
|20103752|8885013131161|TRF|18/04/2020 00:00:00|TRF|03/03/2026 00:00:00
|20103818|4902430110648|TRF|08/09/2025 00:00:00|TRF|03/03/2026 00:00:00
|20103852|0089686605006|TRF|11/05/2020 00:00:00|TRF|03/03/2026 00:00:00
|20104000|8994096223905|TRF|11/05/2020 00:00:00|TRF|03/03/2026 00:00:00
|20104030|8998866613750|TRF|11/05/2020 00:00:00|TRF|03/03/2026 00:00:00
|20104076|8993137703246|TRF|04/05/2020 00:00:00|TRF|03/03/2026 00:00:00
|20104077|8998866202268|TRF|15/06/2020 00:00:00|TRF|03/03/2026 00:00:00
|20104117|034856|TRF|10/07/2023 00:00:00|TRF|03/03/2026 00:00:00
|20104149|8993335528474|TRF|12/12/2023 00:00:00|TRF|03/03/2026 00:00:00
|20104152|8998888710598|TRF|23/02/2025 00:00:00|TRF|03/03/2026 00:00:00
|20104155|8992718853875|TRF|12/05/2020 00:00:00|TRF|03/03/2026 00:00:00
|20104296|8997207420415|TRF|01/09/2025 00:00:00|TRF|03/03/2026 00:00:00
|20104405|8993189380082|TRF|25/05/2023 00:00:00|TRF|03/03/2026 00:00:00
|20104406|8993189380099|TRF|25/05/2023 00:00:00|TRF|03/03/2026 00:00:00
|20104407|8993189380105|TRF|29/05/2023 00:00:00|TRF|03/03/2026 00:00:00
|20104545|035073|TRF|29/07/2021 00:00:00|TRF|03/03/2026 00:00:00
|20104595|8850477013681|TRF|24/11/2025 00:00:00|TRF|03/03/2026 00:00:00
|20104599|8850477013698|TRF|24/11/2025 00:00:00|TRF|03/03/2026 00:00:00
|20104636|8993200666898|TRF|20/08/2021 00:00:00|TRF|03/03/2026 00:00:00
|20104637|8993200666867|TRF|14/06/2020 00:00:00|TRF|03/03/2026 00:00:00
|20104719|6922130105100|TRF|23/02/2025 00:00:00|TRF|03/03/2026 00:00:00
|20104728|8997014021850|TRF|05/03/2022 00:00:00|TRF|03/03/2026 00:00:00
|20104729|8997014021867|TRF|05/03/2022 00:00:00|TRF|03/03/2026 00:00:00
|20104886|8995757037978|TRF|01/08/2025 00:00:00|TRF|03/03/2026 00:00:00
|20104942|0089686591019|TRF|29/06/2020 00:00:00|TRF|03/03/2026 00:00:00
|20104950|8999999578763|TRF|12/06/2023 00:00:00|TRF|03/03/2026 00:00:00
|20104951|8998866614122|TRF|16/03/2024 00:00:00|TRF|03/03/2026 00:00:00
|20105059|8992821103195|TRF|20/01/2024 00:00:00|TRF|03/03/2026 00:00:00
|20105102|8996001305249|TRF|29/06/2020 00:00:00|TRF|03/03/2026 00:00:00
|20105103|8992696522732|TRF|28/07/2020 00:00:00|TRF|03/03/2026 00:00:00
|20105340|8999999559526|TRF|30/06/2020 00:00:00|TRF|03/03/2026 00:00:00
|20105341|8999999572730|TRF|23/09/2021 00:00:00|TRF|03/03/2026 00:00:00
|20105341|9300830049073|TRF|30/06/2020 00:00:00|TRF|03/03/2026 00:00:00
|20105344|8999909002821|TRF|01/07/2020 00:00:00|TRF|03/03/2026 00:00:00
|20105569|8886457666080|TRF|07/12/2021 00:00:00|TRF|03/03/2026 00:00:00
|20105573|8992745610533|TRF|16/03/2024 00:00:00|TRF|03/03/2026 00:00:00
|20105576|8992745610526|TRF|16/03/2024 00:00:00|TRF|03/03/2026 00:00:00
|20105619|046136|TRF|20/02/2025 00:00:00|TRF|03/03/2026 00:00:00
|20105619|8997209230173|TRF|20/02/2025 00:00:00|TRF|03/03/2026 00:00:00
|20105631|8992696521322|TRF|14/10/2025 00:00:00|TRF|03/03/2026 00:00:00
|20105673|8993053641103|TRF|06/07/2020 00:00:00|TRF|03/03/2026 00:00:00
|20105698|8999999552527|TRF|12/12/2023 00:00:00|TRF|03/03/2026 00:00:00
|20105929|033525|TRF|23/02/2025 00:00:00|TRF|03/03/2026 00:00:00
|20105968|8999999560652|TRF|09/02/2026 00:00:00|TRF|03/03/2026 00:00:00
|20106045|8994125000095|TRF|24/02/2021 00:00:00|TRF|03/03/2026 00:00:00
|20106050|8993189379970|TRF|15/07/2020 00:00:00|TRF|03/03/2026 00:00:00
|20106051|8992959974124|TRF|15/07/2020 00:00:00|TRF|03/03/2026 00:00:00
|20106053|8992959974322|TRF|15/07/2020 00:00:00|TRF|03/03/2026 00:00:00
|20106134|8993137707510|TRF|28/07/2020 00:00:00|TRF|03/03/2026 00:00:00
|20106135|8993137708289|TRF|28/07/2020 00:00:00|TRF|03/03/2026 00:00:00
|20106150|8993189272677|TRF|25/03/2021 00:00:00|TRF|03/03/2026 00:00:00
|20106190|8997217370311|TRF|16/09/2020 00:00:00|TRF|03/03/2026 00:00:00
|20106234|035362|TRF|14/11/2023 00:00:00|TRF|03/03/2026 00:00:00
|20106235|035363|TRF|14/11/2023 00:00:00|TRF|03/03/2026 00:00:00
|20106236|035364|TRF|28/02/2025 00:00:00|TRF|03/03/2026 00:00:00
|20106305|7622210551733|TRF|27/07/2020 00:00:00|TRF|03/03/2026 00:00:00
|20106307|9557062321662|TRF|29/07/2020 00:00:00|TRF|03/03/2026 00:00:00
|20106308|8993200345717|TRF|27/07/2020 00:00:00|TRF|03/03/2026 00:00:00
|20106309|8998288245416|TRF|27/07/2020 00:00:00|TRF|03/03/2026 00:00:00
|20106381|8999908740106|TRF|10/08/2020 00:00:00|TRF|03/03/2026 00:00:00
|20106544|8997206771044|TRF|23/02/2025 00:00:00|TRF|03/03/2026 00:00:00
|20106631|8997272970181|TRF|03/08/2020 00:00:00|TRF|03/03/2026 00:00:00
|20106658|8885013131475|TRF|03/08/2020 00:00:00|TRF|03/03/2026 00:00:00
|20106672|8993137707749|TRF|04/08/2020 00:00:00|TRF|03/03/2026 00:00:00
|20106821|8999999561123|TRF|16/03/2024 00:00:00|TRF|03/03/2026 00:00:00
|20106821|8999999571610|TRF|16/03/2024 00:00:00|TRF|03/03/2026 00:00:00
|20106824|0681147036512|TRF|05/06/2025 00:00:00|TRF|03/03/2026 00:00:00
|20106824|0778988562888|TRF|10/08/2020 00:00:00|TRF|03/03/2026 00:00:00
|20106953|4902430110778|TRF|13/08/2020 00:00:00|TRF|03/03/2026 00:00:00
|20106967|8994096224339|TRF|18/08/2020 00:00:00|TRF|03/03/2026 00:00:00
|20106981|18667011790923|TRF|22/09/2020 00:00:00|TRF|03/03/2026 00:00:00
|20106981|18997011790923|TRF|06/10/2020 00:00:00|TRF|03/03/2026 00:00:00
|20106983|8998899995953|TRF|27/08/2020 00:00:00|TRF|03/03/2026 00:00:00
|20107005|8992741906241|TRF|02/02/2021 00:00:00|TRF|03/03/2026 00:00:00
|20107008|8996001312605|TRF|15/08/2021 00:00:00|TRF|03/03/2026 00:00:00
|20107145|8995228500338|TRF|20/01/2024 00:00:00|TRF|03/03/2026 00:00:00
|20107146|0887961931341|TRF|24/08/2020 00:00:00|TRF|03/03/2026 00:00:00
|20107180|8997018460341|TRF|19/08/2020 00:00:00|TRF|03/03/2026 00:00:00
|20107181|8997018460280|TRF|05/08/2025 00:00:00|TRF|03/03/2026 00:00:00
|20107184|8997018460310|TRF|05/08/2025 00:00:00|TRF|03/03/2026 00:00:00
|20107240|8998866615310|TRF|29/09/2020 00:00:00|TRF|03/03/2026 00:00:00
|20107245|8999999560898|TRF|02/09/2020 00:00:00|TRF|03/03/2026 00:00:00
|20107561|035577|TRF|26/01/2025 00:00:00|TRF|03/03/2026 00:00:00
|20107657|036177|TRF|28/02/2025 00:00:00|TRF|03/03/2026 00:00:00
|20107729|8998866202633|TRF|09/09/2020 00:00:00|TRF|03/03/2026 00:00:00
|20107742|0899409622988|TRF|01/01/2025 00:00:00|TRF|03/03/2026 00:00:00
|20107742|8994096224964|TRF|07/09/2020 00:00:00|TRF|03/03/2026 00:00:00
|20107742|8994096224971|TRF|19/09/2020 00:00:00|TRF|03/03/2026 00:00:00
|20107742|8994096224988|TRF|01/01/2025 00:00:00|TRF|03/03/2026 00:00:00
|20107742|8994096226401|TRF|25/05/2022 00:00:00|TRF|03/03/2026 00:00:00
|20107742|899409622988|TRF|25/09/2020 00:00:00|TRF|03/03/2026 00:00:00
|20107748|8998866202725|TRF|07/09/2020 00:00:00|TRF|03/03/2026 00:00:00
|20107749|8998866202732|TRF|07/09/2020 00:00:00|TRF|03/03/2026 00:00:00
|20107792|8993347024742|TRF|02/03/2025 00:00:00|TRF|03/03/2026 00:00:00
|20107794|8999909000629|TRF|25/09/2020 00:00:00|TRF|03/03/2026 00:00:00
|20107796|8999909000988|TRF|25/09/2020 00:00:00|TRF|03/03/2026 00:00:00
|20107988|8992745475118|TRF|29/09/2020 00:00:00|TRF|03/03/2026 00:00:00
|20108264|8992907953270|TRF|21/09/2020 00:00:00|TRF|03/03/2026 00:00:00
|20108266|8997221551232|TRF|28/02/2025 00:00:00|TRF|03/03/2026 00:00:00
|20108294|8992856899025|TRF|05/10/2020 00:00:00|TRF|03/03/2026 00:00:00
|20108296|8992856901841|TRF|02/10/2020 00:00:00|TRF|03/03/2026 00:00:00
|20108418|8998866613651|TRF|16/03/2024 00:00:00|TRF|03/03/2026 00:00:00
|20108465|4891338040747|TRF|29/09/2020 00:00:00|TRF|03/03/2026 00:00:00
|20108518|039582|TRF|07/10/2025 00:00:00|TRF|03/03/2026 00:00:00
|20108553|036112|TRF|07/10/2025 00:00:00|TRF|03/03/2026 00:00:00
|20108708|8999999564421|TRF|14/10/2020 00:00:00|TRF|03/03/2026 00:00:00
|20108797|8997017791262|TRF|21/10/2020 00:00:00|TRF|03/03/2026 00:00:00
|20108817|8888166607392|TRF|28/10/2022 00:00:00|TRF|03/03/2026 00:00:00
|20108875|8993189322822|TRF|11/07/2022 00:00:00|TRF|03/03/2026 00:00:00
|20108877|8993189322846|TRF|25/02/2025 00:00:00|TRF|03/03/2026 00:00:00
|20108881|0089686960273|TRF|11/07/2022 00:00:00|TRF|03/03/2026 00:00:00
|20108983|8851028001812|TRF|23/02/2025 00:00:00|TRF|03/03/2026 00:00:00
|20108987|8851028002192|TRF|12/03/2021 00:00:00|TRF|03/03/2026 00:00:00
|20109015|8998866202022|TRF|28/10/2022 00:00:00|TRF|03/03/2026 00:00:00
|20109047|8992907996178|TRF|15/10/2020 00:00:00|TRF|03/03/2026 00:00:00
|20109048|8998685011010|TRF|15/08/2021 00:00:00|TRF|03/03/2026 00:00:00
|20109050|8992786400292|TRF|23/02/2025 00:00:00|TRF|03/03/2026 00:00:00
|20109069|8886020219033|TRF|03/08/2023 00:00:00|TRF|03/03/2026 00:00:00
|20109115|8992802105019|TRF|26/09/2023 00:00:00|TRF|03/03/2026 00:00:00
|20109265|8998866108812|TRF|27/10/2020 00:00:00|TRF|03/03/2026 00:00:00
|20109350|8998777144527|TRF|16/03/2021 00:00:00|TRF|03/03/2026 00:00:00
|20109430|6914253436568|TRF|18/11/2020 00:00:00|TRF|03/03/2026 00:00:00
|20109454|8998866614115|TRF|16/03/2024 00:00:00|TRF|03/03/2026 00:00:00
|20109499|8994096225046|TRF|04/11/2020 00:00:00|TRF|03/03/2026 00:00:00
|20109612|6921211116639|TRF|13/01/2021 00:00:00|TRF|03/03/2026 00:00:00
|20109613|8992745610311|TRF|28/11/2023 00:00:00|TRF|03/03/2026 00:00:00
|20109616|8992745610885|TRF|23/02/2025 00:00:00|TRF|03/03/2026 00:00:00
|20109707|8992779374500|TRF|23/02/2025 00:00:00|TRF|03/03/2026 00:00:00
|20109716|8997034000071|TRF|28/11/2022 00:00:00|TRF|03/03/2026 00:00:00
|20109719|0074299057854|TRF|23/02/2025 00:00:00|TRF|03/03/2026 00:00:00
|20109904|8996001305331|TRF|12/08/2021 00:00:00|TRF|03/03/2026 00:00:00
|20109917|8996001358399|TRF|28/11/2020 00:00:00|TRF|03/03/2026 00:00:00
|20109968|036121|TRF|07/10/2025 00:00:00|TRF|03/03/2026 00:00:00
|20109969|8996001600597|TRF|10/11/2020 00:00:00|TRF|03/03/2026 00:00:00
|20109971|036124|TRF|07/10/2025 00:00:00|TRF|03/03/2026 00:00:00
|20109980|7612100807095|TRF|19/09/2023 00:00:00|TRF|03/03/2026 00:00:00
|20110001|8993137708319|TRF|17/11/2020 00:00:00|TRF|03/03/2026 00:00:00
|20110065|4984824089198|TRF|28/08/2023 00:00:00|TRF|03/03/2026 00:00:00
|20110114|8999999553685|TRF|17/11/2020 00:00:00|TRF|03/03/2026 00:00:00
|20110117|8999999566654|TRF|17/11/2020 00:00:00|TRF|03/03/2026 00:00:00
|20110249|7622210557858|TRF|11/10/2021 00:00:00|TRF|03/03/2026 00:00:00
|20110265|8996001330470|TRF|16/03/2024 00:00:00|TRF|03/03/2026 00:00:00
|20110377|041446|TRF|05/06/2023 00:00:00|TRF|03/03/2026 00:00:00
|20110454|036281|TRF|26/01/2025 00:00:00|TRF|03/03/2026 00:00:00
|20110458|036330|TRF|21/12/2020 00:00:00|TRF|03/03/2026 00:00:00
|20110634|8992775002919|TRF|02/02/2021 00:00:00|TRF|03/03/2026 00:00:00
|20110812|8999999569327|TRF|26/10/2021 00:00:00|TRF|03/03/2026 00:00:00
|20110812|8999999597474|TRF|07/12/2023 00:00:00|TRF|03/03/2026 00:00:00
|20110854|8994280110479|TRF|21/12/2020 00:00:00|TRF|03/03/2026 00:00:00
|20110967|8992982700028|TRF|10/09/2021 00:00:00|TRF|03/03/2026 00:00:00
|20110968|8992982700011|TRF|10/09/2021 00:00:00|TRF|03/03/2026 00:00:00
|20111008|8994096225442|TRF|14/12/2020 00:00:00|TRF|03/03/2026 00:00:00
|20111009|8886467105760|TRF|29/12/2020 00:00:00|TRF|03/03/2026 00:00:00
|20111069|8997016221555|TRF|12/01/2021 00:00:00|TRF|03/03/2026 00:00:00
|20111156|8410031971583|TRF|08/06/2021 00:00:00|TRF|03/03/2026 00:00:00
|20111362|8999999563400|TRF|12/01/2021 00:00:00|TRF|03/03/2026 00:00:00
|20111362|8999999580810|TRF|18/01/2022 00:00:00|TRF|03/03/2026 00:00:00
|20111422|8997878700120|TRF|15/08/2021 00:00:00|TRF|03/03/2026 00:00:00
|20111423|8997878700472|TRF|17/09/2024 00:00:00|TRF|03/03/2026 00:00:00
|20111543|6947912552149|TRF|30/12/2020 00:00:00|TRF|03/03/2026 00:00:00
|20111544|6947912552156|TRF|30/12/2020 00:00:00|TRF|03/03/2026 00:00:00
|20111564|0887961672039|TRF|06/03/2024 00:00:00|TRF|03/03/2026 00:00:00
|20111567|8993021138499|TRF|23/02/2025 00:00:00|TRF|03/03/2026 00:00:00
|20111568|8993021020718|TRF|23/02/2025 00:00:00|TRF|03/03/2026 00:00:00
|20111591|8997204670332|TRF|14/01/2021 00:00:00|TRF|03/03/2026 00:00:00
|20111592|8997204670349|TRF|14/01/2021 00:00:00|TRF|03/03/2026 00:00:00
|20111611|8901526540112|TRF|11/01/2021 00:00:00|TRF|03/03/2026 00:00:00
|20111612|8901526578504|TRF|11/01/2021 00:00:00|TRF|03/03/2026 00:00:00
|20111641|8996001318980|TRF|21/01/2021 00:00:00|TRF|03/03/2026 00:00:00
|20111658|043970|TRF|28/02/2025 00:00:00|TRF|03/03/2026 00:00:00
|20111659|043971|TRF|28/02/2025 00:00:00|TRF|03/03/2026 00:00:00
|20111660|043973|TRF|28/02/2025 00:00:00|TRF|03/03/2026 00:00:00
|20111662|043974|TRF|28/02/2025 00:00:00|TRF|03/03/2026 00:00:00
|20111663|044015|TRF|28/02/2025 00:00:00|TRF|03/03/2026 00:00:00
|20111664|043976|TRF|28/02/2025 00:00:00|TRF|03/03/2026 00:00:00
|20111666|043979|TRF|28/02/2025 00:00:00|TRF|03/03/2026 00:00:00
|20111669|043980|TRF|28/02/2025 00:00:00|TRF|03/03/2026 00:00:00
|20111670|044019|TRF|28/02/2025 00:00:00|TRF|03/03/2026 00:00:00
|20111672|044022|TRF|28/02/2025 00:00:00|TRF|03/03/2026 00:00:00
|20111674|044025|TRF|28/02/2025 00:00:00|TRF|03/03/2026 00:00:00
|20111675|044027|TRF|28/02/2025 00:00:00|TRF|03/03/2026 00:00:00
|20111676|044028|TRF|28/02/2025 00:00:00|TRF|03/03/2026 00:00:00
|20111680|044033|TRF|28/02/2025 00:00:00|TRF|03/03/2026 00:00:00
|20111681|044034|TRF|28/02/2025 00:00:00|TRF|03/03/2026 00:00:00
|20111683|044037|TRF|28/02/2025 00:00:00|TRF|03/03/2026 00:00:00
|20111689|044047|TRF|28/02/2025 00:00:00|TRF|03/03/2026 00:00:00
|20111690|044048|TRF|28/02/2025 00:00:00|TRF|03/03/2026 00:00:00
|20111691|044049|TRF|28/02/2025 00:00:00|TRF|03/03/2026 00:00:00
|20111696|044058|TRF|23/01/2026 00:00:00|TRF|03/03/2026 00:00:00
|20111698|044070|TRF|28/02/2025 00:00:00|TRF|03/03/2026 00:00:00
|20111707|8994096225633|TRF|28/06/2021 00:00:00|TRF|03/03/2026 00:00:00
|20111707|9383897108044|TRF|11/01/2021 00:00:00|TRF|03/03/2026 00:00:00
|20111707|9383897109041|TRF|20/02/2021 00:00:00|TRF|03/03/2026 00:00:00
|20111713|044009|TRF|28/02/2025 00:00:00|TRF|03/03/2026 00:00:00
|20111900|8998777144800|TRF|28/04/2021 00:00:00|TRF|03/03/2026 00:00:00
|20111959|8992696523302|TRF|12/04/2022 00:00:00|TRF|03/03/2026 00:00:00
|20112337|8994993011476|TRF|28/01/2021 00:00:00|TRF|03/03/2026 00:00:00
|20112348|8994096111462|TRF|08/10/2024 00:00:00|TRF|03/03/2026 00:00:00
|20112348|8997017380367|TRF|25/01/2021 00:00:00|TRF|03/03/2026 00:00:00
|20112370|8995899213247|TRF|13/09/2021 00:00:00|TRF|03/03/2026 00:00:00
|20112372|8991998111422|TRF|25/02/2021 00:00:00|TRF|03/03/2026 00:00:00
|20112444|8995899214244|TRF|19/05/2021 00:00:00|TRF|03/03/2026 00:00:00
|20112450|8994096111363|TRF|29/08/2024 00:00:00|TRF|03/03/2026 00:00:00
|20112450|8994096225039|TRF|11/02/2021 00:00:00|TRF|03/03/2026 00:00:00
|20112491|8999999573126|TRF|08/02/2021 00:00:00|TRF|03/03/2026 00:00:00
|20112492|8999999572303|TRF|08/02/2021 00:00:00|TRF|03/03/2026 00:00:00
|20112586|8992959508978|TRF|07/05/2025 00:00:00|TRF|03/03/2026 00:00:00
|20112622|8998866615082|TRF|15/02/2021 00:00:00|TRF|03/03/2026 00:00:00
|20112661|8999168211330|TRF|30/04/2021 00:00:00|TRF|03/03/2026 00:00:00
|20112743|8999999562182|TRF|18/02/2021 00:00:00|TRF|03/03/2026 00:00:00
|20112746|8993007006552|TRF|19/02/2021 00:00:00|TRF|03/03/2026 00:00:00
|20112749|8801073114760|TRF|23/05/2022 00:00:00|TRF|03/03/2026 00:00:00
|20112781|8999168211361|TRF|22/02/2021 00:00:00|TRF|03/03/2026 00:00:00
|20112782|8998838310700|TRF|08/03/2023 00:00:00|TRF|03/03/2026 00:00:00
|20112785|8999168211354|TRF|22/02/2021 00:00:00|TRF|03/03/2026 00:00:00
|20112794|8993007006545|TRF|19/02/2021 00:00:00|TRF|03/03/2026 00:00:00
|20112819|8999002694121|TRF|08/12/2025 00:00:00|TRF|03/03/2026 00:00:00
|20112822|8996001520123|TRF|19/05/2021 00:00:00|TRF|03/03/2026 00:00:00
|20112905|8993218627102|TRF|31/03/2021 00:00:00|TRF|03/03/2026 00:00:00
|20112938|8992727007313|TRF|07/05/2025 00:00:00|TRF|03/03/2026 00:00:00
|20112944|8992709959081|TRF|15/08/2021 00:00:00|TRF|03/03/2026 00:00:00
|20112944|8992952956318|TRF|21/03/2023 00:00:00|TRF|03/03/2026 00:00:00
|20112945|8992753721580|TRF|11/03/2021 00:00:00|TRF|03/03/2026 00:00:00
|20112980|038694|TRF|07/10/2025 00:00:00|TRF|03/03/2026 00:00:00
|20112981|038741|TRF|07/10/2025 00:00:00|TRF|03/03/2026 00:00:00
|20113000|8991991594062|TRF|03/03/2021 00:00:00|TRF|03/03/2026 00:00:00
|20113001|8994096225480|TRF|11/08/2021 00:00:00|TRF|03/03/2026 00:00:00
|20113009|0778988008683|TRF|23/02/2025 00:00:00|TRF|03/03/2026 00:00:00
|20113009|0778988244142|TRF|23/02/2025 00:00:00|TRF|03/03/2026 00:00:00
|20113009|0778988367476|TRF|23/02/2025 00:00:00|TRF|03/03/2026 00:00:00
|20113059|8992388145027|TRF|28/04/2021 00:00:00|TRF|03/03/2026 00:00:00
|20113074|899909003439|TRF|29/09/2022 00:00:00|TRF|03/03/2026 00:00:00
|20113074|8999909003439|TRF|29/09/2022 00:00:00|TRF|03/03/2026 00:00:00
|20113083|8992931005235|TRF|13/02/2023 00:00:00|TRF|03/03/2026 00:00:00
|20113093|8998866618991|TRF|16/03/2024 00:00:00|TRF|03/03/2026 00:00:00
|20113101|8998866619028|TRF|16/03/2024 00:00:00|TRF|03/03/2026 00:00:00
|20113106|8992741948593|TRF|15/08/2021 00:00:00|TRF|03/03/2026 00:00:00
|20113111|8992727007948|TRF|09/03/2021 00:00:00|TRF|03/03/2026 00:00:00
|20113117|8992806165101|TRF|23/02/2025 00:00:00|TRF|03/03/2026 00:00:00
|20113120|8885013131376|TRF|05/03/2021 00:00:00|TRF|03/03/2026 00:00:00
|20113135|8992772665049|TRF|06/03/2021 00:00:00|TRF|03/03/2026 00:00:00
|20113150|8993172000393|TRF|15/08/2022 00:00:00|TRF|03/03/2026 00:00:00
|20113150|8993172000423|TRF|26/04/2021 00:00:00|TRF|03/03/2026 00:00:00
|20113180|8992696523692|TRF|15/03/2021 00:00:00|TRF|03/03/2026 00:00:00
|20113183|8999999570804|TRF|23/02/2025 00:00:00|TRF|03/03/2026 00:00:00
|20113218|043982|TRF|28/02/2025 00:00:00|TRF|03/03/2026 00:00:00
|20113219|8994993013845|TRF|18/03/2021 00:00:00|TRF|03/03/2026 00:00:00
|20113228|8992959974025|TRF|28/10/2022 00:00:00|TRF|03/03/2026 00:00:00
|20113294|038925|TRF|28/02/2025 00:00:00|TRF|03/03/2026 00:00:00
|20113303|8992946531866|TRF|10/05/2021 00:00:00|TRF|03/03/2026 00:00:00
|20113322|0189686150008|TRF|12/04/2021 00:00:00|TRF|03/03/2026 00:00:00
|20113338|8997226412019|TRF|14/08/2025 00:00:00|TRF|03/03/2026 00:00:00
|20113339|8997226412033|TRF|29/03/2021 00:00:00|TRF|03/03/2026 00:00:00
|20113341|8997226414020|TRF|29/03/2021 00:00:00|TRF|03/03/2026 00:00:00
|20113345|8992696520929|TRF|29/03/2021 00:00:00|TRF|03/03/2026 00:00:00
|20113346|8999908831903|TRF|26/04/2021 00:00:00|TRF|03/03/2026 00:00:00
|20113354|8992959954058|TRF|25/03/2021 00:00:00|TRF|03/03/2026 00:00:00
|20113365|8992858665000|TRF|20/01/2024 00:00:00|TRF|03/03/2026 00:00:00
|20113377|8998866202923|TRF|24/03/2021 00:00:00|TRF|03/03/2026 00:00:00
|20113383|8996001305270|TRF|21/04/2021 00:00:00|TRF|03/03/2026 00:00:00
|20113402|8993137710411|TRF|28/03/2022 00:00:00|TRF|03/03/2026 00:00:00
|20113403|8993137710428|TRF|28/03/2022 00:00:00|TRF|03/03/2026 00:00:00
|20113450|8997218380159|TRF|08/04/2021 00:00:00|TRF|03/03/2026 00:00:00
|20113490|8996001354063|TRF|05/05/2021 00:00:00|TRF|03/03/2026 00:00:00
|20113536|0887961911084|TRF|08/04/2021 00:00:00|TRF|03/03/2026 00:00:00
|20113536|887961911084|TRF|31/03/2021 00:00:00|TRF|03/03/2026 00:00:00
|20113536|887961911085|TRF|10/11/2021 00:00:00|TRF|03/03/2026 00:00:00
|20113564|8997218680327|TRF|16/09/2025 00:00:00|TRF|03/03/2026 00:00:00
|20113567|8996001401187|TRF|10/05/2021 00:00:00|TRF|03/03/2026 00:00:00
|20113569|8994993014194|TRF|12/04/2021 00:00:00|TRF|03/03/2026 00:00:00
|20113574|0189686386131|TRF|06/04/2021 00:00:00|TRF|03/03/2026 00:00:00
|20113575|8992802108065|TRF|04/04/2021 00:00:00|TRF|03/03/2026 00:00:00
|20113578|8992802108133|TRF|04/04/2021 00:00:00|TRF|03/03/2026 00:00:00
|20113805|8998866105255|TRF|28/10/2022 00:00:00|TRF|03/03/2026 00:00:00
|20113809|8993335529341|TRF|15/12/2021 00:00:00|TRF|03/03/2026 00:00:00
|20113829|039730|TRF|12/04/2021 00:00:00|TRF|03/03/2026 00:00:00
|20113844|8998866202930|TRF|13/04/2021 00:00:00|TRF|03/03/2026 00:00:00
|20113907|8999999573157|TRF|14/04/2021 00:00:00|TRF|03/03/2026 00:00:00
|20113913|8999908427502|TRF|23/02/2025 00:00:00|TRF|03/03/2026 00:00:00
|20113915|8999908763600|TRF|28/10/2022 00:00:00|TRF|03/03/2026 00:00:00
|20113916|8999908831408|TRF|28/10/2022 00:00:00|TRF|03/03/2026 00:00:00
|20113917|8999908764102|TRF|12/12/2023 00:00:00|TRF|03/03/2026 00:00:00
|20113918|8999908764201|TRF|28/10/2022 00:00:00|TRF|03/03/2026 00:00:00
|20113920|8850477017672|TRF|27/04/2021 00:00:00|TRF|03/03/2026 00:00:00
|20113921|8850477019751|TRF|27/04/2021 00:00:00|TRF|03/03/2026 00:00:00
|20113971|0097923543240|TRF|02/03/2026 00:00:00|TRF|03/03/2026 00:00:00
|20113971|0097923543301|TRF|02/03/2026 00:00:00|TRF|03/03/2026 00:00:00
|20113972|8997878700366|TRF|19/04/2021 00:00:00|TRF|03/03/2026 00:00:00
|20113989|8996001314005|TRF|15/08/2021 00:00:00|TRF|03/03/2026 00:00:00
|20114021|8994096225503|TRF|19/04/2021 00:00:00|TRF|03/03/2026 00:00:00
|20114049|8997217370526|TRF|22/04/2021 00:00:00|TRF|03/03/2026 00:00:00
|20114051|4987176046376|TRF|28/04/2021 00:00:00|TRF|03/03/2026 00:00:00
|20114105|8993189380006|TRF|28/10/2022 00:00:00|TRF|03/03/2026 00:00:00
|20114107|8990114000176|TRF|16/09/2025 00:00:00|TRF|03/03/2026 00:00:00
|20114107|8998009972553|TRF|27/04/2021 00:00:00|TRF|03/03/2026 00:00:00
|20114112|8998866609753|TRF|11/05/2021 00:00:00|TRF|03/03/2026 00:00:00
|20114428|8998866618649|TRF|28/11/2023 00:00:00|TRF|03/03/2026 00:00:00
|20114428|8998866624336|TRF|28/11/2023 00:00:00|TRF|03/03/2026 00:00:00
|20114432|8992003786925|TRF|05/05/2021 00:00:00|TRF|03/03/2026 00:00:00
|20114433|8998866107686|TRF|24/05/2021 00:00:00|TRF|03/03/2026 00:00:00
|20114493|9556001288592|TRF|10/05/2021 00:00:00|TRF|03/03/2026 00:00:00
|20114494|9556001288561|TRF|10/05/2021 00:00:00|TRF|03/03/2026 00:00:00
|20114495|9556001288547|TRF|10/05/2021 00:00:00|TRF|03/03/2026 00:00:00
|20114582|8995555184744|TRF|11/05/2021 00:00:00|TRF|03/03/2026 00:00:00
|20114622|8991038775980|TRF|28/10/2022 00:00:00|TRF|03/03/2026 00:00:00
|20114657|8995555150930|TRF|19/05/2021 00:00:00|TRF|03/03/2026 00:00:00
|20114735|8999168211392|TRF|20/05/2021 00:00:00|TRF|03/03/2026 00:00:00
|20114753|4987176053060|TRF|25/05/2021 00:00:00|TRF|03/03/2026 00:00:00
|20114755|8998866203104|TRF|03/06/2021 00:00:00|TRF|03/03/2026 00:00:00
|20114756|8998866202954|TRF|15/08/2021 00:00:00|TRF|03/03/2026 00:00:00
|20114757|8998866202978|TRF|15/08/2021 00:00:00|TRF|03/03/2026 00:00:00
|20114869|8997018250362|TRF|26/01/2025 00:00:00|TRF|03/03/2026 00:00:00
|20115133|96189016|TRF|15/06/2021 00:00:00|TRF|03/03/2026 00:00:00
|20115134|96192917|TRF|15/06/2021 00:00:00|TRF|03/03/2026 00:00:00
|20115145|8999999574963|TRF|09/06/2021 00:00:00|TRF|03/03/2026 00:00:00
|20115153|8998866109055|TRF|21/09/2022 00:00:00|TRF|03/03/2026 00:00:00
|20115156|8992982600069|TRF|14/06/2021 00:00:00|TRF|03/03/2026 00:00:00
|20115157|8999999055738|TRF|16/03/2024 00:00:00|TRF|03/03/2026 00:00:00
|20115158|8992802110037|TRF|28/06/2021 00:00:00|TRF|03/03/2026 00:00:00
|20115159|8992802110020|TRF|28/06/2021 00:00:00|TRF|03/03/2026 00:00:00
|20115160|8992304047411|TRF|12/06/2021 00:00:00|TRF|03/03/2026 00:00:00
|20115171|8997226240568|TRF|25/02/2025 00:00:00|TRF|03/03/2026 00:00:00
|20115187|8993200666805|TRF|11/06/2021 00:00:00|TRF|03/03/2026 00:00:00
|20115188|8993200666836|TRF|11/06/2021 00:00:00|TRF|03/03/2026 00:00:00
|20115271|8997016221784|TRF|02/09/2021 00:00:00|TRF|03/03/2026 00:00:00
|20115317|8990114000343|TRF|10/12/2025 00:00:00|TRF|03/03/2026 00:00:00
|20115317|8998009972461|TRF|18/06/2021 00:00:00|TRF|03/03/2026 00:00:00
|20115320|045238|TRF|28/02/2025 00:00:00|TRF|03/03/2026 00:00:00
|20115321|045236|TRF|28/02/2025 00:00:00|TRF|03/03/2026 00:00:00
|20115322|045237|TRF|28/02/2025 00:00:00|TRF|03/03/2026 00:00:00
|20115323|045235|TRF|28/02/2025 00:00:00|TRF|03/03/2026 00:00:00
|20115331|8994096225527|TRF|08/07/2021 00:00:00|TRF|03/03/2026 00:00:00
|20115332|8994096225152|TRF|08/07/2021 00:00:00|TRF|03/03/2026 00:00:00
|20115336|038457|TRF|28/02/2025 00:00:00|TRF|03/03/2026 00:00:00
|20115337|038460|TRF|28/02/2025 00:00:00|TRF|03/03/2026 00:00:00
|20115341|038475|TRF|28/02/2025 00:00:00|TRF|03/03/2026 00:00:00
|20115342|038478|TRF|28/06/2021 00:00:00|TRF|03/03/2026 00:00:00
|20115354|8992696523814|TRF|09/01/2025 00:00:00|TRF|03/03/2026 00:00:00
|20115355|8995899216484|TRF|23/02/2025 00:00:00|TRF|03/03/2026 00:00:00
|20115358|8901138830816|TRF|30/06/2021 00:00:00|TRF|03/03/2026 00:00:00
|20115360|8997017642922|TRF|30/06/2021 00:00:00|TRF|03/03/2026 00:00:00
|20115362|8999178840230|TRF|15/08/2021 00:00:00|TRF|03/03/2026 00:00:00
|20115363|8999178840339|TRF|15/08/2021 00:00:00|TRF|03/03/2026 00:00:00
|20115364|8993189329715|TRF|13/09/2023 00:00:00|TRF|03/03/2026 00:00:00
|20115438|8997204670462|TRF|29/06/2021 00:00:00|TRF|03/03/2026 00:00:00
|20115472|8994096225732|TRF|01/07/2021 00:00:00|TRF|03/03/2026 00:00:00
|20115489|0089686400038|TRF|07/07/2021 00:00:00|TRF|03/03/2026 00:00:00
|20115501|8998866616232|TRF|20/07/2021 00:00:00|TRF|03/03/2026 00:00:00
|20115505|8992775002964|TRF|15/08/2021 00:00:00|TRF|03/03/2026 00:00:00
|20115506|8997226240575|TRF|09/10/2025 00:00:00|TRF|03/03/2026 00:00:00
|20115548|8994096225138|TRF|14/07/2021 00:00:00|TRF|03/03/2026 00:00:00
|20115549|8997035601482|TRF|16/10/2025 00:00:00|TRF|03/03/2026 00:00:00
|20115550|038469|TRF|15/07/2021 00:00:00|TRF|03/03/2026 00:00:00
|20115632|0089686400045|TRF|04/08/2021 00:00:00|TRF|03/03/2026 00:00:00
|20115636|8997009510369|TRF|16/07/2021 00:00:00|TRF|03/03/2026 00:00:00
|20115639|8999999564162|TRF|16/07/2021 00:00:00|TRF|03/03/2026 00:00:00
|20115652|045239|TRF|28/02/2025 00:00:00|TRF|03/03/2026 00:00:00
|20115735|045209|TRF|28/02/2025 00:00:00|TRF|03/03/2026 00:00:00
|20115736|045211|TRF|28/02/2025 00:00:00|TRF|03/03/2026 00:00:00
|20115738|045210|TRF|28/02/2025 00:00:00|TRF|03/03/2026 00:00:00
|20115744|8992222093095|TRF|27/08/2021 00:00:00|TRF|03/03/2026 00:00:00
|20115752|8997220410394|TRF|04/09/2024 00:00:00|TRF|03/03/2026 00:00:00
|20115753|8997220410424|TRF|04/09/2024 00:00:00|TRF|03/03/2026 00:00:00
|20115758|8997217370557|TRF|01/10/2021 00:00:00|TRF|03/03/2026 00:00:00
|20115786|8994096225572|TRF|20/08/2021 00:00:00|TRF|03/03/2026 00:00:00
|20115828|039606|TRF|07/10/2025 00:00:00|TRF|03/03/2026 00:00:00
|20115861|037944|TRF|10/11/2021 00:00:00|TRF|03/03/2026 00:00:00
|20115958|8996001401200|TRF|28/11/2023 00:00:00|TRF|03/03/2026 00:00:00
|20115959|8996001401194|TRF|13/08/2021 00:00:00|TRF|03/03/2026 00:00:00
|20115976|8998866108072|TRF|02/08/2021 00:00:00|TRF|03/03/2026 00:00:00
|20116088|8993110002342|TRF|30/07/2021 00:00:00|TRF|03/03/2026 00:00:00
|20116090|8992802108096|TRF|27/07/2022 00:00:00|TRF|03/03/2026 00:00:00
|20116091|8992802108126|TRF|27/07/2022 00:00:00|TRF|03/03/2026 00:00:00
|20116109|0089686729016|TRF|09/08/2021 00:00:00|TRF|03/03/2026 00:00:00
|20116109|089686729016|TRF|15/08/2022 00:00:00|TRF|03/03/2026 00:00:00
|20116110|0089686729023|TRF|09/08/2021 00:00:00|TRF|03/03/2026 00:00:00
|20116110|089686729023|TRF|15/08/2022 00:00:00|TRF|03/03/2026 00:00:00
|20116112|0089686729030|TRF|09/08/2021 00:00:00|TRF|03/03/2026 00:00:00
|20116125|0089686729047|TRF|09/08/2021 00:00:00|TRF|03/03/2026 00:00:00
|20116410|0089686723021|TRF|03/09/2021 00:00:00|TRF|03/03/2026 00:00:00
|20116411|0089686733006|TRF|03/09/2021 00:00:00|TRF|03/03/2026 00:00:00
|20116479|033621|TRF|09/08/2021 00:00:00|TRF|03/03/2026 00:00:00
|20116482|8992796011518|TRF|31/05/2022 00:00:00|TRF|03/03/2026 00:00:00
|20116490|8997009781400|TRF|16/03/2024 00:00:00|TRF|03/03/2026 00:00:00
|20116496|8885013131437|TRF|10/08/2021 00:00:00|TRF|03/03/2026 00:00:00
|20116527|8999999576790|TRF|12/12/2023 00:00:00|TRF|03/03/2026 00:00:00
|20116670|0089686732030|TRF|19/08/2021 00:00:00|TRF|03/03/2026 00:00:00
|20116675|0089686732047|TRF|19/08/2021 00:00:00|TRF|03/03/2026 00:00:00
|20116679|0089686732061|TRF|19/08/2021 00:00:00|TRF|03/03/2026 00:00:00
|20116681|037762|TRF|12/08/2021 00:00:00|TRF|03/03/2026 00:00:00
|20116684|0089686732078|TRF|19/08/2021 00:00:00|TRF|03/03/2026 00:00:00
|20116685|8992772198073|TRF|25/02/2025 00:00:00|TRF|03/03/2026 00:00:00
|20116686|0089686732085|TRF|19/08/2021 00:00:00|TRF|03/03/2026 00:00:00
|20116712|8998866615228|TRF|13/09/2023 00:00:00|TRF|03/03/2026 00:00:00
|20116752|8991712001305|TRF|18/08/2021 00:00:00|TRF|03/03/2026 00:00:00
|20116752|8991712001312|TRF|18/08/2021 00:00:00|TRF|03/03/2026 00:00:00
|20116752|8991712001329|TRF|18/08/2021 00:00:00|TRF|03/03/2026 00:00:00
|20116823|8998866109079|TRF|26/08/2021 00:00:00|TRF|03/03/2026 00:00:00
|20116858|1219011202009|TRF|25/02/2022 00:00:00|TRF|03/03/2026 00:00:00
|20116867|1219020119008|TRF|25/02/2022 00:00:00|TRF|03/03/2026 00:00:00
|20116882|8995102707501|TRF|05/11/2021 00:00:00|TRF|03/03/2026 00:00:00
|20116923|040647|TRF|28/02/2025 00:00:00|TRF|03/03/2026 00:00:00
|20116987|8998866612937|TRF|02/09/2021 00:00:00|TRF|03/03/2026 00:00:00
|20116990|8998866108867|TRF|02/09/2021 00:00:00|TRF|03/03/2026 00:00:00
|20117083|037515|TRF|10/07/2023 00:00:00|TRF|03/03/2026 00:00:00
|20117107|8999999578282|TRF|01/08/2022 00:00:00|TRF|03/03/2026 00:00:00
|20117108|8886001038011|TRF|24/08/2021 00:00:00|TRF|03/03/2026 00:00:00
|20117118|8991682000049|TRF|15/03/2022 00:00:00|TRF|03/03/2026 00:00:00
|20117119|8991682000025|TRF|15/03/2022 00:00:00|TRF|03/03/2026 00:00:00
|20117119|8991682000049	|TRF|23/08/2022 00:00:00|TRF|03/03/2026 00:00:00
|20117120|8991682000216|TRF|15/03/2022 00:00:00|TRF|03/03/2026 00:00:00
|20117122|8991682000223|TRF|15/03/2022 00:00:00|TRF|03/03/2026 00:00:00
|20117123|8991682000087|TRF|23/03/2022 00:00:00|TRF|03/03/2026 00:00:00
|20117166|8998888462848|TRF|23/02/2025 00:00:00|TRF|03/03/2026 00:00:00
|20117196|8998866108492|TRF|14/10/2021 00:00:00|TRF|03/03/2026 00:00:00
|20117208|8998866108713|TRF|14/10/2021 00:00:00|TRF|03/03/2026 00:00:00
|20117276|0194735046850|TRF|01/09/2021 00:00:00|TRF|03/03/2026 00:00:00
|20117569|8999999577285|TRF|06/09/2021 00:00:00|TRF|03/03/2026 00:00:00
|20117626|8853301004916|TRF|07/09/2021 00:00:00|TRF|03/03/2026 00:00:00
|20117628|8853301005036|TRF|07/09/2021 00:00:00|TRF|03/03/2026 00:00:00
|20117641|8994907001371|TRF|23/02/2025 00:00:00|TRF|03/03/2026 00:00:00
|20117663|8995899215159|TRF|23/02/2025 00:00:00|TRF|03/03/2026 00:00:00
|20117682|8998888121943|TRF|01/10/2021 00:00:00|TRF|03/03/2026 00:00:00
|20117684|8996001354117|TRF|15/09/2021 00:00:00|TRF|03/03/2026 00:00:00
|20117687|8998888121844|TRF|01/10/2021 00:00:00|TRF|03/03/2026 00:00:00
|20117814|8992779401206|TRF|28/10/2022 00:00:00|TRF|03/03/2026 00:00:00
|20117815|8992779406300|TRF|23/02/2025 00:00:00|TRF|03/03/2026 00:00:00
|20117862|8994096225206|TRF|15/09/2021 00:00:00|TRF|03/03/2026 00:00:00
|20117864|044072|TRF|28/02/2025 00:00:00|TRF|03/03/2026 00:00:00
|20117865|044073|TRF|28/02/2025 00:00:00|TRF|03/03/2026 00:00:00
|20117884|8993365135031|TRF|26/04/2022 00:00:00|TRF|03/03/2026 00:00:00
|20117918|8888900543009|TRF|15/09/2025 00:00:00|TRF|03/03/2026 00:00:00
|20117923|8858702434539|TRF|21/09/2021 00:00:00|TRF|03/03/2026 00:00:00
|20117925|8997217370373|TRF|05/06/2023 00:00:00|TRF|03/03/2026 00:00:00
|20117928|8858702434560|TRF|21/09/2021 00:00:00|TRF|03/03/2026 00:00:00
|20117940|8997220410516|TRF|28/09/2021 00:00:00|TRF|03/03/2026 00:00:00
|20117981|8999908832108|TRF|25/07/2022 00:00:00|TRF|03/03/2026 00:00:00
|20117983|8999908767202|TRF|26/07/2024 00:00:00|TRF|03/03/2026 00:00:00
|20117985|8999908767004|TRF|25/07/2022 00:00:00|TRF|03/03/2026 00:00:00
|20117989|8995102707495|TRF|28/10/2022 00:00:00|TRF|03/03/2026 00:00:00
|20118115|8992753721597|TRF|29/09/2021 00:00:00|TRF|03/03/2026 00:00:00
|20118166|8996168660922|TRF|28/08/2023 00:00:00|TRF|03/03/2026 00:00:00
|20118167|0030343600094|TRF|29/03/2024 00:00:00|TRF|03/03/2026 00:00:00
|20118167|0091447603374|TRF|19/02/2024 00:00:00|TRF|03/03/2026 00:00:00
|20118167|09144760337|TRF|05/02/2024 00:00:00|TRF|03/03/2026 00:00:00
|20118167|091447603374|TRF|12/02/2024 00:00:00|TRF|03/03/2026 00:00:00
|20118209|8993351124209|TRF|27/09/2021 00:00:00|TRF|03/03/2026 00:00:00
|20118218|8994096225909|TRF|28/09/2021 00:00:00|TRF|03/03/2026 00:00:00
|20118241|043985|TRF|28/02/2025 00:00:00|TRF|03/03/2026 00:00:00
|20118242|043988|TRF|28/02/2025 00:00:00|TRF|03/03/2026 00:00:00
|20118243|043989|TRF|28/02/2025 00:00:00|TRF|03/03/2026 00:00:00
|20118244|043991|TRF|28/02/2025 00:00:00|TRF|03/03/2026 00:00:00
|20118245|043992|TRF|28/02/2025 00:00:00|TRF|03/03/2026 00:00:00
|20118252|4987176076649|TRF|10/02/2022 00:00:00|TRF|03/03/2026 00:00:00
|20118290|4987176076632|TRF|07/10/2021 00:00:00|TRF|03/03/2026 00:00:00
|20118299|4902430869102|TRF|07/10/2021 00:00:00|TRF|03/03/2026 00:00:00
|20118377|0749921020680|TRF|02/02/2023 00:00:00|TRF|03/03/2026 00:00:00
|20118380|8993988270027|TRF|06/10/2021 00:00:00|TRF|03/03/2026 00:00:00
|20118403|8993200668496|TRF|07/10/2021 00:00:00|TRF|03/03/2026 00:00:00
|20118404|8993200668502|TRF|07/10/2021 00:00:00|TRF|03/03/2026 00:00:00
|20118424|8888166621008|TRF|10/02/2023 00:00:00|TRF|03/03/2026 00:00:00
|20118503|8993200661343|TRF|11/10/2021 00:00:00|TRF|03/03/2026 00:00:00
|20118513|8992907996321|TRF|11/10/2021 00:00:00|TRF|03/03/2026 00:00:00
|20118537|8999999575847|TRF|14/10/2021 00:00:00|TRF|03/03/2026 00:00:00
|20118737|8995102708003|TRF|13/10/2021 00:00:00|TRF|03/03/2026 00:00:00
|20118829|8993189379994|TRF|13/09/2023 00:00:00|TRF|03/03/2026 00:00:00
|20118830|8993189381416|TRF|23/02/2025 00:00:00|TRF|03/03/2026 00:00:00
|20118831|8998866614351|TRF|16/10/2021 00:00:00|TRF|03/03/2026 00:00:00
|20118832|8997035601383|TRF|14/10/2021 00:00:00|TRF|03/03/2026 00:00:00
|20118903|8997014450452|TRF|28/10/2022 00:00:00|TRF|03/03/2026 00:00:00
|20118913|8899419622611|TRF|18/10/2021 00:00:00|TRF|03/03/2026 00:00:00
|20118913|8994096111011|TRF|30/04/2024 00:00:00|TRF|03/03/2026 00:00:00
|20118913|8994096226128|TRF|18/10/2021 00:00:00|TRF|03/03/2026 00:00:00
|20118913|8994096226135|TRF|18/10/2021 00:00:00|TRF|03/03/2026 00:00:00
|20118913|8994096226630|TRF|15/09/2022 00:00:00|TRF|03/03/2026 00:00:00
|20119019|8993027164119|TRF|21/10/2021 00:00:00|TRF|03/03/2026 00:00:00
|20119036|8997004308145|TRF|28/10/2022 00:00:00|TRF|03/03/2026 00:00:00
|20119092|8999999567132|TRF|29/10/2021 00:00:00|TRF|03/03/2026 00:00:00
|20119096|8999999574819|TRF|29/10/2021 00:00:00|TRF|03/03/2026 00:00:00
|20119105|8991712001343|TRF|23/02/2025 00:00:00|TRF|03/03/2026 00:00:00
|20119105|8991712001350|TRF|23/02/2025 00:00:00|TRF|03/03/2026 00:00:00
|20119105|8991712001367|TRF|23/02/2025 00:00:00|TRF|03/03/2026 00:00:00
|20119106|8991712001336|TRF|23/02/2025 00:00:00|TRF|03/03/2026 00:00:00
|20119164|8998866203043|TRF|26/10/2021 00:00:00|TRF|03/03/2026 00:00:00
|20119165|8994125000651|TRF|31/05/2022 00:00:00|TRF|03/03/2026 00:00:00
|20119238|8993335529419|TRF|25/11/2021 00:00:00|TRF|03/03/2026 00:00:00
|20119279|038522|TRF|01/11/2021 00:00:00|TRF|03/03/2026 00:00:00
|20119437|8998866203050|TRF|24/11/2021 00:00:00|TRF|03/03/2026 00:00:00
|20119460|8998866203203|TRF|24/11/2021 00:00:00|TRF|03/03/2026 00:00:00
|20119647|8883241265030|TRF|17/11/2025 00:00:00|TRF|03/03/2026 00:00:00
|20119647|8883241265085|TRF|17/11/2025 00:00:00|TRF|03/03/2026 00:00:00
|20119649|8997212800301|TRF|17/11/2025 00:00:00|TRF|03/03/2026 00:00:00
|20119708|043718|TRF|07/10/2025 00:00:00|TRF|03/03/2026 00:00:00
|20119730|8998866621502|TRF|13/09/2023 00:00:00|TRF|03/03/2026 00:00:00
|20119830|8994096225817|TRF|17/07/2025 00:00:00|TRF|03/03/2026 00:00:00
|20119841|8993351120362|TRF|29/05/2025 00:00:00|TRF|03/03/2026 00:00:00
|20119844|8993351120263|TRF|29/05/2025 00:00:00|TRF|03/03/2026 00:00:00
|20119874|8993351120164|TRF|29/05/2025 00:00:00|TRF|03/03/2026 00:00:00
|20119876|8997009781585|TRF|23/11/2021 00:00:00|TRF|03/03/2026 00:00:00
|20119944|043369|TRF|07/10/2025 00:00:00|TRF|03/03/2026 00:00:00
|20119954|044625|TRF|21/03/2023 00:00:00|TRF|03/03/2026 00:00:00
|20119955|043581|TRF|21/03/2023 00:00:00|TRF|03/03/2026 00:00:00
|20119956|8994096225855|TRF|11/04/2023 00:00:00|TRF|03/03/2026 00:00:00
|20119957|8993005112019|TRF|30/11/2021 00:00:00|TRF|03/03/2026 00:00:00
|20119970|044362|TRF|24/11/2021 00:00:00|TRF|03/03/2026 00:00:00
|20120104|8991682000773	|TRF|23/08/2022 00:00:00|TRF|03/03/2026 00:00:00
|20120104|8991682000773|TRF|23/03/2022 00:00:00|TRF|03/03/2026 00:00:00
|20120142|033740|TRF|01/12/2021 00:00:00|TRF|03/03/2026 00:00:00
|20120180|8998866622608|TRF|27/12/2021 00:00:00|TRF|03/03/2026 00:00:00
|20120198|8993004788598|TRF|07/12/2021 00:00:00|TRF|03/03/2026 00:00:00
|20120199|8993004788604|TRF|07/12/2021 00:00:00|TRF|03/03/2026 00:00:00
|20120202|8992727008372|TRF|12/12/2021 00:00:00|TRF|03/03/2026 00:00:00
|20120205|8999999579524|TRF|03/12/2021 00:00:00|TRF|03/03/2026 00:00:00
|20120206|8999999579616|TRF|03/12/2021 00:00:00|TRF|03/03/2026 00:00:00
|20120239|8992946531675|TRF|20/02/2023 00:00:00|TRF|03/03/2026 00:00:00
|20120257|7622201822194|TRF|26/04/2022 00:00:00|TRF|03/03/2026 00:00:00
|20120258|8998824551940|TRF|25/02/2022 00:00:00|TRF|03/03/2026 00:00:00
|20120259|8998824551278|TRF|25/02/2022 00:00:00|TRF|03/03/2026 00:00:00
|20120260|8998824551285|TRF|02/03/2025 00:00:00|TRF|03/03/2026 00:00:00
|20120275|8991001663290|TRF|15/12/2021 00:00:00|TRF|03/03/2026 00:00:00
|20120361|8992858658316|TRF|20/01/2024 00:00:00|TRF|03/03/2026 00:00:00
|20120378|8998866105675|TRF|27/03/2023 00:00:00|TRF|03/03/2026 00:00:00
|20120379|8998866105682|TRF|25/09/2023 00:00:00|TRF|03/03/2026 00:00:00
|20120400|5051644097272|TRF|13/12/2021 00:00:00|TRF|03/03/2026 00:00:00
|20120401|5051644096022|TRF|13/12/2021 00:00:00|TRF|03/03/2026 00:00:00
|20120402|5051644098637|TRF|13/12/2021 00:00:00|TRF|03/03/2026 00:00:00
|20120421|8997032680855|TRF|13/03/2024 00:00:00|TRF|03/03/2026 00:00:00
|20120424|8999999579821|TRF|21/12/2021 00:00:00|TRF|03/03/2026 00:00:00
|20120451|8992745475217|TRF|10/11/2022 00:00:00|TRF|03/03/2026 00:00:00
|20120459|8992745475279|TRF|01/10/2024 00:00:00|TRF|03/03/2026 00:00:00
|20120460|8992907953287|TRF|06/02/2025 00:00:00|TRF|03/03/2026 00:00:00
|20120496|8886056014329|TRF|03/02/2022 00:00:00|TRF|03/03/2026 00:00:00
|20120496|8997218240194|TRF|29/04/2022 00:00:00|TRF|03/03/2026 00:00:00
|20120499|8991002125025|TRF|04/01/2022 00:00:00|TRF|03/03/2026 00:00:00
|20120506|8994096226029|TRF|27/12/2021 00:00:00|TRF|03/03/2026 00:00:00
|20120510|4891138952790|TRF|13/02/2023 00:00:00|TRF|03/03/2026 00:00:00
|20120661|8995952001224|TRF|04/01/2022 00:00:00|TRF|03/03/2026 00:00:00
|20120775|8991682000827	|TRF|23/08/2022 00:00:00|TRF|03/03/2026 00:00:00
|20120775|8991682000827|TRF|22/03/2022 00:00:00|TRF|03/03/2026 00:00:00
|20120778|8991682000834	|TRF|23/08/2022 00:00:00|TRF|03/03/2026 00:00:00
|20120778|8991682000834|TRF|22/03/2022 00:00:00|TRF|03/03/2026 00:00:00
|20120782|4987176091772|TRF|11/01/2022 00:00:00|TRF|03/03/2026 00:00:00
|20120783|8999777016784|TRF|10/01/2022 00:00:00|TRF|03/03/2026 00:00:00
|20120796|8992775004289|TRF|02/02/2022 00:00:00|TRF|03/03/2026 00:00:00
|20120798|8992952955571|TRF|19/02/2026 00:00:00|TRF|03/03/2026 00:00:00
|20120831|038652|TRF|17/01/2022 00:00:00|TRF|03/03/2026 00:00:00
|20120848|044913|TRF|20/01/2022 00:00:00|TRF|03/03/2026 00:00:00
|20120850|045125|TRF|27/01/2022 00:00:00|TRF|03/03/2026 00:00:00
|20120852|045131|TRF|27/01/2022 00:00:00|TRF|03/03/2026 00:00:00
|20120855|8993007003919|TRF|20/01/2022 00:00:00|TRF|03/03/2026 00:00:00
|20120877|8998866809856|TRF|19/03/2022 00:00:00|TRF|03/03/2026 00:00:00
|20120878|8999999530242|TRF|22/12/2025 00:00:00|TRF|03/03/2026 00:00:00
|20120901|9555122000182|TRF|26/01/2025 00:00:00|TRF|03/03/2026 00:00:00
|20120902|9555122000229|TRF|26/01/2025 00:00:00|TRF|03/03/2026 00:00:00
|20120903|9555122000199|TRF|24/01/2022 00:00:00|TRF|03/03/2026 00:00:00
|20120904|8991749000012|TRF|22/01/2022 00:00:00|TRF|03/03/2026 00:00:00
|20120906|8991749000029|TRF|22/01/2022 00:00:00|TRF|03/03/2026 00:00:00
|20120915|8993176131208|TRF|26/01/2022 00:00:00|TRF|03/03/2026 00:00:00
|20120918|8997016221777|TRF|03/02/2022 00:00:00|TRF|03/03/2026 00:00:00
|20120919|8998866809863|TRF|12/12/2023 00:00:00|TRF|03/03/2026 00:00:00
|20120921|8998866618243|TRF|12/12/2023 00:00:00|TRF|03/03/2026 00:00:00
|20120923|8998866615037|TRF|03/02/2022 00:00:00|TRF|03/03/2026 00:00:00
|20120927|8993137713641|TRF|17/01/2024 00:00:00|TRF|03/03/2026 00:00:00
|20120928|8998777145340|TRF|26/01/2022 00:00:00|TRF|03/03/2026 00:00:00
|20120929|8995227502814|TRF|26/01/2022 00:00:00|TRF|03/03/2026 00:00:00
|20120933|8998866615266|TRF|15/12/2025 00:00:00|TRF|03/03/2026 00:00:00
|20120973|8991682000872	|TRF|23/08/2022 00:00:00|TRF|03/03/2026 00:00:00
|20120973|8991682000872|TRF|22/03/2022 00:00:00|TRF|03/03/2026 00:00:00
|20120993|8886056014527|TRF|09/02/2022 00:00:00|TRF|03/03/2026 00:00:00
|20120993|8997218240200|TRF|29/04/2022 00:00:00|TRF|03/03/2026 00:00:00
|20120995|8992727007436|TRF|24/03/2025 00:00:00|TRF|03/03/2026 00:00:00
|20120995|8992727009256|TRF|14/04/2025 00:00:00|TRF|03/03/2026 00:00:00
|20121017|8998866621540|TRF|07/02/2022 00:00:00|TRF|03/03/2026 00:00:00
|20121018|8998866109178|TRF|07/02/2022 00:00:00|TRF|03/03/2026 00:00:00
|20121028|8997226412149|TRF|23/02/2025 00:00:00|TRF|03/03/2026 00:00:00
|20121050|8998866618311|TRF|23/02/2025 00:00:00|TRF|03/03/2026 00:00:00
|20121168|7610700922750|TRF|14/02/2022 00:00:00|TRF|03/03/2026 00:00:00
|20121182|7610700922644|TRF|14/02/2022 00:00:00|TRF|03/03/2026 00:00:00
|20121204|8993189381331|TRF|13/09/2023 00:00:00|TRF|03/03/2026 00:00:00
|20121205|8993189328862|TRF|13/09/2023 00:00:00|TRF|03/03/2026 00:00:00
|20121228|8998866501279|TRF|12/02/2023 00:00:00|TRF|03/03/2026 00:00:00
|20121229|8998866501262|TRF|12/02/2023 00:00:00|TRF|03/03/2026 00:00:00
|20121348|8999988906140|TRF|17/02/2022 00:00:00|TRF|03/03/2026 00:00:00
|20121350|8997204670486|TRF|14/08/2025 00:00:00|TRF|03/03/2026 00:00:00
|20121357|8850477017160|TRF|23/02/2025 00:00:00|TRF|03/03/2026 00:00:00
|20121358|8853301005715|TRF|28/10/2022 00:00:00|TRF|03/03/2026 00:00:00
|20121362|8850477005150|TRF|23/02/2025 00:00:00|TRF|03/03/2026 00:00:00
|20121363|8998009972515|TRF|24/02/2022 00:00:00|TRF|03/03/2026 00:00:00
|20121364|8998866622936|TRF|24/02/2022 00:00:00|TRF|03/03/2026 00:00:00
|20121372|8999999570811|TRF|23/02/2025 00:00:00|TRF|03/03/2026 00:00:00
|20121373|8999999581985|TRF|16/03/2024 00:00:00|TRF|03/03/2026 00:00:00
|20121376|8992779375101|TRF|23/02/2025 00:00:00|TRF|03/03/2026 00:00:00
|20121387|1219060715000|TRF|25/02/2022 00:00:00|TRF|03/03/2026 00:00:00
|20121393|5051644095063|TRF|22/02/2022 00:00:00|TRF|03/03/2026 00:00:00
|20121394|5051644095070|TRF|22/02/2022 00:00:00|TRF|03/03/2026 00:00:00
|20121395|8997229190730|TRF|23/02/2025 00:00:00|TRF|03/03/2026 00:00:00
|20121395|8997229191126|TRF|23/02/2025 00:00:00|TRF|03/03/2026 00:00:00
|20121396|8993189381676|TRF|07/05/2025 00:00:00|TRF|03/03/2026 00:00:00
|20121399|8993189381683|TRF|07/05/2025 00:00:00|TRF|03/03/2026 00:00:00
|20121413|8998866107099|TRF|12/12/2023 00:00:00|TRF|03/03/2026 00:00:00
|20121416|8998866109024|TRF|23/02/2025 00:00:00|TRF|03/03/2026 00:00:00
|20121430|8993417229114|TRF|23/02/2025 00:00:00|TRF|03/03/2026 00:00:00
|20121456|9556001295248|TRF|25/02/2022 00:00:00|TRF|03/03/2026 00:00:00
|20121459|8992222093163|TRF|07/03/2022 00:00:00|TRF|03/03/2026 00:00:00
|20121514|8996001600726|TRF|19/10/2022 00:00:00|TRF|03/03/2026 00:00:00
|20121662|8993007006705|TRF|02/03/2022 00:00:00|TRF|03/03/2026 00:00:00
|20121733|8992753722181|TRF|08/03/2022 00:00:00|TRF|03/03/2026 00:00:00
|20121808|8850477005143|TRF|23/02/2025 00:00:00|TRF|03/03/2026 00:00:00
|20121962|8993118938100|TRF|28/10/2022 00:00:00|TRF|03/03/2026 00:00:00
|20122013|8997239630332|TRF|28/03/2022 00:00:00|TRF|03/03/2026 00:00:00
|20122031|6922877760198|TRF|11/03/2022 00:00:00|TRF|03/03/2026 00:00:00
|20122033|8994993009015|TRF|11/03/2022 00:00:00|TRF|03/03/2026 00:00:00
|20122042|8999999583163|TRF|14/03/2022 00:00:00|TRF|03/03/2026 00:00:00
|20122043|08994096226234|TRF|15/03/2022 00:00:00|TRF|03/03/2026 00:00:00
|20122043|8994096110182|TRF|08/12/2023 00:00:00|TRF|03/03/2026 00:00:00
|20122043|8994096226234|TRF|15/03/2022 00:00:00|TRF|03/03/2026 00:00:00
|20122043|8994096226241|TRF|15/03/2022 00:00:00|TRF|03/03/2026 00:00:00
|20122043|8994096226258|TRF|15/03/2022 00:00:00|TRF|03/03/2026 00:00:00
|20122043|8994096226265|TRF|11/05/2022 00:00:00|TRF|03/03/2026 00:00:00
|20122044|8901526578511|TRF|14/03/2022 00:00:00|TRF|03/03/2026 00:00:00
|20122050|039611|TRF|07/10/2025 00:00:00|TRF|03/03/2026 00:00:00
|20122054|8992802016636|TRF|15/03/2022 00:00:00|TRF|03/03/2026 00:00:00
|20122057|8991001503053|TRF|25/03/2022 00:00:00|TRF|03/03/2026 00:00:00
|20122061|8997240600010|TRF|20/02/2025 00:00:00|TRF|03/03/2026 00:00:00
|20122064|8999908909206|TRF|28/03/2022 00:00:00|TRF|03/03/2026 00:00:00
|20122072|8000500224281|TRF|24/03/2022 00:00:00|TRF|03/03/2026 00:00:00
|20122090|8997239630097|TRF|24/03/2022 00:00:00|TRF|03/03/2026 00:00:00
|20122091|8993137713634|TRF|28/03/2022 00:00:00|TRF|03/03/2026 00:00:00
|20122092|8998888110411|TRF|12/02/2024 00:00:00|TRF|03/03/2026 00:00:00
|20122255|8998866203258|TRF|24/03/2022 00:00:00|TRF|03/03/2026 00:00:00
|20122257|8994096226043|TRF|23/03/2022 00:00:00|TRF|03/03/2026 00:00:00
|20122264|0089686599008|TRF|24/03/2022 00:00:00|TRF|03/03/2026 00:00:00
|20122278|8996006858030|TRF|05/04/2022 00:00:00|TRF|03/03/2026 00:00:00
|20122285|8993175550918|TRF|24/03/2022 00:00:00|TRF|03/03/2026 00:00:00
|20122288|8990057985844|TRF|28/03/2022 00:00:00|TRF|03/03/2026 00:00:00
|20122289|8995899216248|TRF|04/04/2022 00:00:00|TRF|03/03/2026 00:00:00
|20122291|8990057985837|TRF|28/03/2022 00:00:00|TRF|03/03/2026 00:00:00
|20122326|8992828889887|TRF|04/04/2022 00:00:00|TRF|03/03/2026 00:00:00
|20122336|8992933442113|TRF|30/06/2022 00:00:00|TRF|03/03/2026 00:00:00
|20122345|206667550|TRF|23/02/2025 00:00:00|TRF|03/03/2026 00:00:00
|20122345|6921734900241|TRF|23/02/2025 00:00:00|TRF|03/03/2026 00:00:00
|20122406|8991002114098|TRF|28/10/2022 00:00:00|TRF|03/03/2026 00:00:00
|20122425|8993988270157|TRF|23/02/2025 00:00:00|TRF|03/03/2026 00:00:00
|20122435|042236|TRF|04/04/2022 00:00:00|TRF|03/03/2026 00:00:00
|20122436|4987072042427|TRF|04/04/2022 00:00:00|TRF|03/03/2026 00:00:00
|20122460|8993200668335|TRF|04/04/2022 00:00:00|TRF|03/03/2026 00:00:00
|20122462|8992696524323|TRF|09/06/2025 00:00:00|TRF|03/03/2026 00:00:00
|20122471|8992745610892|TRF|03/04/2024 00:00:00|TRF|03/03/2026 00:00:00
|20122478|8999999581992|TRF|25/02/2025 00:00:00|TRF|03/03/2026 00:00:00
|20122554|037744|TRF|26/01/2025 00:00:00|TRF|03/03/2026 00:00:00
|20122561|046873|TRF|01/08/2025 00:00:00|TRF|03/03/2026 00:00:00
|20122563|046870|TRF|01/08/2025 00:00:00|TRF|03/03/2026 00:00:00
|20122564|046876|TRF|01/08/2025 00:00:00|TRF|03/03/2026 00:00:00
|20122571|8996196005405|TRF|24/05/2023 00:00:00|TRF|03/03/2026 00:00:00
|20122572|8997014450506|TRF|11/05/2022 00:00:00|TRF|03/03/2026 00:00:00
|20122573|8886457660934|TRF|25/08/2022 00:00:00|TRF|03/03/2026 00:00:00
|20122574|00194735036974|TRF|23/02/2025 00:00:00|TRF|03/03/2026 00:00:00
|20122574|0194735036936|TRF|23/02/2025 00:00:00|TRF|03/03/2026 00:00:00
|20122574|0194735036974|TRF|23/02/2025 00:00:00|TRF|03/03/2026 00:00:00
|20122578|0021664822821|TRF|13/04/2022 00:00:00|TRF|03/03/2026 00:00:00
|20122751|8885015220306|TRF|20/01/2024 00:00:00|TRF|03/03/2026 00:00:00
|20122751|8993079831557|TRF|20/01/2024 00:00:00|TRF|03/03/2026 00:00:00
|20122808|0661706049290|TRF|21/09/2022 00:00:00|TRF|03/03/2026 00:00:00
|20122808|661706049290|TRF|21/09/2022 00:00:00|TRF|03/03/2026 00:00:00
|20122811|033743|TRF|09/05/2022 00:00:00|TRF|03/03/2026 00:00:00
|20122822|8993200666928|TRF|09/05/2022 00:00:00|TRF|03/03/2026 00:00:00
|20122826|8994280126203|TRF|28/10/2022 00:00:00|TRF|03/03/2026 00:00:00
|20122827|8994280146201|TRF|28/10/2022 00:00:00|TRF|03/03/2026 00:00:00
|20122854|8901526598342|TRF|11/05/2022 00:00:00|TRF|03/03/2026 00:00:00
|20122856|8992832601185|TRF|27/06/2022 00:00:00|TRF|03/03/2026 00:00:00
|20122879|8999999584719|TRF|24/05/2022 00:00:00|TRF|03/03/2026 00:00:00
|20122906|8990800022840|TRF|24/05/2022 00:00:00|TRF|03/03/2026 00:00:00
|20122907|8998898280418|TRF|17/05/2022 00:00:00|TRF|03/03/2026 00:00:00
|20122914|8993163505128|TRF|18/05/2022 00:00:00|TRF|03/03/2026 00:00:00
|20122925|8992727008389|TRF|13/09/2023 00:00:00|TRF|03/03/2026 00:00:00
|20122937|1604540|TRF|26/01/2025 00:00:00|TRF|03/03/2026 00:00:00
|20122941|045212|TRF|28/02/2025 00:00:00|TRF|03/03/2026 00:00:00
|20122942|045213|TRF|28/02/2025 00:00:00|TRF|03/03/2026 00:00:00
|20122945|045208|TRF|28/02/2025 00:00:00|TRF|03/03/2026 00:00:00
|20122975|8998694121038|TRF|02/07/2022 00:00:00|TRF|03/03/2026 00:00:00
|20123017|8992856905719|TRF|12/06/2022 00:00:00|TRF|03/03/2026 00:00:00
|20123019|8997204305982|TRF|28/11/2023 00:00:00|TRF|03/03/2026 00:00:00
|20123020|8999777017620|TRF|28/10/2022 00:00:00|TRF|03/03/2026 00:00:00
|20123022|8997204306101|TRF|23/02/2025 00:00:00|TRF|03/03/2026 00:00:00
|20123024|8998866203401|TRF|27/05/2022 00:00:00|TRF|03/03/2026 00:00:00
|20123067|8997017642939|TRF|24/05/2022 00:00:00|TRF|03/03/2026 00:00:00
|20123070|8997017642175|TRF|24/05/2022 00:00:00|TRF|03/03/2026 00:00:00
|20123072|8992959953150|TRF|07/05/2025 00:00:00|TRF|03/03/2026 00:00:00
|20123082|8901526539468|TRF|18/07/2022 00:00:00|TRF|03/03/2026 00:00:00
|20123088|8998866202848|TRF|23/02/2025 00:00:00|TRF|03/03/2026 00:00:00
|20123090|8809054401526|TRF|26/01/2025 00:00:00|TRF|03/03/2026 00:00:00
|20123092|8809054401519|TRF|26/01/2025 00:00:00|TRF|03/03/2026 00:00:00
|20123095|8995102701974|TRF|23/02/2025 00:00:00|TRF|03/03/2026 00:00:00
|20123160|8901526598359|TRF|18/07/2022 00:00:00|TRF|03/03/2026 00:00:00
|20123171|8850267112181|TRF|26/09/2024 00:00:00|TRF|03/03/2026 00:00:00
|20123181|8718696820742|TRF|25/06/2024 00:00:00|TRF|03/03/2026 00:00:00
|20123256|8999999584733|TRF|25/02/2025 00:00:00|TRF|03/03/2026 00:00:00
|20123261|00194735076222|TRF|23/02/2025 00:00:00|TRF|03/03/2026 00:00:00
|20123261|0194735076222|TRF|23/02/2025 00:00:00|TRF|03/03/2026 00:00:00
|20123261|194735076222|TRF|23/02/2025 00:00:00|TRF|03/03/2026 00:00:00
|20123268|8998824552107|TRF|12/06/2022 00:00:00|TRF|03/03/2026 00:00:00
|20123272|8998824552404|TRF|12/06/2022 00:00:00|TRF|03/03/2026 00:00:00
|20123283|8997079804511|TRF|10/06/2022 00:00:00|TRF|03/03/2026 00:00:00
|20123283|8997223733971|TRF|13/10/2022 00:00:00|TRF|03/03/2026 00:00:00
|20123284|8997079804535|TRF|10/06/2022 00:00:00|TRF|03/03/2026 00:00:00
|20123284|8997223734053|TRF|13/10/2022 00:00:00|TRF|03/03/2026 00:00:00
|20123322|8998866202893|TRF|10/06/2022 00:00:00|TRF|03/03/2026 00:00:00
|20123338|8999999561598|TRF|16/03/2024 00:00:00|TRF|03/03/2026 00:00:00
|20123353|8991712001374|TRF|23/02/2025 00:00:00|TRF|03/03/2026 00:00:00
|20123353|8991712001978|TRF|22/05/2025 00:00:00|TRF|03/03/2026 00:00:00
|20123353|8991712002562|TRF|23/02/2025 00:00:00|TRF|03/03/2026 00:00:00
|20123353|8991712002661|TRF|22/05/2025 00:00:00|TRF|03/03/2026 00:00:00
|20123353|8991712003446|TRF|22/05/2025 00:00:00|TRF|03/03/2026 00:00:00
|20123361|8991748001836|TRF|23/08/2022 00:00:00|TRF|03/03/2026 00:00:00
|20123404|8999999567705|TRF|12/12/2023 00:00:00|TRF|03/03/2026 00:00:00
|20123404|8999999597481|TRF|12/12/2023 00:00:00|TRF|03/03/2026 00:00:00
|20123451|8993137728638|TRF|27/06/2022 00:00:00|TRF|03/03/2026 00:00:00
|20123496|0071662026653|TRF|15/06/2022 00:00:00|TRF|03/03/2026 00:00:00
|20123500|8992761111687|TRF|26/06/2022 00:00:00|TRF|03/03/2026 00:00:00
|20123524|8999999583514|TRF|12/12/2023 00:00:00|TRF|03/03/2026 00:00:00
|20123564|8992727008501|TRF|14/06/2022 00:00:00|TRF|03/03/2026 00:00:00
|20123565|8997214298847|TRF|23/02/2025 00:00:00|TRF|03/03/2026 00:00:00
|20123581|043995|TRF|28/02/2025 00:00:00|TRF|03/03/2026 00:00:00
|20123694|8997033560842|TRF|28/02/2025 00:00:00|TRF|03/03/2026 00:00:00
|20123700|4987176092267|TRF|07/08/2023 00:00:00|TRF|03/03/2026 00:00:00
|20123708|8997221550549|TRF|28/02/2025 00:00:00|TRF|03/03/2026 00:00:00
|20123763|8994096226456|TRF|21/06/2022 00:00:00|TRF|03/03/2026 00:00:00
|20123796|8998866108058|TRF|27/06/2022 00:00:00|TRF|03/03/2026 00:00:00
|20123803|8991102027069|TRF|25/07/2022 00:00:00|TRF|03/03/2026 00:00:00
|20123812|8998866622394|TRF|28/11/2023 00:00:00|TRF|03/03/2026 00:00:00
|20123818|8998866623773|TRF|27/06/2022 00:00:00|TRF|03/03/2026 00:00:00
|20124030|0000120134005|TRF|28/02/2025 00:00:00|TRF|03/03/2026 00:00:00
|20124030|8997012123075|TRF|28/02/2025 00:00:00|TRF|03/03/2026 00:00:00
|20124030|V000120JP1|TRF|28/02/2025 00:00:00|TRF|03/03/2026 00:00:00
|20124037|8991906102009|TRF|17/09/2022 00:00:00|TRF|03/03/2026 00:00:00
|20124057|00194735023837|TRF|23/02/2025 00:00:00|TRF|03/03/2026 00:00:00
|20124057|0194735023837|TRF|23/02/2025 00:00:00|TRF|03/03/2026 00:00:00
|20124057|194735023837|TRF|23/02/2025 00:00:00|TRF|03/03/2026 00:00:00
|20124062|039524|TRF|29/06/2022 00:00:00|TRF|03/03/2026 00:00:00
|20124170|8997223480776|TRF|17/08/2022 00:00:00|TRF|03/03/2026 00:00:00
|20124231|8997021872148|TRF|09/08/2022 00:00:00|TRF|03/03/2026 00:00:00
|20124277|8991502730287|TRF|25/10/2025 00:00:00|TRF|03/03/2026 00:00:00
|20124277|8991502730316|TRF|20/02/2026 00:00:00|TRF|03/03/2026 00:00:00
|20124279|6947912564555|TRF|23/02/2025 00:00:00|TRF|03/03/2026 00:00:00
|20124280|6947912564524|TRF|23/02/2025 00:00:00|TRF|03/03/2026 00:00:00
|20124283|6947912564548|TRF|23/02/2025 00:00:00|TRF|03/03/2026 00:00:00
|20124283|6947912680545|TRF|23/02/2025 00:00:00|TRF|03/03/2026 00:00:00
|20124284|6947912564494|TRF|23/02/2025 00:00:00|TRF|03/03/2026 00:00:00
|20124284|6947912670812|TRF|23/02/2025 00:00:00|TRF|03/03/2026 00:00:00
|20124284|6947912680514|TRF|23/02/2025 00:00:00|TRF|03/03/2026 00:00:00
|20124287|8994993018222|TRF|11/07/2022 00:00:00|TRF|03/03/2026 00:00:00
|20124289|8992952954123|TRF|19/02/2026 00:00:00|TRF|03/03/2026 00:00:00
|20124298|8998777145371|TRF|13/07/2022 00:00:00|TRF|03/03/2026 00:00:00
|20124309|0778988191330|TRF|23/02/2025 00:00:00|TRF|03/03/2026 00:00:00
|20124335|8992982600090|TRF|26/07/2022 00:00:00|TRF|03/03/2026 00:00:00
|20124346|8998899996080|TRF|16/03/2024 00:00:00|TRF|03/03/2026 00:00:00
|20124352|043998|TRF|28/02/2025 00:00:00|TRF|03/03/2026 00:00:00
|20124353|044076|TRF|28/02/2025 00:00:00|TRF|03/03/2026 00:00:00
|20124402|8992802067027|TRF|27/10/2022 00:00:00|TRF|03/03/2026 00:00:00
|20124402|8992802067140|TRF|27/10/2022 00:00:00|TRF|03/03/2026 00:00:00
|20124409|8992702070202|TRF|25/07/2022 00:00:00|TRF|03/03/2026 00:00:00
|20124418|8992857130752|TRF|23/02/2025 00:00:00|TRF|03/03/2026 00:00:00
|20124423|7622210789129|TRF|27/07/2022 00:00:00|TRF|03/03/2026 00:00:00
|20124434|8992946533082|TRF|28/07/2022 00:00:00|TRF|03/03/2026 00:00:00
|20124472|8992846224172|TRF|27/04/2024 00:00:00|TRF|03/03/2026 00:00:00
|20124567|8998866203272|TRF|28/07/2022 00:00:00|TRF|03/03/2026 00:00:00
|20124603|042800|TRF|17/11/2022 00:00:00|TRF|03/03/2026 00:00:00
|20124621|042471|TRF|28/07/2022 00:00:00|TRF|03/03/2026 00:00:00
|20124631|8993189381966|TRF|25/02/2025 00:00:00|TRF|03/03/2026 00:00:00
|20124707|8992775004357|TRF|28/10/2022 00:00:00|TRF|03/03/2026 00:00:00
|20124713|8994171102477|TRF|25/08/2022 00:00:00|TRF|03/03/2026 00:00:00
|20124726|8994096226517|TRF|26/10/2022 00:00:00|TRF|03/03/2026 00:00:00
|20124745|8993110002571|TRF|12/08/2022 00:00:00|TRF|03/03/2026 00:00:00
|20124746|8993110002564|TRF|12/08/2022 00:00:00|TRF|03/03/2026 00:00:00
|20124758|8992003787359|TRF|15/08/2022 00:00:00|TRF|03/03/2026 00:00:00
|20124786|8992779447303|TRF|23/02/2025 00:00:00|TRF|03/03/2026 00:00:00
|20124789|8999777017859|TRF|18/10/2022 00:00:00|TRF|03/03/2026 00:00:00
|20124826|8993163505135|TRF|12/02/2023 00:00:00|TRF|03/03/2026 00:00:00
|20124837|8992858245912|TRF|18/08/2022 00:00:00|TRF|03/03/2026 00:00:00
|20124850|8992857130776|TRF|27/10/2022 00:00:00|TRF|03/03/2026 00:00:00
|20124879|5051644068548|TRF|22/08/2022 00:00:00|TRF|03/03/2026 00:00:00
|20124895|8994755030998|TRF|26/06/2023 00:00:00|TRF|03/03/2026 00:00:00
|20124898|8885019061684|TRF|19/04/2023 00:00:00|TRF|03/03/2026 00:00:00
|20124899|8885019061660|TRF|19/04/2023 00:00:00|TRF|03/03/2026 00:00:00
|20124903|0089686611182|TRF|28/10/2022 00:00:00|TRF|03/03/2026 00:00:00
|20124914|8991001113023|TRF|03/01/2023 00:00:00|TRF|03/03/2026 00:00:00
|20124983|5051644068524|TRF|25/08/2022 00:00:00|TRF|03/03/2026 00:00:00
|20124984|5051644068531|TRF|25/08/2022 00:00:00|TRF|03/03/2026 00:00:00
|20125028|8997241500241|TRF|28/02/2025 00:00:00|TRF|03/03/2026 00:00:00
|20125041|8999908909305|TRF|25/02/2025 00:00:00|TRF|03/03/2026 00:00:00
|20125042|8999908909404|TRF|09/07/2024 00:00:00|TRF|03/03/2026 00:00:00
|20125050|8850477005488|TRF|05/09/2022 00:00:00|TRF|03/03/2026 00:00:00
|20125062|8993007006835|TRF|02/09/2022 00:00:00|TRF|03/03/2026 00:00:00
|20125077|8997204670547|TRF|07/09/2022 00:00:00|TRF|03/03/2026 00:00:00
|20125097|8998009800016|TRF|03/05/2024 00:00:00|TRF|03/03/2026 00:00:00
|20125115|9556001299154|TRF|09/10/2024 00:00:00|TRF|03/03/2026 00:00:00
|20125118|8999999582661|TRF|19/09/2022 00:00:00|TRF|03/03/2026 00:00:00
|20125126|9556001299178|TRF|02/10/2024 00:00:00|TRF|03/03/2026 00:00:00
|20125156|8992856906327|TRF|20/09/2022 00:00:00|TRF|03/03/2026 00:00:00
|20125157|8992856906310|TRF|20/09/2022 00:00:00|TRF|03/03/2026 00:00:00
|20125158|8992856906273|TRF|19/09/2022 00:00:00|TRF|03/03/2026 00:00:00
|20125168|8851932439336|TRF|12/09/2022 00:00:00|TRF|03/03/2026 00:00:00
|20125172|8999999588885|TRF|12/09/2022 00:00:00|TRF|03/03/2026 00:00:00
|20125182|039139|TRF|23/02/2025 00:00:00|TRF|03/03/2026 00:00:00
|20125216|043560|TRF|26/01/2025 00:00:00|TRF|03/03/2026 00:00:00
|20125388|8997004302952|TRF|26/09/2022 00:00:00|TRF|03/03/2026 00:00:00
|20125389|8994834007354|TRF|28/10/2022 00:00:00|TRF|03/03/2026 00:00:00
|20125391|8998866622578|TRF|22/09/2022 00:00:00|TRF|03/03/2026 00:00:00
|20125392|8997209482930|TRF|14/03/2024 00:00:00|TRF|03/03/2026 00:00:00
|20125483|8998866108874|TRF|20/10/2025 00:00:00|TRF|03/03/2026 00:00:00
|20125494|8992959971253|TRF|26/09/2022 00:00:00|TRF|03/03/2026 00:00:00
|20125542|8993137723756|TRF|26/09/2022 00:00:00|TRF|03/03/2026 00:00:00
|20125555|8998866203579|TRF|22/10/2022 00:00:00|TRF|03/03/2026 00:00:00
|20125564|043867|TRF|28/02/2025 00:00:00|TRF|03/03/2026 00:00:00
|20125580|8998866203494|TRF|28/10/2022 00:00:00|TRF|03/03/2026 00:00:00
|20125584|8992994110143|TRF|28/09/2022 00:00:00|TRF|03/03/2026 00:00:00
|20125603|8992907996390|TRF|30/09/2022 00:00:00|TRF|03/03/2026 00:00:00
|20125604|8992907996413|TRF|30/09/2022 00:00:00|TRF|03/03/2026 00:00:00
|20125605|8992907996406|TRF|30/09/2022 00:00:00|TRF|03/03/2026 00:00:00
|20125623|8999999586713|TRF|30/09/2022 00:00:00|TRF|03/03/2026 00:00:00
|20125628|8994251001409|TRF|10/10/2022 00:00:00|TRF|03/03/2026 00:00:00
|20125633|8991002101968|TRF|14/10/2022 00:00:00|TRF|03/03/2026 00:00:00
|20125638|0749921011589|TRF|16/03/2024 00:00:00|TRF|03/03/2026 00:00:00
|20125676|899990900700|TRF|26/03/2024 00:00:00|TRF|03/03/2026 00:00:00
|20125676|8999909007000|TRF|26/03/2024 00:00:00|TRF|03/03/2026 00:00:00
|20125690|8994096226609|TRF|10/10/2022 00:00:00|TRF|03/03/2026 00:00:00
|20125692|8994096226548|TRF|27/10/2022 00:00:00|TRF|03/03/2026 00:00:00
|20125696|8998288120959|TRF|06/11/2025 00:00:00|TRF|03/03/2026 00:00:00
|20125750|8992806036647|TRF|23/02/2025 00:00:00|TRF|03/03/2026 00:00:00
|20125752|8994209001581|TRF|16/09/2025 00:00:00|TRF|03/03/2026 00:00:00
|20125783|8993007003926|TRF|27/10/2022 00:00:00|TRF|03/03/2026 00:00:00
|20125788|8999908915801|TRF|17/07/2024 00:00:00|TRF|03/03/2026 00:00:00
|20125790|8999908916600|TRF|17/07/2024 00:00:00|TRF|03/03/2026 00:00:00
|20125797|8992952955830|TRF|17/11/2025 00:00:00|TRF|03/03/2026 00:00:00
|20125849|6936756230603|TRF|26/10/2022 00:00:00|TRF|03/03/2026 00:00:00
|20125852|8999999586904|TRF|18/10/2022 00:00:00|TRF|03/03/2026 00:00:00
|20125852|8999999613150|TRF|27/08/2025 00:00:00|TRF|03/03/2026 00:00:00
|20125893|8991380023777|TRF|18/10/2022 00:00:00|TRF|03/03/2026 00:00:00
|20125943|043820|TRF|28/02/2025 00:00:00|TRF|03/03/2026 00:00:00
|20125992|8994096112667|TRF|08/07/2025 00:00:00|TRF|03/03/2026 00:00:00
|20125992|8994096112674|TRF|08/07/2025 00:00:00|TRF|03/03/2026 00:00:00
|20125992|8994096226814|TRF|08/07/2025 00:00:00|TRF|03/03/2026 00:00:00
|20126000|0194735039173|TRF|23/02/2025 00:00:00|TRF|03/03/2026 00:00:00
|20126003|0089686700008|TRF|04/11/2022 00:00:00|TRF|03/03/2026 00:00:00
|20126004|0089686150018|TRF|27/10/2022 00:00:00|TRF|03/03/2026 00:00:00
|20126042|8994112600161|TRF|26/10/2022 00:00:00|TRF|03/03/2026 00:00:00
|20126042|8994112600192|TRF|20/02/2023 00:00:00|TRF|03/03/2026 00:00:00
|20126125|0089686067019|TRF|16/11/2022 00:00:00|TRF|03/03/2026 00:00:00
|20126193|8993007006859|TRF|07/11/2022 00:00:00|TRF|03/03/2026 00:00:00
|20126200|8885013131963|TRF|04/11/2022 00:00:00|TRF|03/03/2026 00:00:00
|20126307|8999168211583|TRF|22/06/2023 00:00:00|TRF|03/03/2026 00:00:00
|20126392|8859272204669|TRF|23/02/2025 00:00:00|TRF|03/03/2026 00:00:00
|20126401|8998389121626|TRF|10/11/2022 00:00:00|TRF|03/03/2026 00:00:00
|20126424|8997032680862|TRF|16/01/2023 00:00:00|TRF|03/03/2026 00:00:00
|20126464|8994985000419|TRF|24/11/2022 00:00:00|TRF|03/03/2026 00:00:00
|20126489|8993200668243|TRF|21/11/2022 00:00:00|TRF|03/03/2026 00:00:00
|20126490|4897088977821|TRF|23/02/2025 00:00:00|TRF|03/03/2026 00:00:00
|20126513|8886457695134|TRF|23/02/2025 00:00:00|TRF|03/03/2026 00:00:00
|20126521|8994096226821|TRF|25/11/2022 00:00:00|TRF|03/03/2026 00:00:00
|20126522|8997226240612|TRF|09/10/2025 00:00:00|TRF|03/03/2026 00:00:00
|20126525|8999999589400|TRF|22/11/2022 00:00:00|TRF|03/03/2026 00:00:00
|20126527|8997206771273|TRF|24/11/2022 00:00:00|TRF|03/03/2026 00:00:00
|20126648|8996001600801|TRF|16/03/2024 00:00:00|TRF|03/03/2026 00:00:00
|20126683|8885013131772|TRF|01/12/2022 00:00:00|TRF|03/03/2026 00:00:00
|20126740|8999999586331|TRF|29/12/2022 00:00:00|TRF|03/03/2026 00:00:00
|20126742|8992959508701|TRF|14/02/2023 00:00:00|TRF|03/03/2026 00:00:00
|20126805|8997226225190|TRF|02/05/2023 00:00:00|TRF|03/03/2026 00:00:00
|20126807|8997226225213|TRF|14/02/2023 00:00:00|TRF|03/03/2026 00:00:00
|20126897|8992982700042|TRF|09/12/2022 00:00:00|TRF|03/03/2026 00:00:00
|20126940|8994125000798|TRF|23/02/2025 00:00:00|TRF|03/03/2026 00:00:00
|20126960|8993110002960|TRF|30/01/2023 00:00:00|TRF|03/03/2026 00:00:00
|20126993|8997015102770|TRF|23/02/2025 00:00:00|TRF|03/03/2026 00:00:00
|20127047|049302|TRF|10/07/2023 00:00:00|TRF|03/03/2026 00:00:00
|20127064|8998183606480|TRF|13/05/2025 00:00:00|TRF|03/03/2026 00:00:00
|20127065|8998866107303|TRF|26/12/2022 00:00:00|TRF|03/03/2026 00:00:00
|20127235|6972885463901|TRF|23/02/2025 00:00:00|TRF|03/03/2026 00:00:00
|20127235|6972885463918|TRF|23/02/2025 00:00:00|TRF|03/03/2026 00:00:00
|20127239|8993200668984|TRF|28/12/2022 00:00:00|TRF|03/03/2026 00:00:00
|20127276|8994171102279|TRF|27/12/2022 00:00:00|TRF|03/03/2026 00:00:00
|20127302|8992952955090|TRF|26/12/2022 00:00:00|TRF|03/03/2026 00:00:00
|20127437|8998866106870|TRF|02/01/2023 00:00:00|TRF|03/03/2026 00:00:00
|20127466|8993883800015|TRF|02/01/2023 00:00:00|TRF|03/03/2026 00:00:00
|20127476|8994993019656|TRF|09/01/2023 00:00:00|TRF|03/03/2026 00:00:00
|20127481|8992946533426|TRF|05/01/2023 00:00:00|TRF|03/03/2026 00:00:00
|20127483|8992775004593|TRF|09/01/2023 00:00:00|TRF|03/03/2026 00:00:00
|20127570|0000120134227|TRF|28/02/2025 00:00:00|TRF|03/03/2026 00:00:00
|20127571|0000120134210|TRF|28/02/2025 00:00:00|TRF|03/03/2026 00:00:00
|20127573|8994096226722|TRF|27/04/2023 00:00:00|TRF|03/03/2026 00:00:00
|20127575|8994096226746|TRF|23/02/2025 00:00:00|TRF|03/03/2026 00:00:00
|20127597|026874|TRF|12/07/2023 00:00:00|TRF|03/03/2026 00:00:00
|20127599|8992907996482|TRF|09/01/2023 00:00:00|TRF|03/03/2026 00:00:00
|20127600|8998866109727|TRF|09/01/2023 00:00:00|TRF|03/03/2026 00:00:00
|20127602|8997878003146|TRF|16/05/2024 00:00:00|TRF|03/03/2026 00:00:00
|20127694|8994096226708|TRF|23/02/2025 00:00:00|TRF|03/03/2026 00:00:00
|20127735|8993007007047|TRF|09/01/2023 00:00:00|TRF|03/03/2026 00:00:00
|20127761|8992775004548|TRF|16/01/2023 00:00:00|TRF|03/03/2026 00:00:00
|20127763|8888327832045|TRF|17/01/2023 00:00:00|TRF|03/03/2026 00:00:00
|20127764|8801043061674|TRF|17/01/2023 00:00:00|TRF|03/03/2026 00:00:00
|20127783|8994099113562|TRF|23/02/2025 00:00:00|TRF|03/03/2026 00:00:00
|20127820|8801073115798|TRF|16/01/2023 00:00:00|TRF|03/03/2026 00:00:00
|20127829|8997241500258|TRF|28/02/2025 00:00:00|TRF|03/03/2026 00:00:00
|20127835|8998898923704|TRF|02/02/2023 00:00:00|TRF|03/03/2026 00:00:00
|20128049|4987176132499|TRF|25/02/2025 00:00:00|TRF|03/03/2026 00:00:00
|20128084|8999909004887|TRF|23/03/2024 00:00:00|TRF|03/03/2026 00:00:00
|20128085|8997013660067|TRF|23/03/2024 00:00:00|TRF|03/03/2026 00:00:00
|20128086|8999909004757|TRF|23/03/2024 00:00:00|TRF|03/03/2026 00:00:00
|20128087|8999909004450|TRF|23/03/2024 00:00:00|TRF|03/03/2026 00:00:00
|20128089|8997013660166|TRF|23/03/2024 00:00:00|TRF|03/03/2026 00:00:00
|20128109|047793|TRF|05/04/2023 00:00:00|TRF|03/03/2026 00:00:00
|20128110|047796|TRF|05/04/2023 00:00:00|TRF|03/03/2026 00:00:00
|20128125|8994096226777|TRF|23/02/2025 00:00:00|TRF|03/03/2026 00:00:00
|20128126|8992856906822|TRF|13/06/2024 00:00:00|TRF|03/03/2026 00:00:00
|20128131|047784|TRF|01/08/2025 00:00:00|TRF|03/03/2026 00:00:00
|20128132|8998899995397|TRF|30/01/2023 00:00:00|TRF|03/03/2026 00:00:00
|20128233|8992388145324|TRF|17/02/2023 00:00:00|TRF|03/03/2026 00:00:00
|20128242|8995102708591|TRF|10/02/2023 00:00:00|TRF|03/03/2026 00:00:00
|20128243|8995102708621|TRF|10/02/2023 00:00:00|TRF|03/03/2026 00:00:00
|20128245|0089686386257|TRF|23/02/2025 00:00:00|TRF|03/03/2026 00:00:00
|20128246|0089686386226|TRF|23/02/2025 00:00:00|TRF|03/03/2026 00:00:00
|20128247|8992982800087|TRF|10/02/2023 00:00:00|TRF|03/03/2026 00:00:00
|20128248|0089686386189|TRF|10/02/2023 00:00:00|TRF|03/03/2026 00:00:00
|20128291|8994096226791|TRF|14/02/2023 00:00:00|TRF|03/03/2026 00:00:00
|20128374|8999999588182|TRF|15/02/2023 00:00:00|TRF|03/03/2026 00:00:00
|20128375|6945882990022|TRF|08/06/2023 00:00:00|TRF|03/03/2026 00:00:00
|20128377|8990114000602|TRF|02/02/2026 00:00:00|TRF|03/03/2026 00:00:00
|20128377|8998009972676|TRF|09/02/2023 00:00:00|TRF|03/03/2026 00:00:00
|20128378|8993988111085|TRF|08/03/2023 00:00:00|TRF|03/03/2026 00:00:00
|20128379|8998838292174|TRF|08/03/2023 00:00:00|TRF|03/03/2026 00:00:00
|20128381|0089686040098|TRF|26/02/2023 00:00:00|TRF|03/03/2026 00:00:00
|20128411|7775424|TRF|25/10/2025 00:00:00|TRF|03/03/2026 00:00:00
|20128411|8991502730293|TRF|20/02/2026 00:00:00|TRF|03/03/2026 00:00:00
|20128415|8994209001796|TRF|11/02/2023 00:00:00|TRF|03/03/2026 00:00:00
|20128423|6947912670300|TRF|23/02/2025 00:00:00|TRF|03/03/2026 00:00:00
|20128424|6947912670317|TRF|23/02/2025 00:00:00|TRF|03/03/2026 00:00:00
|20128424|6947912670324|TRF|23/02/2025 00:00:00|TRF|03/03/2026 00:00:00
|20128424|6947912680507|TRF|23/02/2025 00:00:00|TRF|03/03/2026 00:00:00
|20128424|6947912686882|TRF|23/02/2025 00:00:00|TRF|03/03/2026 00:00:00
|20128424|6947912714158|TRF|22/04/2025 00:00:00|TRF|03/03/2026 00:00:00
|20128425|6947912670331|TRF|23/02/2025 00:00:00|TRF|03/03/2026 00:00:00
|20128425|6947912670348|TRF|23/02/2025 00:00:00|TRF|03/03/2026 00:00:00
|20128427|0089686611151|TRF|14/02/2023 00:00:00|TRF|03/03/2026 00:00:00
|20128430|8993417307218|TRF|16/02/2023 00:00:00|TRF|03/03/2026 00:00:00
|20128440|8992870712034|TRF|01/03/2023 00:00:00|TRF|03/03/2026 00:00:00
|20128470|8997217370854|TRF|03/07/2024 00:00:00|TRF|03/03/2026 00:00:00
|20128517|8995077606496|TRF|20/06/2024 00:00:00|TRF|03/03/2026 00:00:00
|20128556|8994096226906|TRF|23/02/2025 00:00:00|TRF|03/03/2026 00:00:00
|20128557|8994096226883|TRF|23/02/2025 00:00:00|TRF|03/03/2026 00:00:00
|20128561|8994096226562|TRF|17/02/2023 00:00:00|TRF|03/03/2026 00:00:00
|20128683|8991102654548|TRF|21/02/2023 00:00:00|TRF|03/03/2026 00:00:00
|20128687|8994112600208|TRF|21/02/2023 00:00:00|TRF|03/03/2026 00:00:00
|20128689|8994125000903|TRF|23/02/2025 00:00:00|TRF|03/03/2026 00:00:00
|20128695|0745114272737|TRF|23/02/2025 00:00:00|TRF|03/03/2026 00:00:00
|20128696|0745114272065|TRF|23/02/2025 00:00:00|TRF|03/03/2026 00:00:00
|20128697|0745114273017|TRF|23/02/2025 00:00:00|TRF|03/03/2026 00:00:00
|20128706|8998866624008|TRF|16/03/2024 00:00:00|TRF|03/03/2026 00:00:00
|20128710|8996001401224|TRF|23/02/2025 00:00:00|TRF|03/03/2026 00:00:00
|20128711|8998899996141|TRF|01/03/2023 00:00:00|TRF|03/03/2026 00:00:00
|20128713|8992772915007|TRF|09/03/2023 00:00:00|TRF|03/03/2026 00:00:00
|20128719|8998866808248|TRF|16/03/2024 00:00:00|TRF|03/03/2026 00:00:00
|20128720|8998866622950|TRF|20/02/2025 00:00:00|TRF|03/03/2026 00:00:00
|20128754|8992753722693|TRF|02/03/2023 00:00:00|TRF|03/03/2026 00:00:00
|20128794|8992696525399|TRF|02/03/2023 00:00:00|TRF|03/03/2026 00:00:00
|20128809|8710103910732|TRF|26/12/2023 00:00:00|TRF|03/03/2026 00:00:00
|20128815|8994096111509|TRF|08/10/2024 00:00:00|TRF|03/03/2026 00:00:00
|20128815|8997017380640|TRF|09/03/2023 00:00:00|TRF|03/03/2026 00:00:00
|20128818|8997035601635|TRF|23/02/2025 00:00:00|TRF|03/03/2026 00:00:00
|20128821|8992761002060|TRF|10/03/2023 00:00:00|TRF|03/03/2026 00:00:00
|20128853|8994991004425|TRF|15/12/2025 00:00:00|TRF|03/03/2026 00:00:00
|20128874|8710103883425|TRF|23/02/2025 00:00:00|TRF|03/03/2026 00:00:00
|20128894|8992727008877|TRF|27/03/2023 00:00:00|TRF|03/03/2026 00:00:00
|20128918|8998866203531|TRF|16/03/2023 00:00:00|TRF|03/03/2026 00:00:00
|20128919|8999999571993|TRF|28/03/2023 00:00:00|TRF|03/03/2026 00:00:00
|20128951|8997016222989|TRF|13/03/2023 00:00:00|TRF|03/03/2026 00:00:00
|20128957|8999999590093|TRF|13/03/2023 00:00:00|TRF|03/03/2026 00:00:00
|20128957|8999999605865|TRF|10/12/2024 00:00:00|TRF|03/03/2026 00:00:00
|20128963|4806520412868|TRF|13/03/2023 00:00:00|TRF|03/03/2026 00:00:00
|20128974|8993163502059|TRF|11/01/2024 00:00:00|TRF|03/03/2026 00:00:00
|20128986|8993207223131|TRF|16/03/2023 00:00:00|TRF|03/03/2026 00:00:00
|20129005|8886457650089|TRF|13/03/2023 00:00:00|TRF|03/03/2026 00:00:00
|20129005|8886457666226|TRF|11/11/2025 00:00:00|TRF|03/03/2026 00:00:00
|20129014|8997016223351|TRF|27/03/2023 00:00:00|TRF|03/03/2026 00:00:00
|20129035|8993110002953|TRF|27/03/2023 00:00:00|TRF|03/03/2026 00:00:00
|20129036|8997204440737|TRF|16/03/2023 00:00:00|TRF|03/03/2026 00:00:00
|20129093|8991998116366|TRF|03/04/2023 00:00:00|TRF|03/03/2026 00:00:00
|20129102|8997240600256|TRF|24/03/2023 00:00:00|TRF|03/03/2026 00:00:00
|20129108|8997240600348|TRF|24/03/2023 00:00:00|TRF|03/03/2026 00:00:00
|20129109|8993200667246|TRF|02/04/2023 00:00:00|TRF|03/03/2026 00:00:00
|20129111|8993200665372|TRF|02/04/2023 00:00:00|TRF|03/03/2026 00:00:00
|20129123|8997240600263|TRF|29/03/2023 00:00:00|TRF|03/03/2026 00:00:00
|20129123|8997240600294|TRF|24/03/2023 00:00:00|TRF|03/03/2026 00:00:00
|20129129|8997208072590|TRF|03/04/2023 00:00:00|TRF|03/03/2026 00:00:00
|20129130|8997208072361|TRF|03/04/2023 00:00:00|TRF|03/03/2026 00:00:00
|20129160|8999999571955|TRF|16/03/2024 00:00:00|TRF|03/03/2026 00:00:00
|20129197|8995899595039|TRF|23/02/2025 00:00:00|TRF|03/03/2026 00:00:00
|20129201|0089686723076|TRF|30/03/2023 00:00:00|TRF|03/03/2026 00:00:00
|20129224|8992982600076|TRF|11/04/2023 00:00:00|TRF|03/03/2026 00:00:00
|20129243|0194735148769|TRF|06/03/2024 00:00:00|TRF|03/03/2026 00:00:00
|20129264|8997230801113|TRF|04/04/2023 00:00:00|TRF|03/03/2026 00:00:00
|20129265|8997230801137|TRF|04/04/2023 00:00:00|TRF|03/03/2026 00:00:00
|20129287|0189686648017|TRF|11/04/2023 00:00:00|TRF|03/03/2026 00:00:00
|20129287|189686648017|TRF|26/06/2023 00:00:00|TRF|03/03/2026 00:00:00
|20129288|0189686648024|TRF|11/04/2023 00:00:00|TRF|03/03/2026 00:00:00
|20129288|189686648024|TRF|26/06/2023 00:00:00|TRF|03/03/2026 00:00:00
|20129289|8999777004316|TRF|09/04/2023 00:00:00|TRF|03/03/2026 00:00:00
|20129370|8999999571931|TRF|17/04/2023 00:00:00|TRF|03/03/2026 00:00:00
|20129404|8992870712133|TRF|16/05/2023 00:00:00|TRF|03/03/2026 00:00:00
|20129405|4987176118158|TRF|23/02/2025 00:00:00|TRF|03/03/2026 00:00:00
|20129409|8993175550932|TRF|09/05/2023 00:00:00|TRF|03/03/2026 00:00:00
|20129436|8998866203555|TRF|18/11/2023 00:00:00|TRF|03/03/2026 00:00:00
|20129462|8994096226845|TRF|23/02/2025 00:00:00|TRF|03/03/2026 00:00:00
|20129466|8992982401703|TRF|23/10/2023 00:00:00|TRF|03/03/2026 00:00:00
|20129486|040210|TRF|12/07/2023 00:00:00|TRF|03/03/2026 00:00:00
|20129489|8992858588514|TRF|14/05/2024 00:00:00|TRF|03/03/2026 00:00:00
|20129490|8997017642878|TRF|03/05/2023 00:00:00|TRF|03/03/2026 00:00:00
|20129494|8997016223702|TRF|08/05/2023 00:00:00|TRF|03/03/2026 00:00:00
|20129495|8997016223719|TRF|08/05/2023 00:00:00|TRF|03/03/2026 00:00:00
|20129505|8991682000964|TRF|02/05/2023 00:00:00|TRF|03/03/2026 00:00:00
|20129555|501099395369|TRF|23/02/2025 00:00:00|TRF|03/03/2026 00:00:00
|20129555|5010993953691|TRF|23/02/2025 00:00:00|TRF|03/03/2026 00:00:00
|20129559|8997017380602|TRF|10/05/2023 00:00:00|TRF|03/03/2026 00:00:00
|20129560|8997017380626|TRF|10/05/2023 00:00:00|TRF|03/03/2026 00:00:00
|20129561|8997017380565|TRF|10/05/2023 00:00:00|TRF|03/03/2026 00:00:00
|20129562|8997017380589|TRF|10/05/2023 00:00:00|TRF|03/03/2026 00:00:00
|20129570|8998288121048|TRF|12/05/2023 00:00:00|TRF|03/03/2026 00:00:00
|20129572|8992775004524|TRF|09/05/2023 00:00:00|TRF|03/03/2026 00:00:00
|20129578|8992222056885|TRF|24/05/2023 00:00:00|TRF|03/03/2026 00:00:00
|20129580|8992222056908|TRF|24/05/2023 00:00:00|TRF|03/03/2026 00:00:00
|20129581|8992222056892|TRF|24/05/2023 00:00:00|TRF|03/03/2026 00:00:00
|20129599|8999999587499|TRF|09/05/2023 00:00:00|TRF|03/03/2026 00:00:00
|20129635|8999999593803|TRF|09/05/2023 00:00:00|TRF|03/03/2026 00:00:00
|20129646|040000|TRF|11/08/2023 00:00:00|TRF|03/03/2026 00:00:00
|20129700|8993379261856|TRF|08/08/2023 00:00:00|TRF|03/03/2026 00:00:00
|20129702|8993379261863|TRF|08/08/2023 00:00:00|TRF|03/03/2026 00:00:00
|20129720|8992741983082|TRF|02/06/2023 00:00:00|TRF|03/03/2026 00:00:00
|20129722|8993335529730|TRF|12/06/2023 00:00:00|TRF|03/03/2026 00:00:00
|20129757|8992770096722|TRF|13/06/2023 00:00:00|TRF|03/03/2026 00:00:00
|20129773|8999908849601|TRF|02/06/2023 00:00:00|TRF|03/03/2026 00:00:00
|20129787|8993200668915|TRF|25/05/2023 00:00:00|TRF|03/03/2026 00:00:00
|20129811|8994451700003|TRF|02/06/2023 00:00:00|TRF|03/03/2026 00:00:00
|20129812|8994451700010|TRF|02/06/2023 00:00:00|TRF|03/03/2026 00:00:00
|20129814|8997878700267|TRF|26/06/2023 00:00:00|TRF|03/03/2026 00:00:00
|20129821|8999999595647|TRF|29/05/2023 00:00:00|TRF|03/03/2026 00:00:00
|20129822|8990021102017|TRF|23/02/2025 00:00:00|TRF|03/03/2026 00:00:00
|20129822|8990021102529|TRF|23/02/2025 00:00:00|TRF|03/03/2026 00:00:00
|20129832|4897019586955|TRF|15/12/2025 00:00:00|TRF|03/03/2026 00:00:00
|20129837|8994096227170|TRF|08/06/2023 00:00:00|TRF|03/03/2026 00:00:00
|20129838|8998866624138|TRF|11/06/2023 00:00:00|TRF|03/03/2026 00:00:00
|20129840|8994096226197|TRF|13/06/2023 00:00:00|TRF|03/03/2026 00:00:00
|20129841|8994096226173|TRF|13/06/2023 00:00:00|TRF|03/03/2026 00:00:00
|20129863|8994755020531|TRF|11/06/2023 00:00:00|TRF|03/03/2026 00:00:00
|20129925|8997230801212|TRF|26/01/2025 00:00:00|TRF|03/03/2026 00:00:00
|20129926|8997230801250|TRF|26/01/2025 00:00:00|TRF|03/03/2026 00:00:00
|20129927|8997230801236|TRF|26/01/2025 00:00:00|TRF|03/03/2026 00:00:00
|20129931|8994099114040|TRF|23/02/2025 00:00:00|TRF|03/03/2026 00:00:00
|20129938|8995757043139|TRF|23/02/2025 00:00:00|TRF|03/03/2026 00:00:00
|20129961|8993004788840|TRF|12/06/2023 00:00:00|TRF|03/03/2026 00:00:00
|20129966|8996001600849|TRF|16/06/2023 00:00:00|TRF|03/03/2026 00:00:00
|20130007|8996001317037|TRF|26/06/2023 00:00:00|TRF|03/03/2026 00:00:00
|20130008|8994096227163|TRF|20/07/2023 00:00:00|TRF|03/03/2026 00:00:00
|20130034|8997240600393|TRF|18/03/2024 00:00:00|TRF|03/03/2026 00:00:00
|20130057|8999225906872|TRF|16/06/2023 00:00:00|TRF|03/03/2026 00:00:00
|20130057|8999225912866|TRF|16/07/2025 00:00:00|TRF|03/03/2026 00:00:00
|20130058|8999225906919|TRF|16/06/2023 00:00:00|TRF|03/03/2026 00:00:00
|20130058|8999225912859|TRF|16/07/2025 00:00:00|TRF|03/03/2026 00:00:00
|20130059|8999225906902|TRF|16/06/2023 00:00:00|TRF|03/03/2026 00:00:00
|20130060|8999225909316|TRF|16/06/2023 00:00:00|TRF|03/03/2026 00:00:00
|20130060|8999225912880|TRF|16/07/2025 00:00:00|TRF|03/03/2026 00:00:00
|20130066|0194735144884|TRF|23/02/2025 00:00:00|TRF|03/03/2026 00:00:00
|20130068|8999225909354|TRF|16/06/2023 00:00:00|TRF|03/03/2026 00:00:00
|20130070|8999225909330|TRF|16/06/2023 00:00:00|TRF|03/03/2026 00:00:00
|20130071|8999225911319|TRF|16/06/2023 00:00:00|TRF|03/03/2026 00:00:00
|20130071|8999225912958|TRF|27/02/2025 00:00:00|TRF|03/03/2026 00:00:00
|20130077|8998866500678|TRF|07/05/2025 00:00:00|TRF|03/03/2026 00:00:00
|20130078|8998866500685|TRF|07/05/2025 00:00:00|TRF|03/03/2026 00:00:00
|20130082|8993137703888|TRF|17/10/2023 00:00:00|TRF|03/03/2026 00:00:00
|20130147|8995108509901|TRF|26/06/2023 00:00:00|TRF|03/03/2026 00:00:00
|20130152|8997232970046|TRF|03/07/2023 00:00:00|TRF|03/03/2026 00:00:00
|20130159|7622210777768|TRF|03/07/2023 00:00:00|TRF|03/03/2026 00:00:00
|20130186|8993351122618|TRF|02/07/2023 00:00:00|TRF|03/03/2026 00:00:00
|20130188|8998824553012|TRF|02/03/2025 00:00:00|TRF|03/03/2026 00:00:00
|20130190|8993351122946|TRF|16/03/2024 00:00:00|TRF|03/03/2026 00:00:00
|20130191|8998824552398|TRF|31/10/2023 00:00:00|TRF|03/03/2026 00:00:00
|20130214|8992907996444|TRF|22/06/2023 00:00:00|TRF|03/03/2026 00:00:00
|20130215|8992907996437|TRF|22/06/2023 00:00:00|TRF|03/03/2026 00:00:00
|20130307|8993137716611|TRF|05/09/2023 00:00:00|TRF|03/03/2026 00:00:00
|20130309|8993137716628|TRF|05/09/2023 00:00:00|TRF|03/03/2026 00:00:00
|20130339|7638900851502|TRF|23/02/2025 00:00:00|TRF|03/03/2026 00:00:00
|20130343|7638900851489|TRF|23/02/2025 00:00:00|TRF|03/03/2026 00:00:00
|20130350|8851019210278|TRF|13/10/2025 00:00:00|TRF|03/03/2026 00:00:00
|20130354|8994985000433|TRF|21/07/2023 00:00:00|TRF|03/03/2026 00:00:00
|20130428|042704|TRF|27/07/2023 00:00:00|TRF|03/03/2026 00:00:00
|20130447|8995077606472|TRF|15/06/2024 00:00:00|TRF|03/03/2026 00:00:00
|20130454|8992775005422|TRF|17/07/2023 00:00:00|TRF|03/03/2026 00:00:00
|20130478|8992856907171|TRF|23/02/2025 00:00:00|TRF|03/03/2026 00:00:00
|20130511|8998866203838|TRF|17/07/2023 00:00:00|TRF|03/03/2026 00:00:00
|20130518|0749921020956|TRF|17/07/2023 00:00:00|TRF|03/03/2026 00:00:00
|20130527|8992727008945|TRF|28/11/2023 00:00:00|TRF|03/03/2026 00:00:00
|20130532|8997015102572|TRF|11/05/2024 00:00:00|TRF|03/03/2026 00:00:00
|20130532|8997015107799|TRF|07/08/2023 00:00:00|TRF|03/03/2026 00:00:00
|20130543|8998694121021|TRF|24/07/2023 00:00:00|TRF|03/03/2026 00:00:00
|20130547|8991001663467|TRF|24/07/2023 00:00:00|TRF|03/03/2026 00:00:00
|20130555|8993175557351|TRF|24/07/2023 00:00:00|TRF|03/03/2026 00:00:00
|20130556|6947912670843|TRF|23/02/2025 00:00:00|TRF|03/03/2026 00:00:00
|20130556|6947912713212|TRF|23/02/2025 00:00:00|TRF|03/03/2026 00:00:00
|20130614|045217|TRF|28/02/2025 00:00:00|TRF|03/03/2026 00:00:00
|20130616|045218|TRF|28/02/2025 00:00:00|TRF|03/03/2026 00:00:00
|20130634|8991906101811|TRF|17/10/2023 00:00:00|TRF|03/03/2026 00:00:00
|20130653|8992946523557|TRF|12/12/2023 00:00:00|TRF|03/03/2026 00:00:00
|20130656|8992946533242|TRF|08/08/2023 00:00:00|TRF|03/03/2026 00:00:00
|20130667|8992761002077|TRF|09/08/2023 00:00:00|TRF|03/03/2026 00:00:00
|20130709|8999999550639|TRF|12/12/2023 00:00:00|TRF|03/03/2026 00:00:00
|20130710|8999999535896|TRF|12/12/2023 00:00:00|TRF|03/03/2026 00:00:00
|20130761|8994112481418|TRF|25/07/2023 00:00:00|TRF|03/03/2026 00:00:00
|20130762|8994112481432|TRF|25/07/2023 00:00:00|TRF|03/03/2026 00:00:00
|20130763|8998838310793|TRF|23/02/2025 00:00:00|TRF|03/03/2026 00:00:00
|20130785|8999168211606|TRF|01/11/2024 00:00:00|TRF|03/03/2026 00:00:00
|20130790|8992946533686|TRF|07/08/2023 00:00:00|TRF|03/03/2026 00:00:00
|20130794|8993988090120|TRF|23/02/2025 00:00:00|TRF|03/03/2026 00:00:00
|20130795|6920083001012|TRF|27/07/2023 00:00:00|TRF|03/03/2026 00:00:00
|20130795|6920231121333|TRF|07/03/2025 00:00:00|TRF|03/03/2026 00:00:00
|20130801|8999988889139|TRF|16/03/2024 00:00:00|TRF|03/03/2026 00:00:00
|20130803|8997019432057|TRF|02/08/2023 00:00:00|TRF|03/03/2026 00:00:00
|20130807|0089686043631|TRF|03/08/2023 00:00:00|TRF|03/03/2026 00:00:00
|20130807|089686043631|TRF|03/08/2023 00:00:00|TRF|03/03/2026 00:00:00
|20130821|8853301011983|TRF|23/02/2025 00:00:00|TRF|03/03/2026 00:00:00
|20130824|8992727007894|TRF|14/08/2023 00:00:00|TRF|03/03/2026 00:00:00
|20130826|8994096227309|TRF|16/09/2025 00:00:00|TRF|03/03/2026 00:00:00
|20130829|8992959931394|TRF|21/02/2025 00:00:00|TRF|03/03/2026 00:00:00
|20130830|8992959931417|TRF|23/02/2025 00:00:00|TRF|03/03/2026 00:00:00
|20130840|8997217370649|TRF|28/08/2023 00:00:00|TRF|03/03/2026 00:00:00
|20130843|8993189701122|TRF|23/02/2025 00:00:00|TRF|03/03/2026 00:00:00
|20130846|8992959974391|TRF|23/02/2025 00:00:00|TRF|03/03/2026 00:00:00
|20130848|8992959974520|TRF|23/02/2025 00:00:00|TRF|03/03/2026 00:00:00
|20130850|8993189701320|TRF|23/02/2025 00:00:00|TRF|03/03/2026 00:00:00
|20130867|8994096226944|TRF|26/01/2025 00:00:00|TRF|03/03/2026 00:00:00
|20130868|8994096226968|TRF|26/01/2025 00:00:00|TRF|03/03/2026 00:00:00
|20130887|8994096227323|TRF|09/08/2023 00:00:00|TRF|03/03/2026 00:00:00
|20130888|8994096227330|TRF|09/08/2023 00:00:00|TRF|03/03/2026 00:00:00
|20130894|8991991704560|TRF|14/08/2023 00:00:00|TRF|03/03/2026 00:00:00
|20130895|8998866203852|TRF|28/08/2023 00:00:00|TRF|03/03/2026 00:00:00
|20131013|8997004301993|TRF|18/08/2023 00:00:00|TRF|03/03/2026 00:00:00
|20131019|4006333085222|TRF|23/02/2025 00:00:00|TRF|03/03/2026 00:00:00
|20131020|042978|TRF|09/02/2026 00:00:00|TRF|03/03/2026 00:00:00
|20131022|8998866623988|TRF|21/08/2023 00:00:00|TRF|03/03/2026 00:00:00
|20131028|8998866108829|TRF|28/08/2023 00:00:00|TRF|03/03/2026 00:00:00
|20131033|8997206772348|TRF|04/09/2023 00:00:00|TRF|03/03/2026 00:00:00
|20131037|0089686732115|TRF|25/08/2023 00:00:00|TRF|03/03/2026 00:00:00
|20131047|8997232971081|TRF|25/08/2023 00:00:00|TRF|03/03/2026 00:00:00
|20131074|043050|TRF|19/06/2024 00:00:00|TRF|03/03/2026 00:00:00
|20131075|043051|TRF|19/06/2024 00:00:00|TRF|03/03/2026 00:00:00
|20131083|8994096227255|TRF|01/07/2025 00:00:00|TRF|03/03/2026 00:00:00
|20131098|8998866203883|TRF|25/08/2023 00:00:00|TRF|03/03/2026 00:00:00
|20131161|8992745705567|TRF|24/08/2023 00:00:00|TRF|03/03/2026 00:00:00
|20131214|8996001431078|TRF|11/09/2023 00:00:00|TRF|03/03/2026 00:00:00
|20131218|8997021873114|TRF|11/09/2023 00:00:00|TRF|03/03/2026 00:00:00
|20131220|8998866808231|TRF|23/02/2025 00:00:00|TRF|03/03/2026 00:00:00
|20131221|8996001603468|TRF|11/09/2023 00:00:00|TRF|03/03/2026 00:00:00
|20131223|8998866623803|TRF|23/02/2025 00:00:00|TRF|03/03/2026 00:00:00
|20131224|8998866109239|TRF|07/09/2023 00:00:00|TRF|03/03/2026 00:00:00
|20131228|8999999591502|TRF|10/10/2023 00:00:00|TRF|03/03/2026 00:00:00
|20131253|8993137740272|TRF|05/09/2023 00:00:00|TRF|03/03/2026 00:00:00
|20131278|8994096226340|TRF|11/09/2023 00:00:00|TRF|03/03/2026 00:00:00
|20131285|8992222093187|TRF|25/09/2023 00:00:00|TRF|03/03/2026 00:00:00
|20131286|8992222093194|TRF|25/09/2023 00:00:00|TRF|03/03/2026 00:00:00
|20131290|8997016100522|TRF|13/03/2024 00:00:00|TRF|03/03/2026 00:00:00
|20131299|8993113365055|TRF|18/09/2023 00:00:00|TRF|03/03/2026 00:00:00
|20131300|8992727008419|TRF|23/02/2025 00:00:00|TRF|03/03/2026 00:00:00
|20131301|8994096226364|TRF|11/09/2023 00:00:00|TRF|03/03/2026 00:00:00
|20131331|6922420472998|TRF|25/06/2024 00:00:00|TRF|03/03/2026 00:00:00
|20131332|6922420473018|TRF|25/06/2024 00:00:00|TRF|03/03/2026 00:00:00
|20131363|8998866502375|TRF|23/02/2025 00:00:00|TRF|03/03/2026 00:00:00
|20131365|8992745480501|TRF|16/03/2024 00:00:00|TRF|03/03/2026 00:00:00
|20131366|8999999593285|TRF|16/03/2024 00:00:00|TRF|03/03/2026 00:00:00
|20131370|8999909011083|TRF|27/09/2023 00:00:00|TRF|03/03/2026 00:00:00
|20131373|8996001401231|TRF|23/02/2025 00:00:00|TRF|03/03/2026 00:00:00
|20131374|8996001401248|TRF|23/02/2025 00:00:00|TRF|03/03/2026 00:00:00
|20131377|8991002135178|TRF|27/09/2023 00:00:00|TRF|03/03/2026 00:00:00
|20131384|8990114000336|TRF|10/10/2025 00:00:00|TRF|03/03/2026 00:00:00
|20131384|8998009972706|TRF|17/09/2023 00:00:00|TRF|03/03/2026 00:00:00
|20131391|039919|TRF|23/02/2025 00:00:00|TRF|03/03/2026 00:00:00
|20131391|042466|TRF|07/08/2025 00:00:00|TRF|03/03/2026 00:00:00
|20131391|042467|TRF|23/02/2025 00:00:00|TRF|03/03/2026 00:00:00
|20131412|5051644116997|TRF|14/09/2023 00:00:00|TRF|03/03/2026 00:00:00
|20131413|5051644116973|TRF|14/09/2023 00:00:00|TRF|03/03/2026 00:00:00
|20131414|5051644117000|TRF|14/09/2023 00:00:00|TRF|03/03/2026 00:00:00
|20131415|5051644116980|TRF|14/09/2023 00:00:00|TRF|03/03/2026 00:00:00
|20131512|8997025201272|TRF|10/10/2023 00:00:00|TRF|03/03/2026 00:00:00
|20131516|8994096227217|TRF|25/09/2023 00:00:00|TRF|03/03/2026 00:00:00
|20131518|8997233930674|TRF|25/09/2023 00:00:00|TRF|03/03/2026 00:00:00
|20131530|0089686060232|TRF|26/09/2023 00:00:00|TRF|03/03/2026 00:00:00
|20131617|8999999595586|TRF|26/09/2023 00:00:00|TRF|03/03/2026 00:00:00
|20131625|8994096227002|TRF|02/10/2023 00:00:00|TRF|03/03/2026 00:00:00
|20131631|4987176031860|TRF|03/10/2023 00:00:00|TRF|03/03/2026 00:00:00
|20131638|8029992310012|TRF|27/09/2023 00:00:00|TRF|03/03/2026 00:00:00
|20131640|8994112712536|TRF|02/10/2023 00:00:00|TRF|03/03/2026 00:00:00
|20131644|8999999597764|TRF|03/10/2023 00:00:00|TRF|03/03/2026 00:00:00
|20131658|8994112712543|TRF|02/10/2023 00:00:00|TRF|03/03/2026 00:00:00
|20131668|8994096000094|TRF|10/10/2023 00:00:00|TRF|03/03/2026 00:00:00
|20131690|8998866626842|TRF|10/10/2023 00:00:00|TRF|03/03/2026 00:00:00
|20131699|6951144481146|TRF|02/10/2023 00:00:00|TRF|03/03/2026 00:00:00
|20131721|8993002010950|TRF|12/10/2023 00:00:00|TRF|03/03/2026 00:00:00
|20131730|8997204306743|TRF|26/10/2023 00:00:00|TRF|03/03/2026 00:00:00
|20131788|8998866109864|TRF|29/07/2024 00:00:00|TRF|03/03/2026 00:00:00
|20131790|8998866627535|TRF|25/02/2025 00:00:00|TRF|03/03/2026 00:00:00
|20131792|8998866627528|TRF|20/02/2025 00:00:00|TRF|03/03/2026 00:00:00
|20131793|8997230801298|TRF|11/10/2023 00:00:00|TRF|03/03/2026 00:00:00
|20131800|8998989300421|TRF|14/11/2024 00:00:00|TRF|03/03/2026 00:00:00
|20131802|8991102923842|TRF|01/11/2023 00:00:00|TRF|03/03/2026 00:00:00
|20131857|8999898975809|TRF|25/10/2023 00:00:00|TRF|03/03/2026 00:00:00
|20131858|8999898975816|TRF|25/10/2023 00:00:00|TRF|03/03/2026 00:00:00
|20131885|8994096110441|TRF|25/10/2023 00:00:00|TRF|03/03/2026 00:00:00
|20131886|8994096110465|TRF|25/10/2023 00:00:00|TRF|03/03/2026 00:00:00
|20131933|8993200668922|TRF|13/03/2024 00:00:00|TRF|03/03/2026 00:00:00
|20131992|8991906101569|TRF|10/11/2023 00:00:00|TRF|03/03/2026 00:00:00
|20131993|8993417307225|TRF|23/10/2023 00:00:00|TRF|03/03/2026 00:00:00
|20132006|8720689023139|TRF|23/02/2025 00:00:00|TRF|03/03/2026 00:00:00
|20132056|0194735145195|TRF|23/02/2025 00:00:00|TRF|03/03/2026 00:00:00
|20132065|8993469000501|TRF|28/02/2025 00:00:00|TRF|03/03/2026 00:00:00
|20132100|8999999596095|TRF|31/10/2023 00:00:00|TRF|03/03/2026 00:00:00
|20132100|8999999612658|TRF|01/07/2025 00:00:00|TRF|03/03/2026 00:00:00
|20132102|8999999577421|TRF|31/10/2023 00:00:00|TRF|03/03/2026 00:00:00
|20132105|8992802108089|TRF|02/11/2023 00:00:00|TRF|03/03/2026 00:00:00
|20132114|8993207223162|TRF|16/11/2023 00:00:00|TRF|03/03/2026 00:00:00
|20132134|045219|TRF|28/02/2025 00:00:00|TRF|03/03/2026 00:00:00
|20132165|8997004325982|TRF|03/09/2024 00:00:00|TRF|03/03/2026 00:00:00
|20132246|8997230801311|TRF|26/01/2025 00:00:00|TRF|03/03/2026 00:00:00
|20132250|8998866203890|TRF|01/11/2023 00:00:00|TRF|03/03/2026 00:00:00
|20132254|6947912672380|TRF|23/02/2025 00:00:00|TRF|03/03/2026 00:00:00
|20132321|8997235611540|TRF|23/02/2025 00:00:00|TRF|03/03/2026 00:00:00
|20132329|8991002121096|TRF|07/11/2023 00:00:00|TRF|03/03/2026 00:00:00
|20132330|8885013132199|TRF|09/11/2023 00:00:00|TRF|03/03/2026 00:00:00
|20132338|0089686040142|TRF|27/11/2023 00:00:00|TRF|03/03/2026 00:00:00
|20132339|0089686060256|TRF|27/11/2023 00:00:00|TRF|03/03/2026 00:00:00
|20132342|8999909012059|TRF|13/12/2023 00:00:00|TRF|03/03/2026 00:00:00
|20132345|8852756707045|TRF|27/11/2023 00:00:00|TRF|03/03/2026 00:00:00
|20132372|8993189701153|TRF|23/02/2025 00:00:00|TRF|03/03/2026 00:00:00
|20132418|8992796157322|TRF|21/07/2025 00:00:00|TRF|03/03/2026 00:00:00
|20132440|8997014050706|TRF|27/11/2023 00:00:00|TRF|03/03/2026 00:00:00
|20132442|8997204306767|TRF|23/02/2025 00:00:00|TRF|03/03/2026 00:00:00
|20132462|8990021100556|TRF|23/02/2025 00:00:00|TRF|03/03/2026 00:00:00
|20132476|8020122310018|TRF|14/11/2023 00:00:00|TRF|03/03/2026 00:00:00
|20132477|8020122310025|TRF|14/11/2023 00:00:00|TRF|03/03/2026 00:00:00
|20132492|8994907002316|TRF|28/11/2023 00:00:00|TRF|03/03/2026 00:00:00
|20132493|8999999596521|TRF|23/02/2025 00:00:00|TRF|03/03/2026 00:00:00
|20132494|8997232970053|TRF|01/12/2023 00:00:00|TRF|03/03/2026 00:00:00
|20132526|8997033561184|TRF|28/02/2025 00:00:00|TRF|03/03/2026 00:00:00
|20132549|8991926101082|TRF|11/12/2023 00:00:00|TRF|03/03/2026 00:00:00
|20132551|8991926101075|TRF|11/12/2023 00:00:00|TRF|03/03/2026 00:00:00
|20132553|6845153485151|TRF|20/11/2023 00:00:00|TRF|03/03/2026 00:00:00
|20132553|6920082310009|TRF|20/11/2023 00:00:00|TRF|03/03/2026 00:00:00
|20132576|042479|TRF|17/11/2023 00:00:00|TRF|03/03/2026 00:00:00
|20132577|042482|TRF|17/11/2023 00:00:00|TRF|03/03/2026 00:00:00
|20132578|042483|TRF|17/11/2023 00:00:00|TRF|03/03/2026 00:00:00
|20132581|042522|TRF|30/09/2025 00:00:00|TRF|03/03/2026 00:00:00
|20132581|044314|TRF|30/09/2025 00:00:00|TRF|03/03/2026 00:00:00
|20132593|042523|TRF|17/11/2023 00:00:00|TRF|03/03/2026 00:00:00
|20132616|8992907996741|TRF|22/11/2023 00:00:00|TRF|03/03/2026 00:00:00
|20132618|8992907996758|TRF|22/11/2023 00:00:00|TRF|03/03/2026 00:00:00
|20132619|8992907996765|TRF|22/11/2023 00:00:00|TRF|03/03/2026 00:00:00
|20132621|8992907996789|TRF|21/11/2023 00:00:00|TRF|03/03/2026 00:00:00
|20132623|8992907996307|TRF|22/11/2023 00:00:00|TRF|03/03/2026 00:00:00
|20132652|8993110003646|TRF|11/12/2023 00:00:00|TRF|03/03/2026 00:00:00
|20132653|8992933443110|TRF|23/02/2025 00:00:00|TRF|03/03/2026 00:00:00
|20132654|8992933401110|TRF|23/02/2025 00:00:00|TRF|03/03/2026 00:00:00
|20132655|8992933444117|TRF|23/02/2025 00:00:00|TRF|03/03/2026 00:00:00
|20132657|8992982800063|TRF|01/12/2023 00:00:00|TRF|03/03/2026 00:00:00
|20132659|8993007007160|TRF|10/12/2023 00:00:00|TRF|03/03/2026 00:00:00
|20132660|8992984910142|TRF|25/02/2025 00:00:00|TRF|03/03/2026 00:00:00
|20132664|8999999598068|TRF|23/02/2025 00:00:00|TRF|03/03/2026 00:00:00
|20132698|8999999595463|TRF|13/02/2024 00:00:00|TRF|03/03/2026 00:00:00
|20132715|8809622345665|TRF|11/12/2023 00:00:00|TRF|03/03/2026 00:00:00
|20132727|8997215750085|TRF|23/02/2025 00:00:00|TRF|03/03/2026 00:00:00
|20132739|8999909011540|TRF|23/03/2024 00:00:00|TRF|03/03/2026 00:00:00
|20132750|0089686732108|TRF|18/12/2023 00:00:00|TRF|03/03/2026 00:00:00
|20132760|8991998117585|TRF|15/12/2023 00:00:00|TRF|03/03/2026 00:00:00
|20132761|8991998117684|TRF|15/12/2023 00:00:00|TRF|03/03/2026 00:00:00
|20132768|8992982600113|TRF|18/12/2023 00:00:00|TRF|03/03/2026 00:00:00
|20132776|0194735248384|TRF|23/02/2025 00:00:00|TRF|03/03/2026 00:00:00
|20132780|8997230801335|TRF|26/01/2025 00:00:00|TRF|03/03/2026 00:00:00
|20132814|8992753722785|TRF|18/12/2023 00:00:00|TRF|03/03/2026 00:00:00
|20132816|8993189701818|TRF|07/05/2025 00:00:00|TRF|03/03/2026 00:00:00
|20132819|8992832806238|TRF|23/02/2025 00:00:00|TRF|03/03/2026 00:00:00
|20132820|8997233271173|TRF|23/02/2025 00:00:00|TRF|03/03/2026 00:00:00
|20132821|8997233271197|TRF|23/02/2025 00:00:00|TRF|03/03/2026 00:00:00
|20132836|6922420410983|TRF|14/07/2025 00:00:00|TRF|03/03/2026 00:00:00
|20132839|80824107|TRF|04/12/2023 00:00:00|TRF|03/03/2026 00:00:00
|20132840|8994985000440|TRF|05/12/2023 00:00:00|TRF|03/03/2026 00:00:00
|20132848|8992856908611|TRF|28/12/2023 00:00:00|TRF|03/03/2026 00:00:00
|20132849|8992959078204|TRF|23/02/2025 00:00:00|TRF|03/03/2026 00:00:00
|20132864|8995077605543|TRF|18/12/2023 00:00:00|TRF|03/03/2026 00:00:00
|20132867|8992832806436|TRF|28/05/2024 00:00:00|TRF|03/03/2026 00:00:00
|20132871|8995077601187|TRF|18/12/2023 00:00:00|TRF|03/03/2026 00:00:00
|20132876|8997004316058|TRF|26/12/2023 00:00:00|TRF|03/03/2026 00:00:00
|20132899|042491|TRF|29/05/2024 00:00:00|TRF|03/03/2026 00:00:00
|20132900|042501|TRF|25/02/2024 00:00:00|TRF|03/03/2026 00:00:00
|20132902|042506|TRF|25/02/2024 00:00:00|TRF|03/03/2026 00:00:00
|20132905|042517|TRF|29/05/2024 00:00:00|TRF|03/03/2026 00:00:00
|20132908|042500|TRF|25/02/2024 00:00:00|TRF|03/03/2026 00:00:00
|20132955|042510|TRF|25/02/2024 00:00:00|TRF|03/03/2026 00:00:00
|20132974|8997204440775|TRF|13/12/2023 00:00:00|TRF|03/03/2026 00:00:00
|20132986|8998866203975|TRF|27/12/2023 00:00:00|TRF|03/03/2026 00:00:00
|20132992|8992696526341|TRF|10/01/2024 00:00:00|TRF|03/03/2026 00:00:00
|20133020|8888166350984|TRF|26/12/2023 00:00:00|TRF|03/03/2026 00:00:00
|20133029|8991102131025|TRF|17/11/2025 00:00:00|TRF|03/03/2026 00:00:00
|20133031|8991102983754|TRF|17/11/2025 00:00:00|TRF|03/03/2026 00:00:00
|20133041|6945251345217|TRF|23/02/2025 00:00:00|TRF|03/03/2026 00:00:00
|20133058|8992696525764|TRF|21/10/2024 00:00:00|TRF|03/03/2026 00:00:00
|20133062|8992727008969|TRF|09/01/2024 00:00:00|TRF|03/03/2026 00:00:00
|20133063|8998866109550|TRF|02/01/2024 00:00:00|TRF|03/03/2026 00:00:00
|20133064|8997004308183|TRF|17/02/2024 00:00:00|TRF|03/03/2026 00:00:00
|20133065|042498|TRF|25/02/2024 00:00:00|TRF|03/03/2026 00:00:00
|20133066|042550|TRF|29/05/2024 00:00:00|TRF|03/03/2026 00:00:00
|20133137|8999908968500|TRF|23/02/2025 00:00:00|TRF|03/03/2026 00:00:00
|20133138|8999908934109|TRF|23/02/2025 00:00:00|TRF|03/03/2026 00:00:00
|20133141|6920083001180|TRF|04/01/2024 00:00:00|TRF|03/03/2026 00:00:00
|20133149|8999999599706|TRF|27/12/2023 00:00:00|TRF|03/03/2026 00:00:00
|20133182|8997221990154|TRF|11/01/2024 00:00:00|TRF|03/03/2026 00:00:00
|20133187|8999777016425|TRF|08/01/2024 00:00:00|TRF|03/03/2026 00:00:00
|20133188|044519|TRF|02/01/2024 00:00:00|TRF|03/03/2026 00:00:00
|20133191|8991004032130|TRF|03/01/2024 00:00:00|TRF|03/03/2026 00:00:00
|20133192|8883241267744|TRF|24/01/2024 00:00:00|TRF|03/03/2026 00:00:00
|20133201|042474|TRF|23/02/2025 00:00:00|TRF|03/03/2026 00:00:00
|20133201|042476|TRF|23/02/2025 00:00:00|TRF|03/03/2026 00:00:00
|20133201|042538|TRF|07/08/2025 00:00:00|TRF|03/03/2026 00:00:00
|20133202|042425|TRF|23/02/2025 00:00:00|TRF|03/03/2026 00:00:00
|20133202|042451|TRF|07/08/2025 00:00:00|TRF|03/03/2026 00:00:00
|20133202|042537|TRF|23/02/2025 00:00:00|TRF|03/03/2026 00:00:00
|20133209|8997220500705|TRF|28/02/2025 00:00:00|TRF|03/03/2026 00:00:00
|20133209|8997221557210|TRF|07/08/2025 00:00:00|TRF|03/03/2026 00:00:00
|20133211|044477|TRF|29/05/2024 00:00:00|TRF|03/03/2026 00:00:00
|20133212|8998866627511|TRF|12/02/2024 00:00:00|TRF|03/03/2026 00:00:00
|20133213|8998866627504|TRF|23/02/2025 00:00:00|TRF|03/03/2026 00:00:00
|20133214|8992806129059|TRF|23/02/2025 00:00:00|TRF|03/03/2026 00:00:00
|20133216|6927262804501|TRF|02/02/2024 00:00:00|TRF|03/03/2026 00:00:00
|20133218|8997220410875|TRF|10/09/2024 00:00:00|TRF|03/03/2026 00:00:00
|20133220|8997220410974|TRF|18/05/2024 00:00:00|TRF|03/03/2026 00:00:00
|20133246|6927262804525|TRF|11/01/2024 00:00:00|TRF|03/03/2026 00:00:00
|20133247|7622202045998|TRF|16/01/2024 00:00:00|TRF|03/03/2026 00:00:00
|20133248|8999999599508|TRF|08/01/2024 00:00:00|TRF|03/03/2026 00:00:00
|20133254|0089686386349|TRF|11/01/2024 00:00:00|TRF|03/03/2026 00:00:00
|20133255|0089686386394|TRF|11/01/2024 00:00:00|TRF|03/03/2026 00:00:00
|20133258|8992907996772|TRF|09/01/2024 00:00:00|TRF|03/03/2026 00:00:00
|20133290|8809617856398|TRF|23/09/2024 00:00:00|TRF|03/03/2026 00:00:00
|20133297|8809674950930|TRF|25/06/2024 00:00:00|TRF|03/03/2026 00:00:00
|20133309|8809601379018|TRF|18/03/2024 00:00:00|TRF|03/03/2026 00:00:00
|20133324|0089686651003|TRF|10/01/2024 00:00:00|TRF|03/03/2026 00:00:00
|20133328|8852756707113|TRF|30/01/2024 00:00:00|TRF|03/03/2026 00:00:00
|20133332|8998866109826|TRF|25/01/2024 00:00:00|TRF|03/03/2026 00:00:00
|20133333|8996001401255|TRF|08/05/2024 00:00:00|TRF|03/03/2026 00:00:00
|20133370|8997014050393|TRF|27/01/2024 00:00:00|TRF|03/03/2026 00:00:00
|20133371|8997014050409|TRF|27/01/2024 00:00:00|TRF|03/03/2026 00:00:00
|20133372|0089686043679|TRF|30/01/2024 00:00:00|TRF|03/03/2026 00:00:00
|20133372|089686043679|TRF|15/02/2024 00:00:00|TRF|03/03/2026 00:00:00
|20133375|8999999596422|TRF|25/01/2024 00:00:00|TRF|03/03/2026 00:00:00
|20133398|8999999596811|TRF|23/02/2025 00:00:00|TRF|03/03/2026 00:00:00
|20133409|8991749000043|TRF|02/02/2024 00:00:00|TRF|03/03/2026 00:00:00
|20133427|9551001410059|TRF|25/10/2024 00:00:00|TRF|03/03/2026 00:00:00
|20133429|9551001410066|TRF|25/10/2024 00:00:00|TRF|03/03/2026 00:00:00
|20133505|8999999601379|TRF|25/01/2024 00:00:00|TRF|03/03/2026 00:00:00
|20133506|8936036029413|TRF|07/02/2024 00:00:00|TRF|03/03/2026 00:00:00
|20133507|8936036029437|TRF|07/02/2024 00:00:00|TRF|03/03/2026 00:00:00
|20133508|8992727009058|TRF|25/06/2024 00:00:00|TRF|03/03/2026 00:00:00
|20133513|8994942028593|TRF|09/07/2024 00:00:00|TRF|03/03/2026 00:00:00
|20133516|8993137741330|TRF|13/06/2024 00:00:00|TRF|03/03/2026 00:00:00
|20133517|8993137741347|TRF|13/06/2024 00:00:00|TRF|03/03/2026 00:00:00
|20133540|8998009011849|TRF|02/02/2024 00:00:00|TRF|03/03/2026 00:00:00
|20133541|8998009011856|TRF|02/02/2024 00:00:00|TRF|03/03/2026 00:00:00
|20133548|0194735185856|TRF|23/02/2025 00:00:00|TRF|03/03/2026 00:00:00
|20133566|8994448452601|TRF|30/01/2024 00:00:00|TRF|03/03/2026 00:00:00
|20133568|8994448453202|TRF|30/01/2024 00:00:00|TRF|03/03/2026 00:00:00
|20133604|8993200668908|TRF|12/02/2024 00:00:00|TRF|03/03/2026 00:00:00
|20133606|8997204300284|TRF|17/11/2025 00:00:00|TRF|03/03/2026 00:00:00
|20133615|8992902212105|TRF|12/02/2024 00:00:00|TRF|03/03/2026 00:00:00
|20133639|8996001374030|TRF|07/02/2024 00:00:00|TRF|03/03/2026 00:00:00
|20133641|8996001307854|TRF|07/02/2024 00:00:00|TRF|03/03/2026 00:00:00
|20133672|8998824553340|TRF|09/07/2024 00:00:00|TRF|03/03/2026 00:00:00
|20133673|0000011405009|TRF|28/02/2025 00:00:00|TRF|03/03/2026 00:00:00
|20133690|8998866203869|TRF|28/02/2024 00:00:00|TRF|03/03/2026 00:00:00
|20133691|8998866203876|TRF|28/02/2024 00:00:00|TRF|03/03/2026 00:00:00
|20133704|8997226240698|TRF|23/02/2025 00:00:00|TRF|03/03/2026 00:00:00
|20133707|8993189701801|TRF|23/02/2025 00:00:00|TRF|03/03/2026 00:00:00
|20133708|8992959971246|TRF|23/02/2025 00:00:00|TRF|03/03/2026 00:00:00
|20133709|8999908967503|TRF|26/02/2024 00:00:00|TRF|03/03/2026 00:00:00
|20133711|8885013130225|TRF|19/04/2024 00:00:00|TRF|03/03/2026 00:00:00
|20133723|4579878906326|TRF|23/02/2025 00:00:00|TRF|03/03/2026 00:00:00
|20133725|0194735219308|TRF|06/03/2024 00:00:00|TRF|03/03/2026 00:00:00
|20133726|0194735144532|TRF|23/02/2025 00:00:00|TRF|03/03/2026 00:00:00
|20133728|0194534821702|TRF|23/02/2025 00:00:00|TRF|03/03/2026 00:00:00
|20133739|0764460291056|TRF|14/03/2024 00:00:00|TRF|03/03/2026 00:00:00
|20133740|0745604685900|TRF|24/12/2024 00:00:00|TRF|03/03/2026 00:00:00
|20133750|0725765154477|TRF|14/03/2024 00:00:00|TRF|03/03/2026 00:00:00
|20133754|042469|TRF|23/02/2025 00:00:00|TRF|03/03/2026 00:00:00
|20133754|044422|TRF|07/08/2025 00:00:00|TRF|03/03/2026 00:00:00
|20133756|042442|TRF|01/12/2025 00:00:00|TRF|03/03/2026 00:00:00
|20133771|042470|TRF|01/12/2025 00:00:00|TRF|03/03/2026 00:00:00
|20133775|042431|TRF|01/12/2025 00:00:00|TRF|03/03/2026 00:00:00
|20133780|042473|TRF|01/12/2025 00:00:00|TRF|03/03/2026 00:00:00
|20133786|042439|TRF|01/12/2025 00:00:00|TRF|03/03/2026 00:00:00
|20133790|8994096110700|TRF|19/02/2024 00:00:00|TRF|03/03/2026 00:00:00
|20133795|8993002010974|TRF|04/03/2024 00:00:00|TRF|03/03/2026 00:00:00
|20133796|8997236031231|TRF|07/03/2024 00:00:00|TRF|03/03/2026 00:00:00
|20133797|8997236031378|TRF|07/03/2024 00:00:00|TRF|03/03/2026 00:00:00
|20133798|8998866627771|TRF|26/03/2024 00:00:00|TRF|03/03/2026 00:00:00
|20133801|8994112712567|TRF|19/02/2024 00:00:00|TRF|03/03/2026 00:00:00
|20133802|8994096110632|TRF|19/02/2024 00:00:00|TRF|03/03/2026 00:00:00
|20133803|8994112450254|TRF|23/02/2025 00:00:00|TRF|03/03/2026 00:00:00
|20133803|8994112450278|TRF|23/02/2025 00:00:00|TRF|03/03/2026 00:00:00
|20133803|9786022437673|TRF|23/02/2025 00:00:00|TRF|03/03/2026 00:00:00
|20133803|9786022437680|TRF|23/02/2025 00:00:00|TRF|03/03/2026 00:00:00
|20133803|9786022437697|TRF|23/02/2025 00:00:00|TRF|03/03/2026 00:00:00
|20133805|8992802123013|TRF|26/02/2024 00:00:00|TRF|03/03/2026 00:00:00
|20133809|8993334000292|TRF|13/07/2024 00:00:00|TRF|03/03/2026 00:00:00
|20133810|8993334000346|TRF|13/07/2024 00:00:00|TRF|03/03/2026 00:00:00
|20133852|6920082325003|TRF|06/03/2024 00:00:00|TRF|03/03/2026 00:00:00
|20133859|8997240600935|TRF|12/03/2024 00:00:00|TRF|03/03/2026 00:00:00
|20133871|8992696525917|TRF|12/03/2024 00:00:00|TRF|03/03/2026 00:00:00
|20133873|8992696525931|TRF|12/03/2024 00:00:00|TRF|03/03/2026 00:00:00
|20133887|1604777|TRF|23/02/2024 00:00:00|TRF|03/03/2026 00:00:00
|20133888|8994209001604|TRF|27/03/2024 00:00:00|TRF|03/03/2026 00:00:00
|20133906|8998866627061|TRF|23/02/2025 00:00:00|TRF|03/03/2026 00:00:00
|20133914|8994096110052|TRF|28/02/2024 00:00:00|TRF|03/03/2026 00:00:00
|20133915|6920231121142|TRF|27/02/2024 00:00:00|TRF|03/03/2026 00:00:00
|20133916|6920231121098|TRF|27/02/2024 00:00:00|TRF|03/03/2026 00:00:00
|20133942|045064|TRF|29/08/2025 00:00:00|TRF|03/03/2026 00:00:00
|20133979|8992761166250|TRF|03/04/2024 00:00:00|TRF|03/03/2026 00:00:00
|20134002|8998866109994|TRF|18/03/2024 00:00:00|TRF|03/03/2026 00:00:00
|20134003|8994993025404|TRF|18/03/2024 00:00:00|TRF|03/03/2026 00:00:00
|20134006|8998866107815|TRF|23/02/2025 00:00:00|TRF|03/03/2026 00:00:00
|20134007|8998866501217|TRF|07/05/2025 00:00:00|TRF|03/03/2026 00:00:00
|20134028|8991001113030|TRF|05/03/2024 00:00:00|TRF|03/03/2026 00:00:00
|20134029|8991001663689|TRF|27/10/2025 00:00:00|TRF|03/03/2026 00:00:00
|20134039|8999999601621|TRF|18/03/2024 00:00:00|TRF|03/03/2026 00:00:00
|20134040|8993200669363|TRF|26/03/2024 00:00:00|TRF|03/03/2026 00:00:00
|20134042|6975165338531|TRF|23/02/2025 00:00:00|TRF|03/03/2026 00:00:00
|20134046|8996006857255|TRF|27/03/2024 00:00:00|TRF|03/03/2026 00:00:00
|20134047|8998866203920|TRF|18/03/2024 00:00:00|TRF|03/03/2026 00:00:00
|20134048|0749921031198|TRF|27/03/2024 00:00:00|TRF|03/03/2026 00:00:00
|20134049|8998866109840|TRF|25/02/2025 00:00:00|TRF|03/03/2026 00:00:00
|20134055|6974776204143|TRF|09/03/2024 00:00:00|TRF|03/03/2026 00:00:00
|20134055|6974776204150|TRF|09/03/2024 00:00:00|TRF|03/03/2026 00:00:00
|20134055|6974776204167|TRF|09/03/2024 00:00:00|TRF|03/03/2026 00:00:00
|20134060|8809618376543|TRF|18/03/2024 00:00:00|TRF|03/03/2026 00:00:00
|20134078|8994096110113|TRF|14/03/2024 00:00:00|TRF|03/03/2026 00:00:00
|20134079|8994096110106|TRF|14/03/2024 00:00:00|TRF|03/03/2026 00:00:00
|20134080|8994096110090|TRF|14/03/2024 00:00:00|TRF|03/03/2026 00:00:00
|20134081|8994096110175|TRF|14/03/2024 00:00:00|TRF|03/03/2026 00:00:00
|20134082|8994096110168|TRF|14/03/2024 00:00:00|TRF|03/03/2026 00:00:00
|20134083|8994096110151|TRF|14/03/2024 00:00:00|TRF|03/03/2026 00:00:00
|20134103|8992727009218|TRF|26/03/2024 00:00:00|TRF|03/03/2026 00:00:00
|20134104|8992946534300|TRF|26/03/2024 00:00:00|TRF|03/03/2026 00:00:00
|20134161|8886457649953|TRF|23/02/2025 00:00:00|TRF|03/03/2026 00:00:00
|20134163|8999999602802|TRF|02/04/2024 00:00:00|TRF|03/03/2026 00:00:00
|20134164|6911316001657|TRF|21/03/2024 00:00:00|TRF|03/03/2026 00:00:00
|20134165|8997230801465|TRF|21/03/2024 00:00:00|TRF|03/03/2026 00:00:00
|20134172|8992696523937|TRF|03/04/2024 00:00:00|TRF|03/03/2026 00:00:00
|20134197|0000100035933|TRF|28/02/2025 00:00:00|TRF|03/03/2026 00:00:00
|20134197|10003593|TRF|28/02/2025 00:00:00|TRF|03/03/2026 00:00:00
|20134226|8850477002111|TRF|27/03/2024 00:00:00|TRF|03/03/2026 00:00:00
|20134229|8850477006201|TRF|23/02/2025 00:00:00|TRF|03/03/2026 00:00:00
|20134231|8994125000514|TRF|23/02/2025 00:00:00|TRF|03/03/2026 00:00:00
|20134232|8850477018785|TRF|23/02/2025 00:00:00|TRF|03/03/2026 00:00:00
|20134237|8992745480488|TRF|03/04/2024 00:00:00|TRF|03/03/2026 00:00:00
|20134238|8998866107280|TRF|05/04/2024 00:00:00|TRF|03/03/2026 00:00:00
|20134246|8995227503941|TRF|18/04/2024 00:00:00|TRF|03/03/2026 00:00:00
|20134247|8994096110373|TRF|15/09/2025 00:00:00|TRF|03/03/2026 00:00:00
|20134248|8994096110359|TRF|15/09/2025 00:00:00|TRF|03/03/2026 00:00:00
|20134249|8994096110335|TRF|15/09/2025 00:00:00|TRF|03/03/2026 00:00:00
|20134253|8998866627665|TRF|19/04/2024 00:00:00|TRF|03/03/2026 00:00:00
|20134254|8998866627658|TRF|19/04/2024 00:00:00|TRF|03/03/2026 00:00:00
|20134273|8997004308602|TRF|16/04/2024 00:00:00|TRF|03/03/2026 00:00:00
|20134282|8997241500319|TRF|28/02/2025 00:00:00|TRF|03/03/2026 00:00:00
|20134303|8998866110013|TRF|11/10/2024 00:00:00|TRF|03/03/2026 00:00:00
|20134306|8998866500654|TRF|07/05/2025 00:00:00|TRF|03/03/2026 00:00:00
|20134307|8718699647575|TRF|25/06/2024 00:00:00|TRF|03/03/2026 00:00:00
|20134319|8888021301748|TRF|24/04/2024 00:00:00|TRF|03/03/2026 00:00:00
|20134321|8851932460132|TRF|05/04/2024 00:00:00|TRF|03/03/2026 00:00:00
|20134322|8851932460125|TRF|05/04/2024 00:00:00|TRF|03/03/2026 00:00:00
|20134323|8885013132335|TRF|05/04/2024 00:00:00|TRF|03/03/2026 00:00:00
|20134326|8994455510011|TRF|18/04/2024 00:00:00|TRF|03/03/2026 00:00:00
|20134336|5099864016475|TRF|27/04/2024 00:00:00|TRF|03/03/2026 00:00:00
|20134337|5099864016505|TRF|27/04/2024 00:00:00|TRF|03/03/2026 00:00:00
|20134353|8994010020863|TRF|05/04/2024 00:00:00|TRF|03/03/2026 00:00:00
|20134354|8994010020870|TRF|05/04/2024 00:00:00|TRF|03/03/2026 00:00:00
|20134357|8997026670695|TRF|28/02/2025 00:00:00|TRF|03/03/2026 00:00:00
|20134357|8997221552482|TRF|28/02/2025 00:00:00|TRF|03/03/2026 00:00:00
|20134358|8997026670701|TRF|28/02/2025 00:00:00|TRF|03/03/2026 00:00:00
|20134358|8997221555339|TRF|28/02/2025 00:00:00|TRF|03/03/2026 00:00:00
|20134367|8997016873037|TRF|25/04/2024 00:00:00|TRF|03/03/2026 00:00:00
|20134368|8997016873020|TRF|25/04/2024 00:00:00|TRF|03/03/2026 00:00:00
|20134369|8994096110847|TRF|25/04/2024 00:00:00|TRF|03/03/2026 00:00:00
|20134371|8997221051817|TRF|15/09/2025 00:00:00|TRF|03/03/2026 00:00:00
|20134372|8997221051824|TRF|15/09/2025 00:00:00|TRF|03/03/2026 00:00:00
|20134373|8992745480709|TRF|27/04/2024 00:00:00|TRF|03/03/2026 00:00:00
|20134374|8992745480716|TRF|27/04/2024 00:00:00|TRF|03/03/2026 00:00:00
|20134376|8991909101030|TRF|26/04/2024 00:00:00|TRF|03/03/2026 00:00:00
|20134379|8992907996932|TRF|12/03/2025 00:00:00|TRF|03/03/2026 00:00:00
|20134380|8999909012202|TRF|26/04/2024 00:00:00|TRF|03/03/2026 00:00:00
|20134381|8999909012356|TRF|26/04/2024 00:00:00|TRF|03/03/2026 00:00:00
|20134382|8999909012325|TRF|26/04/2024 00:00:00|TRF|03/03/2026 00:00:00
|20134390|8993200666157|TRF|26/04/2024 00:00:00|TRF|03/03/2026 00:00:00
|20134422|8885013132328|TRF|23/04/2024 00:00:00|TRF|03/03/2026 00:00:00
|20134455|8998009972881|TRF|08/05/2024 00:00:00|TRF|03/03/2026 00:00:00
|20134456|8998866203210|TRF|22/05/2024 00:00:00|TRF|03/03/2026 00:00:00
|20134457|8997213209004|TRF|08/05/2024 00:00:00|TRF|03/03/2026 00:00:00
|20134458|0194735089147|TRF|26/04/2024 00:00:00|TRF|03/03/2026 00:00:00
|20134460|0887961757903|TRF|26/04/2024 00:00:00|TRF|03/03/2026 00:00:00
|20134490|8720689022811|TRF|23/02/2025 00:00:00|TRF|03/03/2026 00:00:00
|20134496|8999777014315|TRF|13/06/2024 00:00:00|TRF|03/03/2026 00:00:00
|20134511|8885013132342|TRF|01/05/2024 00:00:00|TRF|03/03/2026 00:00:00
|20134526|8998866627702|TRF|29/05/2024 00:00:00|TRF|03/03/2026 00:00:00
|20134530|8999909010475|TRF|16/05/2024 00:00:00|TRF|03/03/2026 00:00:00
|20134531|8998989300438|TRF|13/05/2024 00:00:00|TRF|03/03/2026 00:00:00
|20134532|8998989300445|TRF|13/05/2024 00:00:00|TRF|03/03/2026 00:00:00
|20134533|8999999602680|TRF|16/05/2024 00:00:00|TRF|03/03/2026 00:00:00
|20134544|8999999602390|TRF|23/02/2025 00:00:00|TRF|03/03/2026 00:00:00
|20134556|8997240600997|TRF|13/05/2024 00:00:00|TRF|03/03/2026 00:00:00
|20134557|8997240601154|TRF|13/05/2024 00:00:00|TRF|03/03/2026 00:00:00
|20134559|8994504150014|TRF|29/09/2025 00:00:00|TRF|03/03/2026 00:00:00
|20134560|8997241500005|TRF|28/02/2025 00:00:00|TRF|03/03/2026 00:00:00
|20134565|8809650176491|TRF|24/06/2025 00:00:00|TRF|03/03/2026 00:00:00
|20134572|8996196005658|TRF|16/05/2024 00:00:00|TRF|03/03/2026 00:00:00
|20134576|8999999603052|TRF|30/05/2024 00:00:00|TRF|03/03/2026 00:00:00
|20134578|9555805801341|TRF|29/05/2024 00:00:00|TRF|03/03/2026 00:00:00
|20134588|8991111103204|TRF|19/07/2024 00:00:00|TRF|03/03/2026 00:00:00
|20134589|4987176256010|TRF|16/05/2024 00:00:00|TRF|03/03/2026 00:00:00
|20134590|4987176256041|TRF|16/05/2024 00:00:00|TRF|03/03/2026 00:00:00
|20134627|045112|TRF|02/06/2024 00:00:00|TRF|03/03/2026 00:00:00
|20134633|8994096110762|TRF|29/05/2024 00:00:00|TRF|03/03/2026 00:00:00
|20134633|8994096111387|TRF|03/10/2024 00:00:00|TRF|03/03/2026 00:00:00
|20134634|8997017643325|TRF|07/06/2024 00:00:00|TRF|03/03/2026 00:00:00
|20134672|8994096110656|TRF|16/09/2025 00:00:00|TRF|03/03/2026 00:00:00
|20134673|8992753721184|TRF|28/05/2024 00:00:00|TRF|03/03/2026 00:00:00
|20134674|5010996232922|TRF|23/02/2025 00:00:00|TRF|03/03/2026 00:00:00
|20134680|8999999598563|TRF|28/05/2024 00:00:00|TRF|03/03/2026 00:00:00
|20134680|8999999613167|TRF|12/08/2025 00:00:00|TRF|03/03/2026 00:00:00
|20134684|8997230801502|TRF|26/01/2025 00:00:00|TRF|03/03/2026 00:00:00
|20134686|8994096110694|TRF|04/06/2024 00:00:00|TRF|03/03/2026 00:00:00
|20134687|8994112600253|TRF|23/02/2025 00:00:00|TRF|03/03/2026 00:00:00
|20134688|8991906102016|TRF|12/06/2024 00:00:00|TRF|03/03/2026 00:00:00
|20134689|8999999600808|TRF|31/05/2024 00:00:00|TRF|03/03/2026 00:00:00
|20134691|8998694110995|TRF|29/09/2025 00:00:00|TRF|03/03/2026 00:00:00
|20134695|0089686651010|TRF|12/06/2024 00:00:00|TRF|03/03/2026 00:00:00
|20134698|0089686645040|TRF|12/06/2024 00:00:00|TRF|03/03/2026 00:00:00
|20134700|8999908966308|TRF|04/06/2024 00:00:00|TRF|03/03/2026 00:00:00
|20134733|8997624024029|TRF|08/03/2025 00:00:00|TRF|03/03/2026 00:00:00
|20134734|8991071480001|TRF|08/03/2025 00:00:00|TRF|03/03/2026 00:00:00
|20134737|8997535178880|TRF|08/03/2025 00:00:00|TRF|03/03/2026 00:00:00
|20134738|8997035620087|TRF|08/03/2025 00:00:00|TRF|03/03/2026 00:00:00
|20134739|8997624024036|TRF|08/03/2025 00:00:00|TRF|03/03/2026 00:00:00
|20134740|1081230416662|TRF|08/03/2025 00:00:00|TRF|03/03/2026 00:00:00
|20134740|1081230416668|TRF|08/03/2025 00:00:00|TRF|03/03/2026 00:00:00
|20134740|1206198181838|TRF|08/03/2025 00:00:00|TRF|03/03/2026 00:00:00
|20134742|8996183990279|TRF|08/03/2025 00:00:00|TRF|03/03/2026 00:00:00
|20134759|8994096113367|TRF|04/02/2026 00:00:00|TRF|03/03/2026 00:00:00
|20134759|8994096227361|TRF|04/07/2024 00:00:00|TRF|03/03/2026 00:00:00
|20134763|8998866108928|TRF|13/06/2024 00:00:00|TRF|03/03/2026 00:00:00
|20134765|8997016223931|TRF|13/06/2024 00:00:00|TRF|03/03/2026 00:00:00
|20134767|8992933246117|TRF|15/09/2025 00:00:00|TRF|03/03/2026 00:00:00
|20134768|8997017643462|TRF|13/06/2024 00:00:00|TRF|03/03/2026 00:00:00
|20134769|8998866108935|TRF|13/06/2024 00:00:00|TRF|03/03/2026 00:00:00
|20134770|8999999601430|TRF|13/06/2024 00:00:00|TRF|03/03/2026 00:00:00
|20134772|8997016223924|TRF|13/06/2024 00:00:00|TRF|03/03/2026 00:00:00
|20134776|0000660139003|TRF|09/09/2025 00:00:00|TRF|03/03/2026 00:00:00
|20134776|2103202501172|TRF|09/09/2025 00:00:00|TRF|03/03/2026 00:00:00
|20134776|8997033561504|TRF|09/09/2025 00:00:00|TRF|03/03/2026 00:00:00
|20134777|8994451920029|TRF|04/06/2024 00:00:00|TRF|03/03/2026 00:00:00
|20134778|8994451920036|TRF|19/05/2025 00:00:00|TRF|03/03/2026 00:00:00
|20134790|8999909012547|TRF|29/08/2024 00:00:00|TRF|03/03/2026 00:00:00
|20134791|8851932468800|TRF|13/06/2024 00:00:00|TRF|03/03/2026 00:00:00
|20134792|8851932468824|TRF|23/07/2024 00:00:00|TRF|03/03/2026 00:00:00
|20134793|8992902211726|TRF|13/06/2024 00:00:00|TRF|03/03/2026 00:00:00
|20134797|8993137006521|TRF|04/06/2024 00:00:00|TRF|03/03/2026 00:00:00
|20134800|8993137738002|TRF|04/06/2024 00:00:00|TRF|03/03/2026 00:00:00
|20134803|8993137005111|TRF|25/06/2024 00:00:00|TRF|03/03/2026 00:00:00
|20134809|8998866629225|TRF|13/06/2024 00:00:00|TRF|03/03/2026 00:00:00
|20134835|9555896900046|TRF|11/06/2024 00:00:00|TRF|03/03/2026 00:00:00
|20134839|8990044000222|TRF|29/09/2025 00:00:00|TRF|03/03/2026 00:00:00
|20134841|8998103018706|TRF|19/06/2024 00:00:00|TRF|03/03/2026 00:00:00
|20134846|8852756958720|TRF|25/10/2024 00:00:00|TRF|03/03/2026 00:00:00
|20134862|045188|TRF|20/06/2024 00:00:00|TRF|03/03/2026 00:00:00
|20134879|8993110003714|TRF|05/06/2024 00:00:00|TRF|03/03/2026 00:00:00
|20134883|8998866625111|TRF|13/06/2024 00:00:00|TRF|03/03/2026 00:00:00
|20134887|8998866204132|TRF|25/04/2025 00:00:00|TRF|03/03/2026 00:00:00
|20134899|8994993025749|TRF|25/06/2024 00:00:00|TRF|03/03/2026 00:00:00
|20134900|8994993025183|TRF|25/06/2024 00:00:00|TRF|03/03/2026 00:00:00
|20134922|8853815007519|TRF|24/10/2024 00:00:00|TRF|03/03/2026 00:00:00
|20134924|8853815007502|TRF|24/10/2024 00:00:00|TRF|03/03/2026 00:00:00
|20134926|8999999605445|TRF|12/06/2024 00:00:00|TRF|03/03/2026 00:00:00
|20134927|8998866202299|TRF|02/12/2025 00:00:00|TRF|03/03/2026 00:00:00
|20134946|8809618369651|TRF|25/06/2024 00:00:00|TRF|03/03/2026 00:00:00
|20134956|8993007007177|TRF|12/06/2024 00:00:00|TRF|03/03/2026 00:00:00
|20134962|6957155700184|TRF|23/02/2025 00:00:00|TRF|03/03/2026 00:00:00
|20134963|8993207230290|TRF|20/06/2024 00:00:00|TRF|03/03/2026 00:00:00
|20134964|8999909012691|TRF|19/06/2024 00:00:00|TRF|03/03/2026 00:00:00
|20134965|8998866204033|TRF|27/06/2024 00:00:00|TRF|03/03/2026 00:00:00
|20134968|8996001601051|TRF|28/08/2024 00:00:00|TRF|03/03/2026 00:00:00
|20134969|8992696525825|TRF|17/07/2024 00:00:00|TRF|03/03/2026 00:00:00
|20134970|8992696525801|TRF|17/07/2024 00:00:00|TRF|03/03/2026 00:00:00
|20134971|8997025201739|TRF|25/06/2024 00:00:00|TRF|03/03/2026 00:00:00
|20134983|7622202217630|TRF|15/06/2024 00:00:00|TRF|03/03/2026 00:00:00
|20134984|7622202007989|TRF|15/06/2024 00:00:00|TRF|03/03/2026 00:00:00
|20135008|8997017791859|TRF|17/08/2024 00:00:00|TRF|03/03/2026 00:00:00
|20135015|8999225912323|TRF|23/02/2025 00:00:00|TRF|03/03/2026 00:00:00
|20135026|8999999604578|TRF|25/06/2024 00:00:00|TRF|03/03/2026 00:00:00
|20135049|8997226414051|TRF|15/09/2025 00:00:00|TRF|03/03/2026 00:00:00
|20135056|8991002135338|TRF|04/07/2024 00:00:00|TRF|03/03/2026 00:00:00
|20135120|0089686641011|TRF|12/07/2024 00:00:00|TRF|03/03/2026 00:00:00
|20135130|8992718854094|TRF|03/07/2024 00:00:00|TRF|03/03/2026 00:00:00
|20135131|8992718854087|TRF|03/07/2024 00:00:00|TRF|03/03/2026 00:00:00
|20135134|8997021873220|TRF|09/07/2024 00:00:00|TRF|03/03/2026 00:00:00
|20135143|8997235611755|TRF|23/02/2025 00:00:00|TRF|03/03/2026 00:00:00
|20135144|8999999603014|TRF|02/07/2024 00:00:00|TRF|03/03/2026 00:00:00
|20135147|8993207230283|TRF|09/07/2024 00:00:00|TRF|03/03/2026 00:00:00
|20135148|8994251001669|TRF|29/09/2025 00:00:00|TRF|03/03/2026 00:00:00
|20135183|8994942031111|TRF|10/07/2024 00:00:00|TRF|03/03/2026 00:00:00
|20135184|8998824554804|TRF|09/07/2024 00:00:00|TRF|03/03/2026 00:00:00
|20135188|8997013660432|TRF|11/07/2024 00:00:00|TRF|03/03/2026 00:00:00
|20135189|8997013660456|TRF|11/07/2024 00:00:00|TRF|03/03/2026 00:00:00
|20135190|8997013660487|TRF|11/07/2024 00:00:00|TRF|03/03/2026 00:00:00
|20135191|8997013660548|TRF|11/07/2024 00:00:00|TRF|03/03/2026 00:00:00
|20135198|8992982800049|TRF|17/07/2024 00:00:00|TRF|03/03/2026 00:00:00
|20135200|8999908849403|TRF|26/07/2024 00:00:00|TRF|03/03/2026 00:00:00
|20135211|8992946534461|TRF|08/12/2025 00:00:00|TRF|03/03/2026 00:00:00
|20135213|8999909012936|TRF|10/09/2024 00:00:00|TRF|03/03/2026 00:00:00
|20135226|8999777001292|TRF|16/07/2024 00:00:00|TRF|03/03/2026 00:00:00
|20135228|8885013132687|TRF|15/07/2024 00:00:00|TRF|03/03/2026 00:00:00
|20135245|8998866627764|TRF|09/09/2024 00:00:00|TRF|03/03/2026 00:00:00
|20135246|8998866628099|TRF|09/09/2024 00:00:00|TRF|03/03/2026 00:00:00
|20135247|8998899996301|TRF|11/08/2024 00:00:00|TRF|03/03/2026 00:00:00
|20135248|8998899996318|TRF|11/08/2024 00:00:00|TRF|03/03/2026 00:00:00
|20135250|8992907996925|TRF|04/09/2024 00:00:00|TRF|03/03/2026 00:00:00
|20135251|8998866629416|TRF|16/07/2024 00:00:00|TRF|03/03/2026 00:00:00
|20135253|8997026540202|TRF|16/09/2025 00:00:00|TRF|03/03/2026 00:00:00
|20135254|8993200669400|TRF|29/07/2024 00:00:00|TRF|03/03/2026 00:00:00
|20135255|8993200669417|TRF|29/07/2024 00:00:00|TRF|03/03/2026 00:00:00
|20135256|8998777143742|TRF|23/07/2024 00:00:00|TRF|03/03/2026 00:00:00
|20135284|8997226225510|TRF|24/07/2024 00:00:00|TRF|03/03/2026 00:00:00
|20135289|8996001313718|TRF|02/08/2024 00:00:00|TRF|03/03/2026 00:00:00
|20135296|6949080000200|TRF|06/08/2024 00:00:00|TRF|03/03/2026 00:00:00
|20135296|6949080000217|TRF|06/08/2024 00:00:00|TRF|03/03/2026 00:00:00
|20135296|6949080000224|TRF|06/08/2024 00:00:00|TRF|03/03/2026 00:00:00
|20135296|6949080000231|TRF|06/08/2024 00:00:00|TRF|03/03/2026 00:00:00
|20135296|6949080000248|TRF|06/08/2024 00:00:00|TRF|03/03/2026 00:00:00
|20135296|6949080000255|TRF|06/08/2024 00:00:00|TRF|03/03/2026 00:00:00
|20135311|8997212801322|TRF|26/07/2024 00:00:00|TRF|03/03/2026 00:00:00
|20135312|8996001526224|TRF|09/08/2024 00:00:00|TRF|03/03/2026 00:00:00
|20135313|8996001526231|TRF|09/08/2024 00:00:00|TRF|03/03/2026 00:00:00
|20135314|8999999600129|TRF|26/07/2024 00:00:00|TRF|03/03/2026 00:00:00
|20135316|8993469000617|TRF|26/07/2024 00:00:00|TRF|03/03/2026 00:00:00
|20135324|4902430874267|TRF|24/07/2024 00:00:00|TRF|03/03/2026 00:00:00
|20135336|8993200669264|TRF|26/03/2025 00:00:00|TRF|03/03/2026 00:00:00
|20135340|8992696526921|TRF|02/08/2024 00:00:00|TRF|03/03/2026 00:00:00
|20135345|8999510961036|TRF|26/07/2024 00:00:00|TRF|03/03/2026 00:00:00
|20135346|8994458250013|TRF|24/07/2024 00:00:00|TRF|03/03/2026 00:00:00
|20135347|8994458250006|TRF|24/07/2024 00:00:00|TRF|03/03/2026 00:00:00
|20135395|8997223481087|TRF|01/09/2025 00:00:00|TRF|03/03/2026 00:00:00
|20135402|8998866109413|TRF|09/08/2024 00:00:00|TRF|03/03/2026 00:00:00
|20135416|8901526631605|TRF|24/07/2024 00:00:00|TRF|03/03/2026 00:00:00
|20135417|8901526628919|TRF|24/07/2024 00:00:00|TRF|03/03/2026 00:00:00
|20135428|8995899297209|TRF|19/05/2025 00:00:00|TRF|03/03/2026 00:00:00
|20135430|8992727008129|TRF|23/02/2025 00:00:00|TRF|03/03/2026 00:00:00
|20135431|8993189000294|TRF|23/02/2025 00:00:00|TRF|03/03/2026 00:00:00
|20135432|8993189000317|TRF|23/02/2025 00:00:00|TRF|03/03/2026 00:00:00
|20135433|8999909012417|TRF|27/07/2024 00:00:00|TRF|03/03/2026 00:00:00
|20135434|8999909012387|TRF|27/07/2024 00:00:00|TRF|03/03/2026 00:00:00
|20135435|9772532611993|TRF|23/02/2025 00:00:00|TRF|03/03/2026 00:00:00
|20135436|8993200669301|TRF|29/07/2024 00:00:00|TRF|03/03/2026 00:00:00
|20135437|8993200669271|TRF|05/09/2024 00:00:00|TRF|03/03/2026 00:00:00
|20135439|8999909013278|TRF|27/07/2024 00:00:00|TRF|03/03/2026 00:00:00
|20135458|8993137008471|TRF|12/08/2024 00:00:00|TRF|03/03/2026 00:00:00
|20135462|8992696526969|TRF|29/07/2024 00:00:00|TRF|03/03/2026 00:00:00
|20135463|8992696526822|TRF|29/07/2024 00:00:00|TRF|03/03/2026 00:00:00
|20135466|8995899301494|TRF|02/08/2024 00:00:00|TRF|03/03/2026 00:00:00
|20135479|8991102009706|TRF|27/08/2024 00:00:00|TRF|03/03/2026 00:00:00
|20135483|8886457651109|TRF|23/02/2025 00:00:00|TRF|03/03/2026 00:00:00
|20135485|8992745000112|TRF|27/08/2024 00:00:00|TRF|03/03/2026 00:00:00
|20135532|8998009017834|TRF|03/09/2024 00:00:00|TRF|03/03/2026 00:00:00
|20135538|8993004789052|TRF|09/08/2024 00:00:00|TRF|03/03/2026 00:00:00
|20135539|8993004789083|TRF|09/08/2024 00:00:00|TRF|03/03/2026 00:00:00
|20135544|8999909012585|TRF|17/08/2024 00:00:00|TRF|03/03/2026 00:00:00
|20135546|8991906101552|TRF|28/08/2024 00:00:00|TRF|03/03/2026 00:00:00
|20135549|8992761166267|TRF|08/09/2024 00:00:00|TRF|03/03/2026 00:00:00
|20135567|8901138006143|TRF|14/11/2024 00:00:00|TRF|03/03/2026 00:00:00
|20135594|8994456051537|TRF|20/08/2024 00:00:00|TRF|03/03/2026 00:00:00
|20135595|8993417363214|TRF|27/08/2024 00:00:00|TRF|03/03/2026 00:00:00
|20135599|8997218380340|TRF|03/09/2024 00:00:00|TRF|03/03/2026 00:00:00
|20135600|8997218380166|TRF|03/09/2024 00:00:00|TRF|03/03/2026 00:00:00
|20135607|8999908971005|TRF|27/08/2024 00:00:00|TRF|03/03/2026 00:00:00
|20135608|8997230801649|TRF|05/09/2024 00:00:00|TRF|03/03/2026 00:00:00
|20135615|8994125000767|TRF|23/02/2025 00:00:00|TRF|03/03/2026 00:00:00
|20135617|8997221581062|TRF|02/10/2024 00:00:00|TRF|03/03/2026 00:00:00
|20135618|8997221581055|TRF|02/10/2024 00:00:00|TRF|03/03/2026 00:00:00
|20135619|8996006000026|TRF|08/09/2024 00:00:00|TRF|03/03/2026 00:00:00
|20135627|8999908977007|TRF|23/02/2025 00:00:00|TRF|03/03/2026 00:00:00
|20135632|8998866629263|TRF|09/09/2024 00:00:00|TRF|03/03/2026 00:00:00
|20135637|8999908867902|TRF|25/02/2025 00:00:00|TRF|03/03/2026 00:00:00
|20135647|8998009040375|TRF|03/09/2024 00:00:00|TRF|03/03/2026 00:00:00
|20135661|8992982800056|TRF|02/09/2024 00:00:00|TRF|03/03/2026 00:00:00
|20135662|8993007004220|TRF|13/09/2024 00:00:00|TRF|03/03/2026 00:00:00
|20135663|8990114000596|TRF|10/12/2025 00:00:00|TRF|03/03/2026 00:00:00
|20135663|8998009972966|TRF|27/08/2024 00:00:00|TRF|03/03/2026 00:00:00
|20135664|8997220410912|TRF|10/09/2024 00:00:00|TRF|03/03/2026 00:00:00
|20135665|8997033691355|TRF|17/09/2024 00:00:00|TRF|03/03/2026 00:00:00
|20135695|8991111000121|TRF|09/09/2024 00:00:00|TRF|03/03/2026 00:00:00
|20135711|8993560157326|TRF|09/09/2024 00:00:00|TRF|03/03/2026 00:00:00
|20135718|8994346116186|TRF|23/02/2025 00:00:00|TRF|03/03/2026 00:00:00
|20135718|STR 013|TRF|23/02/2025 00:00:00|TRF|03/03/2026 00:00:00
|20135718|STR 014|TRF|23/02/2025 00:00:00|TRF|03/03/2026 00:00:00
|20135718|STR 015|TRF|23/02/2025 00:00:00|TRF|03/03/2026 00:00:00
|20135718|STR 016|TRF|23/02/2025 00:00:00|TRF|03/03/2026 00:00:00
|20135718|STR 017|TRF|23/02/2025 00:00:00|TRF|03/03/2026 00:00:00
|20135718|STR 018|TRF|23/02/2025 00:00:00|TRF|03/03/2026 00:00:00
|20135718|STR 019|TRF|23/02/2025 00:00:00|TRF|03/03/2026 00:00:00
|20135718|STR 020|TRF|23/02/2025 00:00:00|TRF|03/03/2026 00:00:00
|20135720|8998866204156|TRF|09/09/2024 00:00:00|TRF|03/03/2026 00:00:00
|20135734|045302|TRF|03/09/2024 00:00:00|TRF|03/03/2026 00:00:00
|20135736|8993883750846|TRF|05/08/2025 00:00:00|TRF|03/03/2026 00:00:00
|20135737|8993883750839|TRF|02/12/2024 00:00:00|TRF|03/03/2026 00:00:00
|20135739|8993883750822|TRF|01/09/2025 00:00:00|TRF|03/03/2026 00:00:00
|20135746|8990052000412|TRF|07/05/2025 00:00:00|TRF|03/03/2026 00:00:00
|20135747|8990052000429|TRF|07/05/2025 00:00:00|TRF|03/03/2026 00:00:00
|20135778|8998103004983|TRF|23/02/2025 00:00:00|TRF|03/03/2026 00:00:00
|20135794|8999908054302|TRF|23/02/2025 00:00:00|TRF|03/03/2026 00:00:00
|20135795|0749921021106|TRF|26/09/2024 00:00:00|TRF|03/03/2026 00:00:00
|20135800|9556121032471|TRF|08/10/2024 00:00:00|TRF|03/03/2026 00:00:00
|20135812|8993175560283|TRF|24/09/2024 00:00:00|TRF|03/03/2026 00:00:00
|20135815|045625|TRF|24/09/2024 00:00:00|TRF|03/03/2026 00:00:00
|20135818|0887961954654|TRF|26/09/2024 00:00:00|TRF|03/03/2026 00:00:00
|20135845|8998866630733|TRF|01/07/2025 00:00:00|TRF|03/03/2026 00:00:00
|20135846|8998866630382|TRF|11/10/2024 00:00:00|TRF|03/03/2026 00:00:00
|20135847|8998866630375|TRF|11/10/2024 00:00:00|TRF|03/03/2026 00:00:00
|20135849|8994096111189|TRF|11/10/2024 00:00:00|TRF|03/03/2026 00:00:00
|20135851|8809652637891|TRF|23/09/2024 00:00:00|TRF|03/03/2026 00:00:00
|20135853|8992222057295|TRF|30/09/2024 00:00:00|TRF|03/03/2026 00:00:00
|20135855|8992222057332|TRF|30/09/2024 00:00:00|TRF|03/03/2026 00:00:00
|20135856|8998866109819|TRF|23/09/2024 00:00:00|TRF|03/03/2026 00:00:00
|20135857|8998866627160|TRF|23/09/2024 00:00:00|TRF|03/03/2026 00:00:00
|20135858|8998866627177|TRF|23/09/2024 00:00:00|TRF|03/03/2026 00:00:00
|20135859|8999999598044|TRF|22/09/2024 00:00:00|TRF|03/03/2026 00:00:00
|20135866|8996168665965|TRF|01/08/2025 00:00:00|TRF|03/03/2026 00:00:00
|20135867|8996168665972|TRF|01/08/2025 00:00:00|TRF|03/03/2026 00:00:00
|20135868|8996168665996|TRF|01/08/2025 00:00:00|TRF|03/03/2026 00:00:00
|20135869|8996168665989|TRF|01/08/2025 00:00:00|TRF|03/03/2026 00:00:00
|20135972|630509421862|TRF|23/02/2025 00:00:00|TRF|03/03/2026 00:00:00
|20135972|6305094218626|TRF|23/02/2025 00:00:00|TRF|03/03/2026 00:00:00
|20135975|8801097130111|TRF|26/09/2024 00:00:00|TRF|03/03/2026 00:00:00
|20135978|8994096110953|TRF|15/10/2024 00:00:00|TRF|03/03/2026 00:00:00
|20135979|8994099114064|TRF|23/02/2025 00:00:00|TRF|03/03/2026 00:00:00
|20135980|8994096110939|TRF|23/02/2025 00:00:00|TRF|03/03/2026 00:00:00
|20135985|045686|TRF|14/10/2025 00:00:00|TRF|03/03/2026 00:00:00
|20135986|045687|TRF|14/10/2025 00:00:00|TRF|03/03/2026 00:00:00
|20135989|0089686040173|TRF|03/10/2024 00:00:00|TRF|03/03/2026 00:00:00
|20135990|0089686040197|TRF|03/10/2024 00:00:00|TRF|03/03/2026 00:00:00
|20135991|0089686060287|TRF|03/10/2024 00:00:00|TRF|03/03/2026 00:00:00
|20135992|0089686060300|TRF|03/10/2024 00:00:00|TRF|03/03/2026 00:00:00
|20135993|8991906102085|TRF|01/10/2024 00:00:00|TRF|03/03/2026 00:00:00
|20135994|8999999606886|TRF|29/09/2024 00:00:00|TRF|03/03/2026 00:00:00
|20135995|8997033691300|TRF|15/10/2024 00:00:00|TRF|03/03/2026 00:00:00
|20136004|8809674598705|TRF|23/09/2024 00:00:00|TRF|03/03/2026 00:00:00
|20136007|8993004789090|TRF|15/10/2024 00:00:00|TRF|03/03/2026 00:00:00
|20136018|8994096110977|TRF|15/10/2024 00:00:00|TRF|03/03/2026 00:00:00
|20136019|8994096110991|TRF|15/10/2024 00:00:00|TRF|03/03/2026 00:00:00
|20136021|8992222057257|TRF|10/10/2024 00:00:00|TRF|03/03/2026 00:00:00
|20136022|8992222057264|TRF|10/10/2024 00:00:00|TRF|03/03/2026 00:00:00
|20136023|8994112712598|TRF|16/10/2024 00:00:00|TRF|03/03/2026 00:00:00
|20136024|4719745074158|TRF|26/09/2024 00:00:00|TRF|03/03/2026 00:00:00
|20136035|8999909013216|TRF|01/10/2024 00:00:00|TRF|03/03/2026 00:00:00
|20136036|8999909013360|TRF|01/10/2024 00:00:00|TRF|03/03/2026 00:00:00
|20136040|8993189000270|TRF|23/02/2025 00:00:00|TRF|03/03/2026 00:00:00
|20136041|8993189700828|TRF|23/02/2025 00:00:00|TRF|03/03/2026 00:00:00
|20136042|8992959931448|TRF|23/02/2025 00:00:00|TRF|03/03/2026 00:00:00
|20136043|8993189381300|TRF|07/05/2025 00:00:00|TRF|03/03/2026 00:00:00
|20136061|045711|TRF|06/02/2025 00:00:00|TRF|03/03/2026 00:00:00
|20136077|8993351129952|TRF|15/10/2024 00:00:00|TRF|03/03/2026 00:00:00
|20136087|0089686641004|TRF|23/01/2025 00:00:00|TRF|03/03/2026 00:00:00
|20136090|8992696526747|TRF|25/10/2024 00:00:00|TRF|03/03/2026 00:00:00
|20136099|8998009800061|TRF|25/10/2024 00:00:00|TRF|03/03/2026 00:00:00
|20136100|2023112116337|TRF|23/02/2025 00:00:00|TRF|03/03/2026 00:00:00
|20136102|8994096111059|TRF|22/10/2024 00:00:00|TRF|03/03/2026 00:00:00
|20136106|8992907997168|TRF|08/10/2024 00:00:00|TRF|03/03/2026 00:00:00
|20136123|8991906102528|TRF|20/02/2025 00:00:00|TRF|03/03/2026 00:00:00
|20136124|8998866627405|TRF|03/03/2025 00:00:00|TRF|03/03/2026 00:00:00
|20136130|8992857130967|TRF|25/08/2025 00:00:00|TRF|03/03/2026 00:00:00
|20136134|8992857131001|TRF|13/03/2025 00:00:00|TRF|03/03/2026 00:00:00
|20136149|8993351129969|TRF|15/10/2024 00:00:00|TRF|03/03/2026 00:00:00
|20136184|0194735303939|TRF|07/11/2024 00:00:00|TRF|03/03/2026 00:00:00
|20136184|0194735349081|TRF|07/11/2024 00:00:00|TRF|03/03/2026 00:00:00
|20136191|8992741905695|TRF|01/11/2024 00:00:00|TRF|03/03/2026 00:00:00
|20136192|8992741990387|TRF|01/11/2024 00:00:00|TRF|03/03/2026 00:00:00
|20136193|8993110003769|TRF|25/10/2024 00:00:00|TRF|03/03/2026 00:00:00
|20136196|8993989381609|TRF|07/11/2024 00:00:00|TRF|03/03/2026 00:00:00
|20136206|8992696526945|TRF|01/11/2024 00:00:00|TRF|03/03/2026 00:00:00
|20136215|0194735000012|TRF|28/10/2024 00:00:00|TRF|03/03/2026 00:00:00
|20136216|0194735291779|TRF|30/11/2025 00:00:00|TRF|03/03/2026 00:00:00
|20136249|8020462410010|TRF|28/10/2024 00:00:00|TRF|03/03/2026 00:00:00
|20136250|8850157107358|TRF|18/10/2024 00:00:00|TRF|03/03/2026 00:00:00
|20136251|8850157107433|TRF|18/10/2024 00:00:00|TRF|03/03/2026 00:00:00
|20136252|8994096111585|TRF|25/05/2025 00:00:00|TRF|03/03/2026 00:00:00
|20136257|044278|TRF|29/10/2024 00:00:00|TRF|03/03/2026 00:00:00
|20136258|044287|TRF|29/10/2024 00:00:00|TRF|03/03/2026 00:00:00
|20136260|044293|TRF|29/10/2024 00:00:00|TRF|03/03/2026 00:00:00
|20136261|044294|TRF|29/10/2024 00:00:00|TRF|03/03/2026 00:00:00
|20136262|044296|TRF|29/10/2024 00:00:00|TRF|03/03/2026 00:00:00
|20136277|8994010020818|TRF|25/10/2024 00:00:00|TRF|03/03/2026 00:00:00
|20136282|8997878702001|TRF|22/11/2024 00:00:00|TRF|03/03/2026 00:00:00
|20136285|8990057986254|TRF|07/11/2024 00:00:00|TRF|03/03/2026 00:00:00
|20136289|8997004310063|TRF|22/10/2024 00:00:00|TRF|03/03/2026 00:00:00
|20136292|4987176065285|TRF|26/10/2024 00:00:00|TRF|03/03/2026 00:00:00
|20136296|8991102008815|TRF|26/10/2024 00:00:00|TRF|03/03/2026 00:00:00
|20136297|8999909012516|TRF|05/08/2025 00:00:00|TRF|03/03/2026 00:00:00
|20136299|8999999600310|TRF|26/10/2024 00:00:00|TRF|03/03/2026 00:00:00
|20136302|8999999607715|TRF|20/10/2024 00:00:00|TRF|03/03/2026 00:00:00
|20136303|8885013132601|TRF|23/02/2025 00:00:00|TRF|03/03/2026 00:00:00
|20136304|8990114000589|TRF|28/07/2025 00:00:00|TRF|03/03/2026 00:00:00
|20136304|8998009972911|TRF|28/10/2024 00:00:00|TRF|03/03/2026 00:00:00
|20136323|8999909012721|TRF|09/05/2025 00:00:00|TRF|03/03/2026 00:00:00
|20136324|8999909012813|TRF|09/05/2025 00:00:00|TRF|03/03/2026 00:00:00
|20136325|8999909012783|TRF|09/05/2025 00:00:00|TRF|03/03/2026 00:00:00
|20136326|8999909012752|TRF|09/05/2025 00:00:00|TRF|03/03/2026 00:00:00
|20136363|8997218380005|TRF|08/09/2025 00:00:00|TRF|03/03/2026 00:00:00
|20136385|8998866629881|TRF|11/11/2024 00:00:00|TRF|03/03/2026 00:00:00
|20136388|8993137007504|TRF|29/10/2024 00:00:00|TRF|03/03/2026 00:00:00
|20136390|8999999608149|TRF|01/11/2024 00:00:00|TRF|03/03/2026 00:00:00
|20136391|8999999608736|TRF|07/11/2024 00:00:00|TRF|03/03/2026 00:00:00
|20136394|8999999608132|TRF|29/10/2024 00:00:00|TRF|03/03/2026 00:00:00
|20136397|8995899992555|TRF|19/05/2025 00:00:00|TRF|03/03/2026 00:00:00
|20136404|8999999601683|TRF|07/11/2024 00:00:00|TRF|03/03/2026 00:00:00
|20136409|8992745000174|TRF|04/12/2024 00:00:00|TRF|03/03/2026 00:00:00
|20136431|8993137007498|TRF|29/10/2024 00:00:00|TRF|03/03/2026 00:00:00
|20136433|8992771010338|TRF|03/03/2026 00:00:00||
|20136451|8992696527065|TRF|09/12/2024 00:00:00|TRF|03/03/2026 00:00:00
|20136466|8998009040405|TRF|15/11/2024 00:00:00|TRF|03/03/2026 00:00:00
|20136473|8993498210940|TRF|25/02/2025 00:00:00|TRF|03/03/2026 00:00:00
|20136482|8993417594410|TRF|23/02/2025 00:00:00|TRF|03/03/2026 00:00:00
|20136510|8992696527003|TRF|24/11/2024 00:00:00|TRF|03/03/2026 00:00:00
|20136511|8994993026791|TRF|14/11/2024 00:00:00|TRF|03/03/2026 00:00:00
|20136516|8994096111547|TRF|08/11/2024 00:00:00|TRF|03/03/2026 00:00:00
|20136517|6927262805706|TRF|13/11/2024 00:00:00|TRF|03/03/2026 00:00:00
|20136518|505272730704|TRF|05/11/2024 00:00:00|TRF|03/03/2026 00:00:00
|20136518|VCFS50NE|TRF|06/05/2025 00:00:00|TRF|03/03/2026 00:00:00
|20136519|100272730701|TRF|05/11/2024 00:00:00|TRF|03/03/2026 00:00:00
|20136519|VCFS100NE|TRF|06/05/2025 00:00:00|TRF|03/03/2026 00:00:00
|20136524|8809639407455|TRF|14/11/2024 00:00:00|TRF|03/03/2026 00:00:00
|20136533|0089686040227|TRF|02/12/2024 00:00:00|TRF|03/03/2026 00:00:00
|20136547|0194735238088|TRF|23/02/2025 00:00:00|TRF|03/03/2026 00:00:00
|20136547|194735238088|TRF|23/02/2025 00:00:00|TRF|03/03/2026 00:00:00
|20136548|2023112116368|TRF|30/11/2024 00:00:00|TRF|03/03/2026 00:00:00
|20136561|8994449516203|TRF|15/12/2025 00:00:00|TRF|03/03/2026 00:00:00
|20136567|8993172000706|TRF|02/12/2024 00:00:00|TRF|03/03/2026 00:00:00
|20136574|8885013133059|TRF|16/01/2025 00:00:00|TRF|03/03/2026 00:00:00
|20136584|8997238920120|TRF|14/11/2024 00:00:00|TRF|03/03/2026 00:00:00
|20136586|4987176277329|TRF|14/11/2024 00:00:00|TRF|03/03/2026 00:00:00
|20136587|0089686062007|TRF|15/11/2024 00:00:00|TRF|03/03/2026 00:00:00
|20136588|045791|TRF|07/11/2024 00:00:00|TRF|03/03/2026 00:00:00
|20136622|8020462312024|TRF|02/12/2024 00:00:00|TRF|03/03/2026 00:00:00
|20136637|8997220411070|TRF|02/12/2024 00:00:00|TRF|03/03/2026 00:00:00
|20136638|8997220411056|TRF|02/12/2024 00:00:00|TRF|03/03/2026 00:00:00
|20136640|8997220411100|TRF|02/12/2024 00:00:00|TRF|03/03/2026 00:00:00
|20136643|8999999608262|TRF|25/11/2024 00:00:00|TRF|03/03/2026 00:00:00
|20136644|8999898976356|TRF|08/12/2024 00:00:00|TRF|03/03/2026 00:00:00
|20136647|8999898970637|TRF|08/12/2024 00:00:00|TRF|03/03/2026 00:00:00
|20136649|8999898970620|TRF|08/12/2024 00:00:00|TRF|03/03/2026 00:00:00
|20136661|8997204670622|TRF|13/12/2024 00:00:00|TRF|03/03/2026 00:00:00
|20136666|8994096110670|TRF|02/12/2024 00:00:00|TRF|03/03/2026 00:00:00
|20136677|6951144446909|TRF|23/02/2025 00:00:00|TRF|03/03/2026 00:00:00
|20136689|8999999607029|TRF|25/11/2024 00:00:00|TRF|03/03/2026 00:00:00
|20136702|8999999607371|TRF|08/12/2024 00:00:00|TRF|03/03/2026 00:00:00
|20136703|8999999608194|TRF|01/12/2024 00:00:00|TRF|03/03/2026 00:00:00
|20136704|8992702020948|TRF|15/12/2024 00:00:00|TRF|03/03/2026 00:00:00
|20136705|045114|TRF|03/12/2024 00:00:00|TRF|03/03/2026 00:00:00
|20136706|8994096110823|TRF|28/03/2025 00:00:00|TRF|03/03/2026 00:00:00
|20136707|8994096110809|TRF|28/03/2025 00:00:00|TRF|03/03/2026 00:00:00
|20136708|8998866630504|TRF|28/11/2024 00:00:00|TRF|03/03/2026 00:00:00
|20136710|8997230801861|TRF|10/12/2024 00:00:00|TRF|03/03/2026 00:00:00
|20136740|8991901102011|TRF|02/12/2024 00:00:00|TRF|03/03/2026 00:00:00
|20136742|8992696526723|TRF|15/12/2024 00:00:00|TRF|03/03/2026 00:00:00
|20136744|0089686734058|TRF|13/12/2024 00:00:00|TRF|03/03/2026 00:00:00
|20136745|8998866204330|TRF|19/12/2024 00:00:00|TRF|03/03/2026 00:00:00
|20136746|8994461220348|TRF|12/12/2024 00:00:00|TRF|03/03/2026 00:00:00
|20136747|8994461220256|TRF|12/12/2024 00:00:00|TRF|03/03/2026 00:00:00
|20136748|8994461220553|TRF|12/12/2024 00:00:00|TRF|03/03/2026 00:00:00
|20136749|8994461220195|TRF|12/12/2024 00:00:00|TRF|03/03/2026 00:00:00
|20136750|8994461220225|TRF|12/12/2024 00:00:00|TRF|03/03/2026 00:00:00
|20136751|8994461220317|TRF|12/12/2024 00:00:00|TRF|03/03/2026 00:00:00
|20136752|8994461220287|TRF|12/12/2024 00:00:00|TRF|03/03/2026 00:00:00
|20136753|8994461220409|TRF|12/12/2024 00:00:00|TRF|03/03/2026 00:00:00
|20136754|8994461220522|TRF|12/12/2024 00:00:00|TRF|03/03/2026 00:00:00
|20136755|8994461220492|TRF|12/12/2024 00:00:00|TRF|03/03/2026 00:00:00
|20136756|8994461220584|TRF|12/12/2024 00:00:00|TRF|03/03/2026 00:00:00
|20136757|8994461220164|TRF|12/12/2024 00:00:00|TRF|03/03/2026 00:00:00
|20136761|8996001307694|TRF|29/09/2025 00:00:00|TRF|03/03/2026 00:00:00
|20136763|8990025300013|TRF|13/12/2024 00:00:00|TRF|03/03/2026 00:00:00
|20136765|8998989300513|TRF|20/02/2025 00:00:00|TRF|03/03/2026 00:00:00
|20136768|8992753723294|TRF|17/12/2024 00:00:00|TRF|03/03/2026 00:00:00
|20136769|8992753723300|TRF|17/12/2024 00:00:00|TRF|03/03/2026 00:00:00
|20136816|8992702070226|TRF|03/12/2024 00:00:00|TRF|03/03/2026 00:00:00
|20136817|8993007007276|TRF|03/12/2024 00:00:00|TRF|03/03/2026 00:00:00
|20136853|8994112481487|TRF|10/12/2024 00:00:00|TRF|03/03/2026 00:00:00
|20136854|8994112481470|TRF|10/12/2024 00:00:00|TRF|03/03/2026 00:00:00
|20136855|5051644163335|TRF|10/12/2024 00:00:00|TRF|03/03/2026 00:00:00
|20136856|5051644123438|TRF|10/12/2024 00:00:00|TRF|03/03/2026 00:00:00
|20136857|5051644123445|TRF|10/12/2024 00:00:00|TRF|03/03/2026 00:00:00
|20136858|5051644123452|TRF|10/12/2024 00:00:00|TRF|03/03/2026 00:00:00
|20136864|045868|TRF|06/02/2025 00:00:00|TRF|03/03/2026 00:00:00
|20136874|8994461220041|TRF|12/12/2024 00:00:00|TRF|03/03/2026 00:00:00
|20136877|8994461220430|TRF|12/12/2024 00:00:00|TRF|03/03/2026 00:00:00
|20136879|8994461220010|TRF|12/12/2024 00:00:00|TRF|03/03/2026 00:00:00
|20136880|8994461220614|TRF|12/12/2024 00:00:00|TRF|03/03/2026 00:00:00
|20136881|8994096111561|TRF|09/12/2024 00:00:00|TRF|03/03/2026 00:00:00
|20136913|8992959974704|TRF|23/02/2025 00:00:00|TRF|03/03/2026 00:00:00
|20136927|8994096111899|TRF|19/12/2024 00:00:00|TRF|03/03/2026 00:00:00
|20136929|8992933172119|TRF|15/09/2025 00:00:00|TRF|03/03/2026 00:00:00
|20136930|8999999605957|TRF|24/12/2024 00:00:00|TRF|03/03/2026 00:00:00
|20136931|8999999605995|TRF|24/12/2024 00:00:00|TRF|03/03/2026 00:00:00
|20136932|8999999605940|TRF|24/12/2024 00:00:00|TRF|03/03/2026 00:00:00
|20136934|8990333000032|TRF|09/01/2025 00:00:00|TRF|03/03/2026 00:00:00
|20136951|8993200666201|TRF|10/04/2025 00:00:00|TRF|03/03/2026 00:00:00
|20136952|8851028004752|TRF|30/09/2025 00:00:00|TRF|03/03/2026 00:00:00
|20136980|045912|TRF|28/02/2025 00:00:00|TRF|03/03/2026 00:00:00
|20137007|8992902212075|TRF|07/01/2025 00:00:00|TRF|03/03/2026 00:00:00
|20137011|0792649503379|TRF|24/12/2024 00:00:00|TRF|03/03/2026 00:00:00
|20137013|8992802124010|TRF|02/01/2025 00:00:00|TRF|03/03/2026 00:00:00
|20137014|8997232971265|TRF|14/01/2025 00:00:00|TRF|03/03/2026 00:00:00
|20137017|8998888000057|TRF|22/07/2025 00:00:00|TRF|03/03/2026 00:00:00
|20137021|8994096110731|TRF|06/01/2025 00:00:00|TRF|03/03/2026 00:00:00
|20137023|8992959957820|TRF|07/05/2025 00:00:00|TRF|03/03/2026 00:00:00
|20137024|8992959957813|TRF|07/05/2025 00:00:00|TRF|03/03/2026 00:00:00
|20137035|8994096112148|TRF|20/11/2025 00:00:00|TRF|03/03/2026 00:00:00
|20137045|8994096112100|TRF|20/11/2025 00:00:00|TRF|03/03/2026 00:00:00
|20137049|8994112712611|TRF|23/02/2025 00:00:00|TRF|03/03/2026 00:00:00
|20137050|8994112712628|TRF|23/02/2025 00:00:00|TRF|03/03/2026 00:00:00
|20137050|8994112712642|TRF|31/10/2025 00:00:00|TRF|03/03/2026 00:00:00
|20137054|0089686732153|TRF|14/01/2025 00:00:00|TRF|03/03/2026 00:00:00
|20137055|8994461220133|TRF|06/01/2025 00:00:00|TRF|03/03/2026 00:00:00
|20137056|8994461220102|TRF|06/01/2025 00:00:00|TRF|03/03/2026 00:00:00
|20137057|8994461220676|TRF|06/01/2025 00:00:00|TRF|03/03/2026 00:00:00
|20137058|8994461220645|TRF|06/01/2025 00:00:00|TRF|03/03/2026 00:00:00
|20137063|8994096111721|TRF|10/01/2025 00:00:00|TRF|03/03/2026 00:00:00
|20137064|8994096111745|TRF|10/01/2025 00:00:00|TRF|03/03/2026 00:00:00
|20137065|8997033691430|TRF|23/01/2025 00:00:00|TRF|03/03/2026 00:00:00
|20137066|6974228162502|TRF|02/01/2025 00:00:00|TRF|03/03/2026 00:00:00
|20137067|6974228162588|TRF|02/01/2025 00:00:00|TRF|03/03/2026 00:00:00
|20137068|6974228162571|TRF|02/01/2025 00:00:00|TRF|03/03/2026 00:00:00
|20137069|8997233930858|TRF|14/01/2025 00:00:00|TRF|03/03/2026 00:00:00
|20137070|8992696527591|TRF|23/01/2025 00:00:00|TRF|03/03/2026 00:00:00
|20137071|0071662973001|TRF|23/02/2025 00:00:00|TRF|03/03/2026 00:00:00
|20137074|8994112481494|TRF|22/01/2025 00:00:00|TRF|03/03/2026 00:00:00
|20137075|8994112481463|TRF|22/01/2025 00:00:00|TRF|03/03/2026 00:00:00
|20137093|8992761002084|TRF|16/01/2025 00:00:00|TRF|03/03/2026 00:00:00
|20137094|0648436301027|TRF|23/01/2025 00:00:00|TRF|03/03/2026 00:00:00
|20137095|8850389118856|TRF|23/01/2025 00:00:00|TRF|03/03/2026 00:00:00
|20137098|6949080000293|TRF|22/01/2025 00:00:00|TRF|03/03/2026 00:00:00
|20137099|8993007007283|TRF|20/01/2025 00:00:00|TRF|03/03/2026 00:00:00
|20137101|0089686043785|TRF|01/02/2025 00:00:00|TRF|03/03/2026 00:00:00
|20137102|0089686043754|TRF|01/02/2025 00:00:00|TRF|03/03/2026 00:00:00
|20137103|0089686060348|TRF|01/02/2025 00:00:00|TRF|03/03/2026 00:00:00
|20137104|8999999603502|TRF|30/01/2025 00:00:00|TRF|03/03/2026 00:00:00
|20137105|8990114000428|TRF|20/05/2025 00:00:00|TRF|03/03/2026 00:00:00
|20137105|8998009972959|TRF|16/01/2025 00:00:00|TRF|03/03/2026 00:00:00
|20137106|8999999610142|TRF|30/01/2025 00:00:00|TRF|03/03/2026 00:00:00
|20137107|8990114000282|TRF|29/10/2025 00:00:00|TRF|03/03/2026 00:00:00
|20137107|8998009972980|TRF|16/01/2025 00:00:00|TRF|03/03/2026 00:00:00
|20137107|8998009973048|TRF|16/01/2025 00:00:00|TRF|03/03/2026 00:00:00
|20137108|8999999609252|TRF|16/01/2025 00:00:00|TRF|03/03/2026 00:00:00
|20137159|8998009040368|TRF|30/01/2025 00:00:00|TRF|03/03/2026 00:00:00
|20137160|8998009017827|TRF|31/01/2025 00:00:00|TRF|03/03/2026 00:00:00
|20137170|045913|TRF|28/02/2025 00:00:00|TRF|03/03/2026 00:00:00
|20137171|046003|TRF|28/02/2025 00:00:00|TRF|03/03/2026 00:00:00
|20137172|046004|TRF|28/02/2025 00:00:00|TRF|03/03/2026 00:00:00
|20137173|8997236031934|TRF|26/01/2025 00:00:00|TRF|03/03/2026 00:00:00
|20137174|8993560003722|TRF|26/01/2025 00:00:00|TRF|03/03/2026 00:00:00
|20137175|8991904102513|TRF|20/02/2025 00:00:00|TRF|03/03/2026 00:00:00
|20137228|8991102779104|TRF|01/02/2025 00:00:00|TRF|03/03/2026 00:00:00
|20137229|8991102779128|TRF|01/02/2025 00:00:00|TRF|03/03/2026 00:00:00
|20137230|8997232971302|TRF|21/01/2025 00:00:00|TRF|03/03/2026 00:00:00
|20137253|8997017643455|TRF|26/01/2025 00:00:00|TRF|03/03/2026 00:00:00
|20137254|8999999608217|TRF|26/01/2025 00:00:00|TRF|03/03/2026 00:00:00
|20137258|8992717900495|TRF|22/07/2025 00:00:00|TRF|03/03/2026 00:00:00
|20137260|8992982501946|TRF|06/03/2025 00:00:00|TRF|03/03/2026 00:00:00
|20137291|8994096111264|TRF|23/02/2025 00:00:00|TRF|03/03/2026 00:00:00
|20137292|8994096111691|TRF|23/02/2025 00:00:00|TRF|03/03/2026 00:00:00
|20137296|8994455480123|TRF|20/02/2025 00:00:00|TRF|03/03/2026 00:00:00
|20137297|8997217371042|TRF|15/04/2025 00:00:00|TRF|03/03/2026 00:00:00
|20137298|8998127923550|TRF|20/02/2025 00:00:00|TRF|03/03/2026 00:00:00
|20137298|8998127923574|TRF|20/02/2025 00:00:00|TRF|03/03/2026 00:00:00
|20137308|046010|TRF|28/02/2025 00:00:00|TRF|03/03/2026 00:00:00
|20137309|046011|TRF|28/02/2025 00:00:00|TRF|03/03/2026 00:00:00
|20137311|8999908918109|TRF|23/02/2025 00:00:00|TRF|03/03/2026 00:00:00
|20137312|8850007818038|TRF|09/02/2025 00:00:00|TRF|03/03/2026 00:00:00
|20137313|8999777010768|TRF|23/02/2025 00:00:00|TRF|03/03/2026 00:00:00
|20137314|8993176720563|TRF|23/02/2025 00:00:00|TRF|03/03/2026 00:00:00
|20137316|8999777012151|TRF|23/02/2025 00:00:00|TRF|03/03/2026 00:00:00
|20137338|8809698873345|TRF|07/04/2025 00:00:00|TRF|03/03/2026 00:00:00
|20137358|0194735185085|TRF|23/02/2025 00:00:00|TRF|03/03/2026 00:00:00
|20137359|0111111100036|TRF|23/02/2025 00:00:00|TRF|03/03/2026 00:00:00
|20137359|0194735112087|TRF|23/02/2025 00:00:00|TRF|03/03/2026 00:00:00
|20137359|111111100036|TRF|23/02/2025 00:00:00|TRF|03/03/2026 00:00:00
|20137383|046047|TRF|03/02/2025 00:00:00|TRF|03/03/2026 00:00:00
|20137391|8993110004001|TRF|20/02/2025 00:00:00|TRF|03/03/2026 00:00:00
|20137392|8993110004018|TRF|20/02/2025 00:00:00|TRF|03/03/2026 00:00:00
|20137408|8999999608699|TRF|03/03/2025 00:00:00|TRF|03/03/2026 00:00:00
|20137409|8992946534966|TRF|23/02/2025 00:00:00|TRF|03/03/2026 00:00:00
|20137410|8999999609573|TRF|09/02/2025 00:00:00|TRF|03/03/2026 00:00:00
|20137411|8992946535079|TRF|23/02/2025 00:00:00|TRF|03/03/2026 00:00:00
|20137412|8992946535055|TRF|23/02/2025 00:00:00|TRF|03/03/2026 00:00:00
|20137413|8992982501991|TRF|28/04/2025 00:00:00|TRF|03/03/2026 00:00:00
|20137413|8992982502035|TRF|28/04/2025 00:00:00|TRF|03/03/2026 00:00:00
|20137414|4987176142924|TRF|25/02/2025 00:00:00|TRF|03/03/2026 00:00:00
|20137415|8993058310417|TRF|25/02/2025 00:00:00|TRF|03/03/2026 00:00:00
|20137419|045113|TRF|23/02/2025 00:00:00|TRF|03/03/2026 00:00:00
|20137422|046014|TRF|31/12/2025 00:00:00|TRF|03/03/2026 00:00:00
|20137439|046075|TRF|06/02/2025 00:00:00|TRF|03/03/2026 00:00:00
|20137439|8997011792135|TRF|13/03/2025 00:00:00|TRF|03/03/2026 00:00:00
|20137459|8993200000005|TRF|20/02/2025 00:00:00|TRF|03/03/2026 00:00:00
|20137476|8997035601895|TRF|10/03/2025 00:00:00|TRF|03/03/2026 00:00:00
|20137492|8993110004186|TRF|07/02/2025 00:00:00|TRF|03/03/2026 00:00:00
|20137504|8993218673505|TRF|25/02/2025 00:00:00|TRF|03/03/2026 00:00:00
|20137510|8993176818505|TRF|25/02/2025 00:00:00|TRF|03/03/2026 00:00:00
|20137528|8992907000554|TRF|20/02/2025 00:00:00|TRF|03/03/2026 00:00:00
|20137529|8992907000547|TRF|20/02/2025 00:00:00|TRF|03/03/2026 00:00:00
|20137553|0858050008886|TRF|23/02/2025 00:00:00|TRF|03/03/2026 00:00:00
|20137565|8992775100707|TRF|04/03/2025 00:00:00|TRF|03/03/2026 00:00:00
|20137568|7622202302886|TRF|29/09/2025 00:00:00|TRF|03/03/2026 00:00:00
|20137569|7622202302909|TRF|29/09/2025 00:00:00|TRF|03/03/2026 00:00:00
|20137571|8997223735616|TRF|21/02/2025 00:00:00|TRF|03/03/2026 00:00:00
|20137572|0089686732160|TRF|20/02/2025 00:00:00|TRF|03/03/2026 00:00:00
|20137577|8858702438025|TRF|04/03/2025 00:00:00|TRF|03/03/2026 00:00:00
|20137579|8992753723362|TRF|25/02/2025 00:00:00|TRF|03/03/2026 00:00:00
|20137581|8994096111400|TRF|13/03/2025 00:00:00|TRF|03/03/2026 00:00:00
|20137582|8994096111424|TRF|13/03/2025 00:00:00|TRF|03/03/2026 00:00:00
|20137583|8994096111929|TRF|29/09/2025 00:00:00|TRF|03/03/2026 00:00:00
|20137584|8994096111905|TRF|29/09/2025 00:00:00|TRF|03/03/2026 00:00:00
|20137585|4897144700295|TRF|03/09/2025 00:00:00|TRF|03/03/2026 00:00:00
|20137585|8809639407981|TRF|23/02/2025 00:00:00|TRF|03/03/2026 00:00:00
|20137586|8809639407356|TRF|23/02/2025 00:00:00|TRF|03/03/2026 00:00:00
|20137587|6927262806062|TRF|23/02/2025 00:00:00|TRF|03/03/2026 00:00:00
|20137589|8999999608057|TRF|23/02/2025 00:00:00|TRF|03/03/2026 00:00:00
|20137594|8809639405215|TRF|25/02/2025 00:00:00|TRF|03/03/2026 00:00:00
|20137599|8993007007252|TRF|20/02/2025 00:00:00|TRF|03/03/2026 00:00:00
|20137600|8992753722761|TRF|03/03/2025 00:00:00|TRF|03/03/2026 00:00:00
|20137601|8993007007238|TRF|20/02/2025 00:00:00|TRF|03/03/2026 00:00:00
|20137602|8993007007245|TRF|20/02/2025 00:00:00|TRF|03/03/2026 00:00:00
|20137603|8993007007221|TRF|20/02/2025 00:00:00|TRF|03/03/2026 00:00:00
|20137605|8993137741460|TRF|02/03/2025 00:00:00|TRF|03/03/2026 00:00:00
|20137606|8993137010641|TRF|23/02/2025 00:00:00|TRF|03/03/2026 00:00:00
|20137607|8999999608064|TRF|23/02/2025 00:00:00|TRF|03/03/2026 00:00:00
|20137608|8999999609566|TRF|08/05/2025 00:00:00|TRF|03/03/2026 00:00:00
|20137609|8993137010658|TRF|23/02/2025 00:00:00|TRF|03/03/2026 00:00:00
|20137610|8999999609559|TRF|28/04/2025 00:00:00|TRF|03/03/2026 00:00:00
|20137628|0111111100005|TRF|20/02/2025 00:00:00|TRF|03/03/2026 00:00:00
|20137629|0194735291793|TRF|20/02/2025 00:00:00|TRF|03/03/2026 00:00:00
|20137630|0111111100012|TRF|04/06/2025 00:00:00|TRF|03/03/2026 00:00:00
|20137631|0194735291816|TRF|25/08/2025 00:00:00|TRF|03/03/2026 00:00:00
|20137670|8994993027484|TRF|11/03/2025 00:00:00|TRF|03/03/2026 00:00:00
|20137681|8994096111769|TRF|06/03/2025 00:00:00|TRF|03/03/2026 00:00:00
|20137682|8992959931493|TRF|06/05/2025 00:00:00|TRF|03/03/2026 00:00:00
|20137683|8992959931486|TRF|06/05/2025 00:00:00|TRF|03/03/2026 00:00:00
|20137691|8994112692357|TRF|17/03/2025 00:00:00|TRF|03/03/2026 00:00:00
|20137691|8994112920023|TRF|31/10/2025 00:00:00|TRF|03/03/2026 00:00:00
|20137692|8998824553418|TRF|02/03/2025 00:00:00|TRF|03/03/2026 00:00:00
|20137693|0089686161021|TRF|31/05/2025 00:00:00|TRF|03/03/2026 00:00:00
|20137694|0089686161007|TRF|02/06/2025 00:00:00|TRF|03/03/2026 00:00:00
|20137695|0089686161014|TRF|02/06/2025 00:00:00|TRF|03/03/2026 00:00:00
|20137696|8997016224402|TRF|02/03/2025 00:00:00|TRF|03/03/2026 00:00:00
|20137697|8997016223450|TRF|02/03/2025 00:00:00|TRF|03/03/2026 00:00:00
|20137698|8997016223467|TRF|02/03/2025 00:00:00|TRF|03/03/2026 00:00:00
|20137700|8990019001902|TRF|04/03/2025 00:00:00|TRF|03/03/2026 00:00:00
|20137718|044281|TRF|03/03/2025 00:00:00|TRF|03/03/2026 00:00:00
|20137719|044282|TRF|03/03/2025 00:00:00|TRF|03/03/2026 00:00:00
|20137720|044291|TRF|03/03/2025 00:00:00|TRF|03/03/2026 00:00:00
|20137751|8994457130316|TRF|08/03/2025 00:00:00|TRF|03/03/2026 00:00:00
|20137752|8994457130149|TRF|08/03/2025 00:00:00|TRF|03/03/2026 00:00:00
|20137753|8994457130323|TRF|08/03/2025 00:00:00|TRF|03/03/2026 00:00:00
|20137754|8994457130132|TRF|08/03/2025 00:00:00|TRF|03/03/2026 00:00:00
|20137755|8994457130194|TRF|20/03/2025 00:00:00|TRF|03/03/2026 00:00:00
|20137756|8994457130279|TRF|20/03/2025 00:00:00|TRF|03/03/2026 00:00:00
|20137757|8994448720229|TRF|08/03/2025 00:00:00|TRF|03/03/2026 00:00:00
|20137758|8994448720007|TRF|08/03/2025 00:00:00|TRF|03/03/2026 00:00:00
|20137759|8991071480056|TRF|08/03/2025 00:00:00|TRF|03/03/2026 00:00:00
|20137760|8886013414155|TRF|29/09/2025 00:00:00|TRF|03/03/2026 00:00:00
|20137761|8994458250440|TRF|25/03/2025 00:00:00|TRF|03/03/2026 00:00:00
|20137762|8994458250457|TRF|25/03/2025 00:00:00|TRF|03/03/2026 00:00:00
|20137766|8995139555021|TRF|24/03/2025 00:00:00|TRF|03/03/2026 00:00:00
|20137767|8994096112261|TRF|25/03/2025 00:00:00|TRF|03/03/2026 00:00:00
|20137768|8997204440928|TRF|06/03/2025 00:00:00|TRF|03/03/2026 00:00:00
|20137777|8992696526884|TRF|11/03/2025 00:00:00|TRF|03/03/2026 00:00:00
|20137778|8997232971333|TRF|20/03/2025 00:00:00|TRF|03/03/2026 00:00:00
|20137779|8858702441018|TRF|20/03/2025 00:00:00|TRF|03/03/2026 00:00:00
|20137785|046130|TRF|03/03/2025 00:00:00|TRF|03/03/2026 00:00:00
|20137786|046129|TRF|03/03/2025 00:00:00|TRF|03/03/2026 00:00:00
|20137791|8998866632102|TRF|24/03/2025 00:00:00|TRF|03/03/2026 00:00:00
|20137792|8998866110037|TRF|24/03/2025 00:00:00|TRF|03/03/2026 00:00:00
|20137793|8999999604202|TRF|24/03/2025 00:00:00|TRF|03/03/2026 00:00:00
|20137795|8997230801977|TRF|27/01/2026 00:00:00|TRF|03/03/2026 00:00:00
|20137813|8999909014152|TRF|25/04/2025 00:00:00|TRF|03/03/2026 00:00:00
|20137815|8888900700051|TRF|18/06/2025 00:00:00|TRF|03/03/2026 00:00:00
|20137817|6920231121326|TRF|17/03/2025 00:00:00|TRF|03/03/2026 00:00:00
|20137818|ersyc000133|TRF|12/08/2025 00:00:00|TRF|03/03/2026 00:00:00
|20137819|ersyc000134|TRF|12/08/2025 00:00:00|TRF|03/03/2026 00:00:00
|20137820|ersyc000135|TRF|12/08/2025 00:00:00|TRF|03/03/2026 00:00:00
|20137834|8051708014716|TRF|17/03/2025 00:00:00|TRF|03/03/2026 00:00:00
|20137834|9771593515004|TRF|02/10/2025 00:00:00|TRF|03/03/2026 00:00:00
|20137858|8885013133264|TRF|23/03/2025 00:00:00|TRF|03/03/2026 00:00:00
|20137859|8997016223900|TRF|11/03/2025 00:00:00|TRF|03/03/2026 00:00:00
|20137860|8996001526378|TRF|20/03/2025 00:00:00|TRF|03/03/2026 00:00:00
|20137862|8993189000706|TRF|06/05/2025 00:00:00|TRF|03/03/2026 00:00:00
|20137863|8993189000713|TRF|06/05/2025 00:00:00|TRF|03/03/2026 00:00:00
|20137865|8999999601638|TRF|17/04/2025 00:00:00|TRF|03/03/2026 00:00:00
|20137876|8994096111851|TRF|19/03/2025 00:00:00|TRF|03/03/2026 00:00:00
|20137880|8994096111837|TRF|19/03/2025 00:00:00|TRF|03/03/2026 00:00:00
|20137884|6911316003354|TRF|24/03/2025 00:00:00|TRF|03/03/2026 00:00:00
|20137885|6911316003316|TRF|24/03/2025 00:00:00|TRF|03/03/2026 00:00:00
|20137888|0089686070118|TRF|07/04/2025 00:00:00|TRF|03/03/2026 00:00:00
|20137888|089686070118|TRF|07/04/2025 00:00:00|TRF|03/03/2026 00:00:00
|20137935|6957155700269|TRF|17/03/2025 00:00:00|TRF|03/03/2026 00:00:00
|20137939|0089686827460|TRF|20/03/2025 00:00:00|TRF|03/03/2026 00:00:00
|20137940|4987176269416|TRF|08/04/2025 00:00:00|TRF|03/03/2026 00:00:00
|20137941|046199|TRF|14/03/2025 00:00:00|TRF|03/03/2026 00:00:00
|20137942|046200|TRF|14/03/2025 00:00:00|TRF|03/03/2026 00:00:00
|20137943|046201|TRF|14/03/2025 00:00:00|TRF|03/03/2026 00:00:00
|20137944|046202|TRF|14/03/2025 00:00:00|TRF|03/03/2026 00:00:00
|20137962|8997013661156|TRF|14/04/2025 00:00:00|TRF|03/03/2026 00:00:00
|20137963|8997013661125|TRF|14/04/2025 00:00:00|TRF|03/03/2026 00:00:00
|20137964|8997013661248|TRF|14/04/2025 00:00:00|TRF|03/03/2026 00:00:00
|20137965|8997013660883|TRF|06/05/2025 00:00:00|TRF|03/03/2026 00:00:00
|20137966|8997013661330|TRF|06/05/2025 00:00:00|TRF|03/03/2026 00:00:00
|20137967|8997013660517|TRF|06/05/2025 00:00:00|TRF|03/03/2026 00:00:00
|20137968|8997013660609|TRF|06/05/2025 00:00:00|TRF|03/03/2026 00:00:00
|20137969|8994096111714|TRF|03/04/2025 00:00:00|TRF|03/03/2026 00:00:00
|20137977|8999898977469|TRF|10/04/2025 00:00:00|TRF|03/03/2026 00:00:00
|20137991|8998866632287|TRF|15/04/2025 00:00:00|TRF|03/03/2026 00:00:00
|20137992|8998866632300|TRF|15/04/2025 00:00:00|TRF|03/03/2026 00:00:00
|20138002|0194735278473|TRF|26/03/2025 00:00:00|TRF|03/03/2026 00:00:00
|20138002|194735278473|TRF|21/03/2025 00:00:00|TRF|03/03/2026 00:00:00
|20138018|8992907996734|TRF|15/04/2025 00:00:00|TRF|03/03/2026 00:00:00
|20138020|8992907996727|TRF|15/04/2025 00:00:00|TRF|03/03/2026 00:00:00
|20138021|8999999611415|TRF|24/03/2025 00:00:00|TRF|03/03/2026 00:00:00
|20138022|8999999611408|TRF|24/03/2025 00:00:00|TRF|03/03/2026 00:00:00
|20138023|4987176277336|TRF|07/04/2025 00:00:00|TRF|03/03/2026 00:00:00
|20138024|8994096110755|TRF|07/04/2025 00:00:00|TRF|03/03/2026 00:00:00
|20138025|8801128307864|TRF|15/04/2025 00:00:00|TRF|03/03/2026 00:00:00
|20138026|8998866611664|TRF|24/03/2025 00:00:00|TRF|03/03/2026 00:00:00
|20138027|8993137003766|TRF|07/04/2025 00:00:00|TRF|03/03/2026 00:00:00
|20138028|8809665287342|TRF|07/04/2025 00:00:00|TRF|03/03/2026 00:00:00
|20138029|8998866613040|TRF|24/03/2025 00:00:00|TRF|03/03/2026 00:00:00
|20138030|8997878702216|TRF|15/04/2025 00:00:00|TRF|03/03/2026 00:00:00
|20138035|8991998119985|TRF|15/04/2025 00:00:00|TRF|03/03/2026 00:00:00
|20138036|8999999611378|TRF|24/03/2025 00:00:00|TRF|03/03/2026 00:00:00
|20138040|8996001308271|TRF|29/09/2025 00:00:00|TRF|03/03/2026 00:00:00
|20138041|8998685182307|TRF|09/04/2025 00:00:00|TRF|03/03/2026 00:00:00
|20138049|8801128307857|TRF|15/04/2025 00:00:00|TRF|03/03/2026 00:00:00
|20138050|8992982700134|TRF|10/04/2025 00:00:00|TRF|03/03/2026 00:00:00
|20138057|9556001298379|TRF|10/04/2025 00:00:00|TRF|03/03/2026 00:00:00
|20138059|8995151402129|TRF|24/03/2025 00:00:00|TRF|03/03/2026 00:00:00
|20138071|8992772948012|TRF|23/09/2025 00:00:00|TRF|03/03/2026 00:00:00
|20138072|8992717900488|TRF|22/07/2025 00:00:00|TRF|03/03/2026 00:00:00
|20138077|044324|TRF|14/06/2025 00:00:00|TRF|03/03/2026 00:00:00
|20138078|044327|TRF|14/06/2025 00:00:00|TRF|03/03/2026 00:00:00
|20138079|044335|TRF|14/06/2025 00:00:00|TRF|03/03/2026 00:00:00
|20138080|044336|TRF|14/06/2025 00:00:00|TRF|03/03/2026 00:00:00
|20138081|044305|TRF|14/06/2025 00:00:00|TRF|03/03/2026 00:00:00
|20138082|044306|TRF|14/06/2025 00:00:00|TRF|03/03/2026 00:00:00
|20138097|8994460550101|TRF|07/04/2025 00:00:00|TRF|03/03/2026 00:00:00
|20138098|8994460553041|TRF|07/04/2025 00:00:00|TRF|03/03/2026 00:00:00
|20138099|8994251002062|TRF|29/09/2025 00:00:00|TRF|03/03/2026 00:00:00
|20138100|8992946534409|TRF|29/04/2025 00:00:00|TRF|03/03/2026 00:00:00
|20138101|8999999608248|TRF|29/04/2025 00:00:00|TRF|03/03/2026 00:00:00
|20138102|8994460553225|TRF|07/04/2025 00:00:00|TRF|03/03/2026 00:00:00
|20138106|8994834009044|TRF|09/05/2025 00:00:00|TRF|03/03/2026 00:00:00
|20138107|8997016224419|TRF|07/04/2025 00:00:00|TRF|03/03/2026 00:00:00
|20138108|8992727009560|TRF|24/04/2025 00:00:00|TRF|03/03/2026 00:00:00
|20138109|8997016224426|TRF|07/04/2025 00:00:00|TRF|03/03/2026 00:00:00
|20138111|8992727009393|TRF|24/04/2025 00:00:00|TRF|03/03/2026 00:00:00
|20138114|0648436310470|TRF|17/04/2025 00:00:00|TRF|03/03/2026 00:00:00
|20138147|8993200669592|TRF|29/04/2025 00:00:00|TRF|03/03/2026 00:00:00
|20138150|8993200669561|TRF|29/04/2025 00:00:00|TRF|03/03/2026 00:00:00
|20138151|8993200669622|TRF|29/04/2025 00:00:00|TRF|03/03/2026 00:00:00
|20138164|6936756244716|TRF|05/05/2025 00:00:00|TRF|03/03/2026 00:00:00
|20138167|8991749000104|TRF|29/04/2025 00:00:00|TRF|03/03/2026 00:00:00
|20138168|8991749000098|TRF|29/04/2025 00:00:00|TRF|03/03/2026 00:00:00
|20138169|8999099932786|TRF|05/02/2026 00:00:00|TRF|03/03/2026 00:00:00
|20138170|8801043068826|TRF|05/05/2025 00:00:00|TRF|03/03/2026 00:00:00
|20138171|0089686648072|TRF|04/07/2025 00:00:00|TRF|03/03/2026 00:00:00
|20138179|046226|TRF|05/05/2025 00:00:00|TRF|03/03/2026 00:00:00
|20138181|046227|TRF|05/05/2025 00:00:00|TRF|03/03/2026 00:00:00
|20138185|8997033562105|TRF|21/05/2025 00:00:00|TRF|03/03/2026 00:00:00
|20138191|8851932479035|TRF|29/04/2025 00:00:00|TRF|03/03/2026 00:00:00
|20138193|8999999611538|TRF|29/04/2025 00:00:00|TRF|03/03/2026 00:00:00
|20138202|8992388145805|TRF|08/05/2025 00:00:00|TRF|03/03/2026 00:00:00
|20138203|8995102704630|TRF|09/05/2025 00:00:00|TRF|03/03/2026 00:00:00
|20138206|8999909014534|TRF|28/04/2025 00:00:00|TRF|03/03/2026 00:00:00
|20138225|8999909014602|TRF|28/04/2025 00:00:00|TRF|03/03/2026 00:00:00
|20138226|8994462790031|TRF|01/05/2025 00:00:00|TRF|03/03/2026 00:00:00
|20138227|8994462790079|TRF|01/05/2025 00:00:00|TRF|03/03/2026 00:00:00
|20138228|8994462790024|TRF|01/05/2025 00:00:00|TRF|03/03/2026 00:00:00
|20138229|8994462790062|TRF|01/05/2025 00:00:00|TRF|03/03/2026 00:00:00
|20138230|8994462790147|TRF|01/05/2025 00:00:00|TRF|03/03/2026 00:00:00
|20138231|8994462790154|TRF|01/05/2025 00:00:00|TRF|03/03/2026 00:00:00
|20138236|8994462790109|TRF|01/05/2025 00:00:00|TRF|03/03/2026 00:00:00
|20138241|8994462790116|TRF|01/05/2025 00:00:00|TRF|03/03/2026 00:00:00
|20138252|8993058309701|TRF|24/04/2025 00:00:00|TRF|03/03/2026 00:00:00
|20138253|8993496112239|TRF|27/10/2025 00:00:00|TRF|03/03/2026 00:00:00
|20138254|0194735280667|TRF|30/04/2025 00:00:00|TRF|03/03/2026 00:00:00
|20138261|8851019001302|TRF|29/09/2025 00:00:00|TRF|03/03/2026 00:00:00
|20138266|046307|TRF|30/04/2025 00:00:00|TRF|03/03/2026 00:00:00
|20138267|046308|TRF|30/04/2025 00:00:00|TRF|03/03/2026 00:00:00
|20138270|8993560157524|TRF|08/05/2025 00:00:00|TRF|03/03/2026 00:00:00
|20138271|8801043068741|TRF|26/05/2025 00:00:00|TRF|03/03/2026 00:00:00
|20138272|8994096111813|TRF|27/10/2025 00:00:00|TRF|03/03/2026 00:00:00
|20138272|8994096112384|TRF|27/10/2025 00:00:00|TRF|03/03/2026 00:00:00
|20138273|8994096111790|TRF|27/10/2025 00:00:00|TRF|03/03/2026 00:00:00
|20138273|8994096112377|TRF|27/10/2025 00:00:00|TRF|03/03/2026 00:00:00
|20138306|8994460553171|TRF|05/05/2025 00:00:00|TRF|03/03/2026 00:00:00
|20138331|8885013132403|TRF|19/05/2025 00:00:00|TRF|03/03/2026 00:00:00
|20138333|8992222093231|TRF|25/05/2025 00:00:00|TRF|03/03/2026 00:00:00
|20138335|8992696528178|TRF|15/01/2026 00:00:00|TRF|03/03/2026 00:00:00
|20138337|8993137013314|TRF|13/05/2025 00:00:00|TRF|03/03/2026 00:00:00
|20138340|8721274611137|TRF|16/05/2025 00:00:00|TRF|03/03/2026 00:00:00
|20138342|8885013132656|TRF|30/01/2026 00:00:00|TRF|03/03/2026 00:00:00
|20138345|8997013661217|TRF|16/05/2025 00:00:00|TRF|03/03/2026 00:00:00
|20138346|8999909013339|TRF|16/05/2025 00:00:00|TRF|03/03/2026 00:00:00
|20138347|8999999608910|TRF|13/05/2025 00:00:00|TRF|03/03/2026 00:00:00
|20138358|0089686043815|TRF|03/06/2025 00:00:00|TRF|03/03/2026 00:00:00
|20138360|8993989752003|TRF|24/02/2026 00:00:00|TRF|03/03/2026 00:00:00
|20138362|ERSYD000277|TRF|12/08/2025 00:00:00|TRF|03/03/2026 00:00:00
|20138370|8991998118322|TRF|17/06/2025 00:00:00|TRF|03/03/2026 00:00:00
|20138371|8992696528260|TRF|13/06/2025 00:00:00|TRF|03/03/2026 00:00:00
|20138372|8993058307219|TRF|11/06/2025 00:00:00|TRF|03/03/2026 00:00:00
|20138373|0089686640090|TRF|27/05/2025 00:00:00|TRF|03/03/2026 00:00:00
|20138375|8997230802035|TRF|27/01/2026 00:00:00|TRF|03/03/2026 00:00:00
|20138376|8990057986292|TRF|22/05/2025 00:00:00|TRF|03/03/2026 00:00:00
|20138377|8990057986315|TRF|22/05/2025 00:00:00|TRF|03/03/2026 00:00:00
|20138379|8990800025582|TRF|04/06/2025 00:00:00|TRF|03/03/2026 00:00:00
|20138432|8997217371073|TRF|26/05/2025 00:00:00|TRF|03/03/2026 00:00:00
|20138461|8993175567275|TRF|18/06/2025 00:00:00|TRF|03/03/2026 00:00:00
|20138462|8993175567190|TRF|18/06/2025 00:00:00|TRF|03/03/2026 00:00:00
|20138463|8993175567237|TRF|18/06/2025 00:00:00|TRF|03/03/2026 00:00:00
|20138464|7622202313202|TRF|29/09/2025 00:00:00|TRF|03/03/2026 00:00:00
|20138465|8993175567251|TRF|18/06/2025 00:00:00|TRF|03/03/2026 00:00:00
|20138466|8993175567213|TRF|29/05/2025 00:00:00|TRF|03/03/2026 00:00:00
|20138468|8996001311554|TRF|29/09/2025 00:00:00|TRF|03/03/2026 00:00:00
|20138469|8991991854562|TRF|26/05/2025 00:00:00|TRF|03/03/2026 00:00:00
|20138470|8998866603041|TRF|08/07/2025 00:00:00|TRF|03/03/2026 00:00:00
|20138471|046306|TRF|26/05/2025 00:00:00|TRF|03/03/2026 00:00:00
|20138473|8999908917409|TRF|09/06/2025 00:00:00|TRF|03/03/2026 00:00:00
|20138474|8999908985903|TRF|09/06/2025 00:00:00|TRF|03/03/2026 00:00:00
|20138475|8999999608385|TRF|30/05/2025 00:00:00|TRF|03/03/2026 00:00:00
|20138476|8993207251059|TRF|07/07/2025 00:00:00|TRF|03/03/2026 00:00:00
|20138477|8992696528307|TRF|11/06/2025 00:00:00|TRF|03/03/2026 00:00:00
|20138478|8992994000017|TRF|29/05/2025 00:00:00|TRF|03/03/2026 00:00:00
|20138480|8999909014497|TRF|26/05/2025 00:00:00|TRF|03/03/2026 00:00:00
|20138481|8992745000341|TRF|18/06/2025 00:00:00|TRF|03/03/2026 00:00:00
|20138482|8992745000358|TRF|18/06/2025 00:00:00|TRF|03/03/2026 00:00:00
|20138483|0089686648058|TRF|11/09/2025 00:00:00|TRF|03/03/2026 00:00:00
|20138518|8996001401439|TRF|24/06/2025 00:00:00|TRF|03/03/2026 00:00:00
|20138571|8991002143043|TRF|23/06/2025 00:00:00|TRF|03/03/2026 00:00:00
|20138572|8801073116603|TRF|24/06/2025 00:00:00|TRF|03/03/2026 00:00:00
|20138581|8999168211767|TRF|11/06/2025 00:00:00|TRF|03/03/2026 00:00:00
|20138582|8999168211774|TRF|11/06/2025 00:00:00|TRF|03/03/2026 00:00:00
|20138583|8999999612825|TRF|14/06/2025 00:00:00|TRF|03/03/2026 00:00:00
|20138584|046412|TRF|20/06/2025 00:00:00|TRF|03/03/2026 00:00:00
|20138588|8992222056809|TRF|11/06/2025 00:00:00|TRF|03/03/2026 00:00:00
|20138589|8992222057080|TRF|11/06/2025 00:00:00|TRF|03/03/2026 00:00:00
|20138590|8998824556662|TRF|24/06/2025 00:00:00|TRF|03/03/2026 00:00:00
|20138591|8998824556655|TRF|24/06/2025 00:00:00|TRF|03/03/2026 00:00:00
|20138592|8998824556600|TRF|24/06/2025 00:00:00|TRF|03/03/2026 00:00:00
|20138598|8999909014480|TRF|11/06/2025 00:00:00|TRF|03/03/2026 00:00:00
|20138599|0089686610000|TRF|11/06/2025 00:00:00|TRF|03/03/2026 00:00:00
|20138599|089686610000|TRF|18/06/2025 00:00:00|TRF|03/03/2026 00:00:00
|20138608|046490|TRF|05/06/2025 00:00:00|TRF|03/03/2026 00:00:00
|20138648|8997226228375|TRF|24/06/2025 00:00:00|TRF|03/03/2026 00:00:00
|20138649|8998866110563|TRF|11/06/2025 00:00:00|TRF|03/03/2026 00:00:00
|20138652|8992907000806|TRF|13/06/2025 00:00:00|TRF|03/03/2026 00:00:00
|20138653|045874|TRF|17/06/2025 00:00:00|TRF|03/03/2026 00:00:00
|20138657|8998866109734|TRF|17/06/2025 00:00:00|TRF|03/03/2026 00:00:00
|20138658|8998866618229|TRF|17/06/2025 00:00:00|TRF|03/03/2026 00:00:00
|20138659|8997013661187|TRF|17/06/2025 00:00:00|TRF|03/03/2026 00:00:00
|20138660|8888166998704|TRF|09/09/2025 00:00:00|TRF|03/03/2026 00:00:00
|20138661|8888166998698|TRF|09/09/2025 00:00:00|TRF|03/03/2026 00:00:00
|20138662| 046385|TRF|23/06/2025 00:00:00|TRF|03/03/2026 00:00:00
|20138662|046385|TRF|23/06/2025 00:00:00|TRF|03/03/2026 00:00:00
|20138684|8994460553096|TRF|27/10/2025 00:00:00|TRF|03/03/2026 00:00:00
|20138689|8886457611844|TRF|30/06/2025 00:00:00|TRF|03/03/2026 00:00:00
|20138690|8992745000471|TRF|30/06/2025 00:00:00|TRF|03/03/2026 00:00:00
|20138691|8992745000464|TRF|30/06/2025 00:00:00|TRF|03/03/2026 00:00:00
|20138713|8997226810280|TRF|19/06/2025 00:00:00|TRF|03/03/2026 00:00:00
|20138717|8992775100721|TRF|18/06/2025 00:00:00|TRF|03/03/2026 00:00:00
|20138738|0089686945010|TRF|07/07/2025 00:00:00|TRF|03/03/2026 00:00:00
|20138739|0089686945003|TRF|07/07/2025 00:00:00|TRF|03/03/2026 00:00:00
|20138742|8990090312669|TRF|24/06/2025 00:00:00|TRF|03/03/2026 00:00:00
|20138754|8991906106250|TRF|15/09/2025 00:00:00|TRF|03/03/2026 00:00:00
|20138763|8997013661453|TRF|19/06/2025 00:00:00|TRF|03/03/2026 00:00:00
|20138764|8997013661422|TRF|19/06/2025 00:00:00|TRF|03/03/2026 00:00:00
|20138765|8997013661361|TRF|19/06/2025 00:00:00|TRF|03/03/2026 00:00:00
|20138837|8992752000211|TRF|22/06/2025 00:00:00|TRF|03/03/2026 00:00:00
|20138841|8994985000501|TRF|08/07/2025 00:00:00|TRF|03/03/2026 00:00:00
|20138843|8992717900464|TRF|22/07/2025 00:00:00|TRF|03/03/2026 00:00:00
|20138844|8992222056700|TRF|30/06/2025 00:00:00|TRF|03/03/2026 00:00:00
|20138845|8994096111998|TRF|14/07/2025 00:00:00|TRF|03/03/2026 00:00:00
|20138846|8997230802097|TRF|27/01/2026 00:00:00|TRF|03/03/2026 00:00:00
|20138847|8999999608408|TRF|04/07/2025 00:00:00|TRF|03/03/2026 00:00:00
|20138848|8998866110556|TRF|30/06/2025 00:00:00|TRF|03/03/2026 00:00:00
|20138849|6922420410945|TRF|14/07/2025 00:00:00|TRF|03/03/2026 00:00:00
|20138867|8999999560683|TRF|08/07/2025 00:00:00|TRF|03/03/2026 00:00:00
|20138868|6951254185217|TRF|08/07/2025 00:00:00|TRF|03/03/2026 00:00:00
|20138869|6920082429015|TRF|08/07/2025 00:00:00|TRF|03/03/2026 00:00:00
|20138874|6949080000170|TRF|08/07/2025 00:00:00|TRF|03/03/2026 00:00:00
|20138875|8998866629638|TRF|08/12/2025 00:00:00|TRF|03/03/2026 00:00:00
|20138877|8998866204484|TRF|01/12/2025 00:00:00|TRF|03/03/2026 00:00:00
|20138893|8993175566810|TRF|24/07/2025 00:00:00|TRF|03/03/2026 00:00:00
|20138894|8993175566803|TRF|24/07/2025 00:00:00|TRF|03/03/2026 00:00:00
|20138895|8998009017872|TRF|25/08/2025 00:00:00|TRF|03/03/2026 00:00:00
|20138897|8997033691485|TRF|11/07/2025 00:00:00|TRF|03/03/2026 00:00:00
|20138898|8999999612139|TRF|03/07/2025 00:00:00|TRF|03/03/2026 00:00:00
|20138899|8999999612054|TRF|03/07/2025 00:00:00|TRF|03/03/2026 00:00:00
|20138900|8999999612214|TRF|03/07/2025 00:00:00|TRF|03/03/2026 00:00:00
|20138902|8999999612146|TRF|03/07/2025 00:00:00|TRF|03/03/2026 00:00:00
|20138903|8999999612061|TRF|03/07/2025 00:00:00|TRF|03/03/2026 00:00:00
|20138904|8993137015530|TRF|10/07/2025 00:00:00|TRF|03/03/2026 00:00:00
|20138905|8993137015523|TRF|10/07/2025 00:00:00|TRF|03/03/2026 00:00:00
|20138906|6973830381080|TRF|21/07/2025 00:00:00|TRF|03/03/2026 00:00:00
|20138906|9555896900626|TRF|25/07/2025 00:00:00|TRF|03/03/2026 00:00:00
|20138911|8999999604851|TRF|10/07/2025 00:00:00|TRF|03/03/2026 00:00:00
|20138913|8886457618980|TRF|21/07/2025 00:00:00|TRF|03/03/2026 00:00:00
|20138914|8886457680208|TRF|21/07/2025 00:00:00|TRF|03/03/2026 00:00:00
|20138915|8994099117058|TRF|21/07/2025 00:00:00|TRF|03/03/2026 00:00:00
|20138916|8993200669769|TRF|31/07/2025 00:00:00|TRF|03/03/2026 00:00:00
|20138948|8991002143067|TRF|03/08/2025 00:00:00|TRF|03/03/2026 00:00:00
|20138949|8998866204385|TRF|18/07/2025 00:00:00|TRF|03/03/2026 00:00:00
|20138950|8997031424269|TRF|29/07/2025 00:00:00|TRF|03/03/2026 00:00:00
|20138959|8859015700168|TRF|14/08/2025 00:00:00|TRF|03/03/2026 00:00:00
|20138973|8990114000008|TRF|11/07/2025 00:00:00|TRF|03/03/2026 00:00:00
|20138977|8991102302708|TRF|29/09/2025 00:00:00|TRF|03/03/2026 00:00:00
|20138988|8992796111713|TRF|21/07/2025 00:00:00|TRF|03/03/2026 00:00:00
|20138989|8992796111751|TRF|21/07/2025 00:00:00|TRF|03/03/2026 00:00:00
|20139003|8991906106243|TRF|31/07/2025 00:00:00|TRF|03/03/2026 00:00:00
|20139024|8994096112452|TRF|17/07/2025 00:00:00|TRF|03/03/2026 00:00:00
|20139025|8994096112315|TRF|17/07/2025 00:00:00|TRF|03/03/2026 00:00:00
|20139025|8994096112780|TRF|10/09/2025 00:00:00|TRF|03/03/2026 00:00:00
|20139049|0194735380121|TRF|21/07/2025 00:00:00|TRF|03/03/2026 00:00:00
|20139050|8993137016186|TRF|14/08/2025 00:00:00|TRF|03/03/2026 00:00:00
|20139062|8994096111622|TRF|21/07/2025 00:00:00|TRF|03/03/2026 00:00:00
|20139065|8999999608101|TRF|21/07/2025 00:00:00|TRF|03/03/2026 00:00:00
|20139066|4987176291790|TRF|21/07/2025 00:00:00|TRF|03/03/2026 00:00:00
|20139067|8993417111143|TRF|25/08/2025 00:00:00|TRF|03/03/2026 00:00:00
|20139068|8998866110266|TRF|21/07/2025 00:00:00|TRF|03/03/2026 00:00:00
|20139069|8999999612078|TRF|21/07/2025 00:00:00|TRF|03/03/2026 00:00:00
|20139070|8992796011259|TRF|21/07/2025 00:00:00|TRF|03/03/2026 00:00:00
|20139072|8992796011457|TRF|21/07/2025 00:00:00|TRF|03/03/2026 00:00:00
|20139074|8990800025728|TRF|17/07/2025 00:00:00|TRF|03/03/2026 00:00:00
|20139081|8993039243383|TRF|29/09/2025 00:00:00|TRF|03/03/2026 00:00:00
|20139083|4987176256027|TRF|21/07/2025 00:00:00|TRF|03/03/2026 00:00:00
|20139107|046603|TRF|17/07/2025 00:00:00|TRF|03/03/2026 00:00:00
|20139108|046602|TRF|17/07/2025 00:00:00|TRF|03/03/2026 00:00:00
|20139125|046592|TRF|31/07/2025 00:00:00|TRF|03/03/2026 00:00:00
|20139132|8992775100745|TRF|28/07/2025 00:00:00|TRF|03/03/2026 00:00:00
|20139144|8992745000402|TRF|25/08/2025 00:00:00|TRF|03/03/2026 00:00:00
|20139145|4987176337603|TRF|07/08/2025 00:00:00|TRF|03/03/2026 00:00:00
|20139146|8997236032641|TRF|21/07/2025 00:00:00|TRF|03/03/2026 00:00:00
|20139150|8994096111875|TRF|28/07/2025 00:00:00|TRF|03/03/2026 00:00:00
|20139151|8997220411285|TRF|30/07/2025 00:00:00|TRF|03/03/2026 00:00:00
|20139154|8992745000648|TRF|24/07/2025 00:00:00|TRF|03/03/2026 00:00:00
|20139172|4897144700271|TRF|24/07/2025 00:00:00|TRF|03/03/2026 00:00:00
|20139173|4897144700325|TRF|24/07/2025 00:00:00|TRF|03/03/2026 00:00:00
|20139188|046033|TRF|05/09/2025 00:00:00|TRF|03/03/2026 00:00:00
|20139189|8999999611590|TRF|30/07/2025 00:00:00|TRF|03/03/2026 00:00:00
|20139245|8999168211750|TRF|25/08/2025 00:00:00|TRF|03/03/2026 00:00:00
|20139284|046619|TRF|31/07/2025 00:00:00|TRF|03/03/2026 00:00:00
|20139288|8992726308084|TRF|06/11/2025 00:00:00|TRF|03/03/2026 00:00:00
|20139289|8992726308091|TRF|06/11/2025 00:00:00|TRF|03/03/2026 00:00:00
|20139291|8992982800315|TRF|07/08/2025 00:00:00|TRF|03/03/2026 00:00:00
|20139295|8999898976998|TRF|22/09/2025 00:00:00|TRF|03/03/2026 00:00:00
|20139297|8992933231427|TRF|14/08/2025 00:00:00|TRF|03/03/2026 00:00:00
|20139299|8992933232424|TRF|14/08/2025 00:00:00|TRF|03/03/2026 00:00:00
|20139300|8999898977346|TRF|22/09/2025 00:00:00|TRF|03/03/2026 00:00:00
|20139313|8997238920762|TRF|04/08/2025 00:00:00|TRF|03/03/2026 00:00:00
|20139320|8993110004889|TRF|26/08/2025 00:00:00|TRF|03/03/2026 00:00:00
|20139327|8998866502528|TRF|01/08/2025 00:00:00|TRF|03/03/2026 00:00:00
|20139328|8998866502511|TRF|01/08/2025 00:00:00|TRF|03/03/2026 00:00:00
|20139332|8999909014565|TRF|05/08/2025 00:00:00|TRF|03/03/2026 00:00:00
|20139346|8994096112391|TRF|11/08/2025 00:00:00|TRF|03/03/2026 00:00:00
|20139348|8999909014930|TRF|05/08/2025 00:00:00|TRF|03/03/2026 00:00:00
|20139349|8999909014961|TRF|05/08/2025 00:00:00|TRF|03/03/2026 00:00:00
|20139350|8993417202025|TRF|04/08/2025 00:00:00|TRF|03/03/2026 00:00:00
|20139352|8998824556709|TRF|04/08/2025 00:00:00|TRF|03/03/2026 00:00:00
|20139354|8999999614027|TRF|14/08/2025 00:00:00|TRF|03/03/2026 00:00:00
|20139356|8994907002187|TRF|26/08/2025 00:00:00|TRF|03/03/2026 00:00:00
|20139358|8992696528635|TRF|25/08/2025 00:00:00|TRF|03/03/2026 00:00:00
|20139359|8992696527874|TRF|31/08/2025 00:00:00|TRF|03/03/2026 00:00:00
|20139366|8999777001711|TRF|11/08/2025 00:00:00|TRF|03/03/2026 00:00:00
|20139367|8991712003705|TRF|25/08/2025 00:00:00|TRF|03/03/2026 00:00:00
|20139367|8991712003712|TRF|25/08/2025 00:00:00|TRF|03/03/2026 00:00:00
|20139367|8991712003729|TRF|25/08/2025 00:00:00|TRF|03/03/2026 00:00:00
|20139367|8991712003736|TRF|25/08/2025 00:00:00|TRF|03/03/2026 00:00:00
|20139380|046235|TRF|15/09/2025 00:00:00|TRF|03/03/2026 00:00:00
|20139381|046377|TRF|15/09/2025 00:00:00|TRF|03/03/2026 00:00:00
|20139382|046376|TRF|15/09/2025 00:00:00|TRF|03/03/2026 00:00:00
|20139390|0089686386424|TRF|14/08/2025 00:00:00|TRF|03/03/2026 00:00:00
|20139391|8993175569248|TRF|18/08/2025 00:00:00|TRF|03/03/2026 00:00:00
|20139393|8990800025834|TRF|18/08/2025 00:00:00|TRF|03/03/2026 00:00:00
|20139394|8997033691515|TRF|19/08/2025 00:00:00|TRF|03/03/2026 00:00:00
|20139395|8436561096275|TRF|25/08/2025 00:00:00|TRF|03/03/2026 00:00:00
|20139397|8885013133424|TRF|09/08/2025 00:00:00|TRF|03/03/2026 00:00:00
|20139420|8994460550552|TRF|25/08/2025 00:00:00|TRF|03/03/2026 00:00:00
|20139421|0089686644012|TRF|08/12/2025 00:00:00|TRF|03/03/2026 00:00:00
|20139422|8993327400917|TRF|21/08/2025 00:00:00|TRF|03/03/2026 00:00:00
|20139423|8993327400924|TRF|21/08/2025 00:00:00|TRF|03/03/2026 00:00:00
|20139424|8993327400948|TRF|21/08/2025 00:00:00|TRF|03/03/2026 00:00:00
|20139431|0089686644005|TRF|14/02/2026 00:00:00|TRF|03/03/2026 00:00:00
|20139437|8998888000200|TRF|09/10/2025 00:00:00|TRF|03/03/2026 00:00:00
|20139438|8998888000194|TRF|09/10/2025 00:00:00|TRF|03/03/2026 00:00:00
|20139439|8994460553270|TRF|25/08/2025 00:00:00|TRF|03/03/2026 00:00:00
|20139446|8998899088990|TRF|25/08/2025 00:00:00|TRF|03/03/2026 00:00:00
|20139452|8999777023539|TRF|14/08/2025 00:00:00|TRF|03/03/2026 00:00:00
|20139453|8999777002749|TRF|14/08/2025 00:00:00|TRF|03/03/2026 00:00:00
|20139454|8999777003159|TRF|14/08/2025 00:00:00|TRF|03/03/2026 00:00:00
|20139455|8999777023508|TRF|14/08/2025 00:00:00|TRF|03/03/2026 00:00:00
|20139457|18998866632321|TRF|25/08/2025 00:00:00|TRF|03/03/2026 00:00:00
|20139459|8990114000015|TRF|21/08/2025 00:00:00|TRF|03/03/2026 00:00:00
|20139460|8999999608200|TRF|15/08/2025 00:00:00|TRF|03/03/2026 00:00:00
|20139472|046742|TRF|02/01/2026 00:00:00|TRF|03/03/2026 00:00:00
|20139473|046740|TRF|02/01/2026 00:00:00|TRF|03/03/2026 00:00:00
|20139474|046743|TRF|02/01/2026 00:00:00|TRF|03/03/2026 00:00:00
|20139475|046737|TRF|02/01/2026 00:00:00|TRF|03/03/2026 00:00:00
|20139476|046739|TRF|02/01/2026 00:00:00|TRF|03/03/2026 00:00:00
|20139477|046746|TRF|02/01/2026 00:00:00|TRF|03/03/2026 00:00:00
|20139478|046745|TRF|02/01/2026 00:00:00|TRF|03/03/2026 00:00:00
|20139479|046748|TRF|02/01/2026 00:00:00|TRF|03/03/2026 00:00:00
|20139522|8999999614034|TRF|25/08/2025 00:00:00|TRF|03/03/2026 00:00:00
|20139525|8992857131131|TRF|23/09/2025 00:00:00|TRF|03/03/2026 00:00:00
|20139526|8997013661095|TRF|01/09/2025 00:00:00|TRF|03/03/2026 00:00:00
|20139532|8997204210057|TRF|25/08/2025 00:00:00|TRF|03/03/2026 00:00:00
|20139536|8997020181210|TRF|25/08/2025 00:00:00|TRF|03/03/2026 00:00:00
|20139538|8994462790178|TRF|25/08/2025 00:00:00|TRF|03/03/2026 00:00:00
|20139544|8997020181227|TRF|25/08/2025 00:00:00|TRF|03/03/2026 00:00:00
|20139550|8994462310000|TRF|09/01/2026 00:00:00|TRF|03/03/2026 00:00:00
|20139576|8994096112605|TRF|25/08/2025 00:00:00|TRF|03/03/2026 00:00:00
|20139577|8994096112629|TRF|25/08/2025 00:00:00|TRF|03/03/2026 00:00:00
|20139578|8994096112643|TRF|25/08/2025 00:00:00|TRF|03/03/2026 00:00:00
|20139593|8997021873992|TRF|07/10/2025 00:00:00|TRF|03/03/2026 00:00:00
|20139595|8999999611934|TRF|07/10/2025 00:00:00|TRF|03/03/2026 00:00:00
|20139596|8999999613716|TRF|08/09/2025 00:00:00|TRF|03/03/2026 00:00:00
|20139598|8999999612221|TRF|25/08/2025 00:00:00|TRF|03/03/2026 00:00:00
|20139600|8994993030163|TRF|08/09/2025 00:00:00|TRF|03/03/2026 00:00:00
|20139601|8994993029952|TRF|01/09/2025 00:00:00|TRF|03/03/2026 00:00:00
|20139602|8998866110334|TRF|01/09/2025 00:00:00|TRF|03/03/2026 00:00:00
|20139603|8998866110358|TRF|01/09/2025 00:00:00|TRF|03/03/2026 00:00:00
|20139604|8998866110365|TRF|01/09/2025 00:00:00|TRF|03/03/2026 00:00:00
|20139605|8998866110396|TRF|01/09/2025 00:00:00|TRF|03/03/2026 00:00:00
|20139608|8992727007269|TRF|18/09/2025 00:00:00|TRF|03/03/2026 00:00:00
|20139609|8999999603731|TRF|08/09/2025 00:00:00|TRF|03/03/2026 00:00:00
|20139610|8998866631235|TRF|23/09/2025 00:00:00|TRF|03/03/2026 00:00:00
|20139611|8997021873244|TRF|15/09/2025 00:00:00|TRF|03/03/2026 00:00:00
|20139612|8997021873916|TRF|15/09/2025 00:00:00|TRF|03/03/2026 00:00:00
|20139616|8997013661484|TRF|01/09/2025 00:00:00|TRF|03/03/2026 00:00:00
|20139617|8999909015081|TRF|15/09/2025 00:00:00|TRF|03/03/2026 00:00:00
|20139653|8994096112025|TRF|15/09/2025 00:00:00|TRF|03/03/2026 00:00:00
|20139684|8993207251110|TRF|04/09/2025 00:00:00|TRF|03/03/2026 00:00:00
|20139685|8991004050042|TRF|29/09/2025 00:00:00|TRF|03/03/2026 00:00:00
|20139686|8991102750851|TRF|29/09/2025 00:00:00|TRF|03/03/2026 00:00:00
|20139698|8997025064327|TRF|22/09/2025 00:00:00|TRF|03/03/2026 00:00:00
|20139699|8991368755522|TRF|08/09/2025 00:00:00|TRF|03/03/2026 00:00:00
|20139700|8999510785472|TRF|22/09/2025 00:00:00|TRF|03/03/2026 00:00:00
|20139701|8801073116658|TRF|18/09/2025 00:00:00|TRF|03/03/2026 00:00:00
|20139702|8801073116580|TRF|18/09/2025 00:00:00|TRF|03/03/2026 00:00:00
|20139703|8994096112681|TRF|08/09/2025 00:00:00|TRF|03/03/2026 00:00:00
|20139704|8994096112704|TRF|08/09/2025 00:00:00|TRF|03/03/2026 00:00:00
|20139706|4987176277350|TRF|08/09/2025 00:00:00|TRF|03/03/2026 00:00:00
|20139711|8994096112827|TRF|20/10/2025 00:00:00|TRF|03/03/2026 00:00:00
|20139712|8994096112186|TRF|30/09/2025 00:00:00|TRF|03/03/2026 00:00:00
|20139713|0089686734065|TRF|15/09/2025 00:00:00|TRF|03/03/2026 00:00:00
|20139728|8999999611705|TRF|25/09/2025 00:00:00|TRF|03/03/2026 00:00:00
|20139729|8998866632416|TRF|23/09/2025 00:00:00|TRF|03/03/2026 00:00:00
|20139731|8990114000039|TRF|15/09/2025 00:00:00|TRF|03/03/2026 00:00:00
|20139732|8992388145812|TRF|15/09/2025 00:00:00|TRF|03/03/2026 00:00:00
|20139740|07622201704223|TRF|29/09/2025 00:00:00|TRF|03/03/2026 00:00:00
|20139740|7622201704223|TRF|29/09/2025 00:00:00|TRF|03/03/2026 00:00:00
|20139756|8997230802158|TRF|15/09/2025 00:00:00|TRF|03/03/2026 00:00:00
|20139759|8997013661606|TRF|25/09/2025 00:00:00|TRF|03/03/2026 00:00:00
|20139760|8997013661637|TRF|25/09/2025 00:00:00|TRF|03/03/2026 00:00:00
|20139761|8997013661668|TRF|25/09/2025 00:00:00|TRF|03/03/2026 00:00:00
|20139762|8997223735654|TRF|25/09/2025 00:00:00|TRF|03/03/2026 00:00:00
|20139763|8997223735692|TRF|25/09/2025 00:00:00|TRF|03/03/2026 00:00:00
|20139767|046688|TRF|29/09/2025 00:00:00|TRF|03/03/2026 00:00:00
|20139770|046908|TRF|18/09/2025 00:00:00|TRF|03/03/2026 00:00:00
|20139771|046910|TRF|18/09/2025 00:00:00|TRF|03/03/2026 00:00:00
|20139772|8994834009174|TRF|29/09/2025 00:00:00|TRF|03/03/2026 00:00:00
|20139773|8990057986339|TRF|22/09/2025 00:00:00|TRF|03/03/2026 00:00:00
|20139774|8935001729532|TRF|29/09/2025 00:00:00|TRF|03/03/2026 00:00:00
|20139778|8998866109215|TRF|22/09/2025 00:00:00|TRF|03/03/2026 00:00:00
|20139784|8999999614195|TRF|13/10/2025 00:00:00|TRF|03/03/2026 00:00:00
|20139791|8998778241157|TRF|22/09/2025 00:00:00|TRF|03/03/2026 00:00:00
|20139801|8999999614171|TRF|13/10/2025 00:00:00|TRF|03/03/2026 00:00:00
|20139802|8999999614188|TRF|13/10/2025 00:00:00|TRF|03/03/2026 00:00:00
|20139813|8999898977377|TRF|29/12/2025 00:00:00|TRF|03/03/2026 00:00:00
|20139819|8991102771238|TRF|21/10/2025 00:00:00|TRF|03/03/2026 00:00:00
|20139841|8993004789236|TRF|13/10/2025 00:00:00|TRF|03/03/2026 00:00:00
|20139842|8997033701290|TRF|15/12/2025 00:00:00|TRF|03/03/2026 00:00:00
|20139843|8992832000247|TRF|31/10/2025 00:00:00|TRF|03/03/2026 00:00:00
|20139844|8992832000230|TRF|06/10/2025 00:00:00|TRF|03/03/2026 00:00:00
|20139845|8999999613051|TRF|29/09/2025 00:00:00|TRF|03/03/2026 00:00:00
|20139846|8999999612559|TRF|29/09/2025 00:00:00|TRF|03/03/2026 00:00:00
|20139859|8999898977360|TRF|29/12/2025 00:00:00|TRF|03/03/2026 00:00:00
|20139863|044329|TRF|16/10/2025 00:00:00|TRF|03/03/2026 00:00:00
|20139864|044284|TRF|30/09/2025 00:00:00|TRF|03/03/2026 00:00:00
|20139865|044330|TRF|30/09/2025 00:00:00|TRF|03/03/2026 00:00:00
|20139866|044303|TRF|30/09/2025 00:00:00|TRF|03/03/2026 00:00:00
|20139867|044308|TRF|30/09/2025 00:00:00|TRF|03/03/2026 00:00:00
|20139868|044338|TRF|30/09/2025 00:00:00|TRF|03/03/2026 00:00:00
|20139869|044311|TRF|30/09/2025 00:00:00|TRF|03/03/2026 00:00:00
|20139871|044333|TRF|30/09/2025 00:00:00|TRF|03/03/2026 00:00:00
|20139873|044315|TRF|30/09/2025 00:00:00|TRF|03/03/2026 00:00:00
|20139874|044332|TRF|30/09/2025 00:00:00|TRF|03/03/2026 00:00:00
|20139875|044302|TRF|16/10/2025 00:00:00|TRF|03/03/2026 00:00:00
|20139877|044297|TRF|16/10/2025 00:00:00|TRF|03/03/2026 00:00:00
|20139878|044300|TRF|16/10/2025 00:00:00|TRF|03/03/2026 00:00:00
|20139881|044326|TRF|30/09/2025 00:00:00|TRF|03/03/2026 00:00:00
|20139889|8992982800506|TRF|29/09/2025 00:00:00|TRF|03/03/2026 00:00:00
|20139890|8992982800513|TRF|29/09/2025 00:00:00|TRF|03/03/2026 00:00:00
|20139924|5051644199914|TRF|06/10/2025 00:00:00|TRF|03/03/2026 00:00:00
|20139925|5051644200702|TRF|06/10/2025 00:00:00|TRF|03/03/2026 00:00:00
|20139926|5051644199921|TRF|06/10/2025 00:00:00|TRF|03/03/2026 00:00:00
|20139930|8992982800445|TRF|13/10/2025 00:00:00|TRF|03/03/2026 00:00:00
|20139947|8999999616359|TRF|07/10/2025 00:00:00|TRF|03/03/2026 00:00:00
|20139948|8999999616397|TRF|30/10/2025 00:00:00|TRF|03/03/2026 00:00:00
|20139949|8997232971326|TRF|16/10/2025 00:00:00|TRF|03/03/2026 00:00:00
|20139950|8997238920779|TRF|20/10/2025 00:00:00|TRF|03/03/2026 00:00:00
|20139955|8993335529952|TRF|23/10/2025 00:00:00|TRF|03/03/2026 00:00:00
|20139956|0089686960464|TRF|25/11/2025 00:00:00|TRF|03/03/2026 00:00:00
|20139959|0089686530339|TRF|13/11/2025 00:00:00|TRF|03/03/2026 00:00:00
|20139960|8993058309206|TRF|07/10/2025 00:00:00|TRF|03/03/2026 00:00:00
|20139961|8992982401826|TRF|30/09/2025 00:00:00|TRF|03/03/2026 00:00:00
|20139962|8991380058663|TRF|30/09/2025 00:00:00|TRF|03/03/2026 00:00:00
|20139963|8994096112513|TRF|30/09/2025 00:00:00|TRF|03/03/2026 00:00:00
|20139964|8997007270166|TRF|06/10/2025 00:00:00|TRF|03/03/2026 00:00:00
|20139972|8809636534536|TRF|08/12/2025 00:00:00|TRF|03/03/2026 00:00:00
|20139973|8991102160780|TRF|13/10/2025 00:00:00|TRF|03/03/2026 00:00:00
|20139975|8992832000186|TRF|31/10/2025 00:00:00|TRF|03/03/2026 00:00:00
|20139996|8992918401098|TRF|09/10/2025 00:00:00|TRF|03/03/2026 00:00:00
|20140001|8999999613563|TRF|07/10/2025 00:00:00|TRF|03/03/2026 00:00:00
|20140002|8999999614454|TRF|07/10/2025 00:00:00|TRF|03/03/2026 00:00:00
|20140003|8999999614447|TRF|23/10/2025 00:00:00|TRF|03/03/2026 00:00:00
|20140006|046977|TRF|13/02/2026 00:00:00|TRF|03/03/2026 00:00:00
|20140006|MKY-M-1|TRF|13/02/2026 00:00:00|TRF|03/03/2026 00:00:00
|20140010|8993319730435|TRF|17/11/2025 00:00:00|TRF|03/03/2026 00:00:00
|20140012|9556001329356|TRF|17/11/2025 00:00:00|TRF|03/03/2026 00:00:00
|20140013|6914973030206|TRF|16/10/2025 00:00:00|TRF|03/03/2026 00:00:00
|20140015|6936756272818|TRF|16/10/2025 00:00:00|TRF|03/03/2026 00:00:00
|20140016|6914973030251|TRF|16/10/2025 00:00:00|TRF|03/03/2026 00:00:00
|20140018|8994096112483|TRF|27/10/2025 00:00:00|TRF|03/03/2026 00:00:00
|20140035|8993200670291|TRF|31/10/2025 00:00:00|TRF|03/03/2026 00:00:00
|20140035|899320067291|TRF|16/10/2025 00:00:00|TRF|03/03/2026 00:00:00
|20140036|8993200670307|TRF|16/10/2025 00:00:00|TRF|03/03/2026 00:00:00
|20140056|8992982800490|TRF|13/10/2025 00:00:00|TRF|03/03/2026 00:00:00
|20140065|8990044000666|TRF|21/10/2025 00:00:00|TRF|03/03/2026 00:00:00
|20140079|8994993030927|TRF|14/10/2025 00:00:00|TRF|03/03/2026 00:00:00
|20140080|8994993031429|TRF|14/10/2025 00:00:00|TRF|03/03/2026 00:00:00
|20140081|8994993031221|TRF|14/10/2025 00:00:00|TRF|03/03/2026 00:00:00
|20140082|8992796011914|TRF|20/10/2025 00:00:00|TRF|03/03/2026 00:00:00
|20140083|8992796011907|TRF|20/10/2025 00:00:00|TRF|03/03/2026 00:00:00
|20140085|8997004316096|TRF|28/10/2025 00:00:00|TRF|03/03/2026 00:00:00
|20140086|8999999612290|TRF|20/10/2025 00:00:00|TRF|03/03/2026 00:00:00
|20140087|8999999611552|TRF|30/10/2025 00:00:00|TRF|03/03/2026 00:00:00
|20140117|047047|TRF|21/10/2025 00:00:00|TRF|03/03/2026 00:00:00
|20140120|8992959977088|TRF|10/11/2025 00:00:00|TRF|03/03/2026 00:00:00
|20140121|8992959977064|TRF|10/11/2025 00:00:00|TRF|03/03/2026 00:00:00
|20140123|8993200664993|TRF|16/10/2025 00:00:00|TRF|03/03/2026 00:00:00
|20140126|8993175569262|TRF|19/02/2026 00:00:00|TRF|03/03/2026 00:00:00
|20140128|8992907001728|TRF|09/12/2025 00:00:00|TRF|03/03/2026 00:00:00
|20140129|045981|TRF|22/10/2025 00:00:00|TRF|03/03/2026 00:00:00
|20140134|8850477007055|TRF|04/11/2025 00:00:00|TRF|03/03/2026 00:00:00
|20140135|8994125000941|TRF|04/11/2025 00:00:00|TRF|03/03/2026 00:00:00
|20140137|8991917102005|TRF|31/10/2025 00:00:00|TRF|03/03/2026 00:00:00
|20140141|8991906106267|TRF|24/02/2026 00:00:00|TRF|03/03/2026 00:00:00
|20140171|8993200664986|TRF|23/10/2025 00:00:00|TRF|03/03/2026 00:00:00
|20140174|8992696528987|TRF|30/10/2025 00:00:00|TRF|03/03/2026 00:00:00
|20140175|8993560155018|TRF|21/10/2025 00:00:00|TRF|03/03/2026 00:00:00
|20140180|8886022971083|TRF|19/02/2026 00:00:00|TRF|03/03/2026 00:00:00
|20140181|8991002125056|TRF|09/11/2025 00:00:00|TRF|03/03/2026 00:00:00
|20140182|8990114000084|TRF|30/10/2025 00:00:00|TRF|03/03/2026 00:00:00
|20140183|8721274611229|TRF|30/10/2025 00:00:00|TRF|03/03/2026 00:00:00
|20140185|8991001664112|TRF|13/11/2025 00:00:00|TRF|03/03/2026 00:00:00
|20140188|0089686060379|TRF|07/11/2025 00:00:00|TRF|03/03/2026 00:00:00
|20140189|0089686060355|TRF|07/11/2025 00:00:00|TRF|03/03/2026 00:00:00
|20140191|8991991855965|TRF|21/10/2025 00:00:00|TRF|03/03/2026 00:00:00
|20140198|8993207251356|TRF|03/11/2025 00:00:00|TRF|03/03/2026 00:00:00
|20140221|4902430844741|TRF|06/11/2025 00:00:00|TRF|03/03/2026 00:00:00
|20140222|8999999613617|TRF|27/10/2025 00:00:00|TRF|03/03/2026 00:00:00
|20140223|8994993030804|TRF|27/10/2025 00:00:00|TRF|03/03/2026 00:00:00
|20140224|8901526672257|TRF|27/10/2025 00:00:00|TRF|03/03/2026 00:00:00
|20140225|8901526672295|TRF|27/10/2025 00:00:00|TRF|03/03/2026 00:00:00
|20140229|8998288121055|TRF|04/11/2025 00:00:00|TRF|03/03/2026 00:00:00
|20140245|8991905102024|TRF|01/12/2025 00:00:00|TRF|03/03/2026 00:00:00
|20140251|0089686736007|TRF|19/02/2026 00:00:00|TRF|03/03/2026 00:00:00
|20140252|8997013661811|TRF|31/10/2025 00:00:00|TRF|03/03/2026 00:00:00
|20140260|8992761002091|TRF|16/11/2025 00:00:00|TRF|03/03/2026 00:00:00
|20140263|8992761002114|TRF|16/11/2025 00:00:00|TRF|03/03/2026 00:00:00
|20140264|0089686733013|TRF|28/10/2025 00:00:00|TRF|03/03/2026 00:00:00
|20140265|8997013661804|TRF|25/02/2026 00:00:00|TRF|03/03/2026 00:00:00
|20140266|8997013661729|TRF|31/10/2025 00:00:00|TRF|03/03/2026 00:00:00
|20140267|8997013661750|TRF|31/10/2025 00:00:00|TRF|03/03/2026 00:00:00
|20140269|8901526663774|TRF|29/10/2025 00:00:00|TRF|03/03/2026 00:00:00
|20140270|0634240424298|TRF|10/11/2025 00:00:00|TRF|03/03/2026 00:00:00
|20140271|8997016224549|TRF|31/10/2025 00:00:00|TRF|03/03/2026 00:00:00
|20140272|0089686723144|TRF|28/10/2025 00:00:00|TRF|03/03/2026 00:00:00
|20140293|8992902212631|TRF|09/11/2025 00:00:00|TRF|03/03/2026 00:00:00
|20140296|4719745101892|TRF|31/10/2025 00:00:00|TRF|03/03/2026 00:00:00
|20140305|047118|TRF|02/11/2025 00:00:00|TRF|03/03/2026 00:00:00
|20140306|047113|TRF|02/11/2025 00:00:00|TRF|03/03/2026 00:00:00
|20140307|047114|TRF|02/11/2025 00:00:00|TRF|03/03/2026 00:00:00
|20140324|8999999614768|TRF|24/11/2025 00:00:00|TRF|03/03/2026 00:00:00
|20140325|8998866632034|TRF|24/11/2025 00:00:00|TRF|03/03/2026 00:00:00
|20140327|0089686827378|TRF|08/12/2025 00:00:00|TRF|03/03/2026 00:00:00
|20140328|8999999614775|TRF|24/11/2025 00:00:00|TRF|03/03/2026 00:00:00
|20140329|6972984886465|TRF|03/12/2025 00:00:00|TRF|03/03/2026 00:00:00
|20140331|0089686827408|TRF|08/12/2025 00:00:00|TRF|03/03/2026 00:00:00
|20140332|0089686827422|TRF|08/12/2025 00:00:00|TRF|03/03/2026 00:00:00
|20140349|8994096112865|TRF|09/11/2025 00:00:00|TRF|03/03/2026 00:00:00
|20140350|8994096112841|TRF|25/11/2025 00:00:00|TRF|03/03/2026 00:00:00
|20140352|4897144700745|TRF|09/11/2025 00:00:00|TRF|03/03/2026 00:00:00
|20140360|8997230802219|TRF|27/01/2026 00:00:00|TRF|03/03/2026 00:00:00
|20140363|8994096113299|TRF|08/12/2025 00:00:00|TRF|03/03/2026 00:00:00
|20140366|8999999611675|TRF|13/11/2025 00:00:00|TRF|03/03/2026 00:00:00
|20140367|8993207251264|TRF|13/11/2025 00:00:00|TRF|03/03/2026 00:00:00
|20140378|8991906106304|TRF|20/02/2026 00:00:00|TRF|03/03/2026 00:00:00
|20140412|8997878001555|TRF|17/11/2025 00:00:00|TRF|03/03/2026 00:00:00
|20140413|8997878702230|TRF|13/11/2025 00:00:00|TRF|03/03/2026 00:00:00
|20140417|8992959972113|TRF|24/11/2025 00:00:00|TRF|03/03/2026 00:00:00
|20140418|8992959972106|TRF|24/11/2025 00:00:00|TRF|03/03/2026 00:00:00
|20140419|8994096112902|TRF|01/12/2025 00:00:00|TRF|03/03/2026 00:00:00
|20140420|8993189001109|TRF|24/11/2025 00:00:00|TRF|03/03/2026 00:00:00
|20140422|7290120513259|TRF|18/12/2025 00:00:00|TRF|03/03/2026 00:00:00
|20140426|8999999615635|TRF|16/11/2025 00:00:00|TRF|03/03/2026 00:00:00
|20140427|8999999615628|TRF|16/11/2025 00:00:00|TRF|03/03/2026 00:00:00
|20140428|8997033701542|TRF|15/12/2025 00:00:00|TRF|03/03/2026 00:00:00
|20140429|8993189001093|TRF|24/11/2025 00:00:00|TRF|03/03/2026 00:00:00
|20140430|8999999614881|TRF|16/11/2025 00:00:00|TRF|03/03/2026 00:00:00
|20140431|8992696529403|TRF|01/12/2025 00:00:00|TRF|03/03/2026 00:00:00
|20140451|8994458251379|TRF|17/11/2025 00:00:00|TRF|03/03/2026 00:00:00
|20140455|8994458251386|TRF|17/11/2025 00:00:00|TRF|03/03/2026 00:00:00
|20140456|8998288227009|TRF|17/11/2025 00:00:00|TRF|03/03/2026 00:00:00
|20140457|8993007004237|TRF|08/12/2025 00:00:00|TRF|03/03/2026 00:00:00
|20140477|8994460553287|TRF|08/12/2025 00:00:00|TRF|03/03/2026 00:00:00
|20140479|8997016224686|TRF|24/11/2025 00:00:00|TRF|03/03/2026 00:00:00
|20140481|4897144700714|TRF|24/11/2025 00:00:00|TRF|03/03/2026 00:00:00
|20140632|0089686043839|TRF|24/11/2025 00:00:00|TRF|03/03/2026 00:00:00
|20140633|0189686010821|TRF|24/11/2025 00:00:00|TRF|03/03/2026 00:00:00
|20140633|0389686010948|TRF|24/11/2025 00:00:00|TRF|03/03/2026 00:00:00
|20140634|8992933402117|TRF|15/12/2025 00:00:00|TRF|03/03/2026 00:00:00
|20140645|047132|TRF|25/11/2025 00:00:00|TRF|03/03/2026 00:00:00
|20140659|046234|TRF|02/12/2025 00:00:00|TRF|03/03/2026 00:00:00
|20140660|047366|TRF|02/12/2025 00:00:00|TRF|03/03/2026 00:00:00
|20140663|046237|TRF|02/12/2025 00:00:00|TRF|03/03/2026 00:00:00
|20140664|046238|TRF|02/12/2025 00:00:00|TRF|03/03/2026 00:00:00
|20140668|8997220411391|TRF|27/11/2025 00:00:00|TRF|03/03/2026 00:00:00
|20140674|8998866633758|TRF|01/12/2025 00:00:00|TRF|03/03/2026 00:00:00
|20140675|8997215750238|TRF|16/12/2025 00:00:00|TRF|03/03/2026 00:00:00
|20140677|0089686385007|TRF|09/12/2025 00:00:00|TRF|03/03/2026 00:00:00
|20140678|8998866204460|TRF|01/12/2025 00:00:00|TRF|03/03/2026 00:00:00
|20140679|8994096112766|TRF|09/12/2025 00:00:00|TRF|03/03/2026 00:00:00
|20140680|8992946534485|TRF|08/12/2025 00:00:00|TRF|03/03/2026 00:00:00
|20140681|8992856909434|TRF|02/12/2025 00:00:00|TRF|03/03/2026 00:00:00
|20140682|8992856909441|TRF|02/12/2025 00:00:00|TRF|03/03/2026 00:00:00
|20140686|8992806152545|TRF|22/12/2025 00:00:00|TRF|03/03/2026 00:00:00
|20140687|0194735405978|TRF|03/12/2025 00:00:00|TRF|03/03/2026 00:00:00
|20140687|194735405978|TRF|03/12/2025 00:00:00|TRF|03/03/2026 00:00:00
|20140689|8886457661580|TRF|13/01/2026 00:00:00|TRF|03/03/2026 00:00:00
|20140690|0194735358717|TRF|06/01/2026 00:00:00|TRF|03/03/2026 00:00:00
|20140690|0194735368709|TRF|11/02/2026 00:00:00|TRF|03/03/2026 00:00:00
|20140690|194735358717|TRF|11/02/2026 00:00:00|TRF|03/03/2026 00:00:00
|20140690|194735368709|TRF|09/02/2026 00:00:00|TRF|03/03/2026 00:00:00
|20140691|0194735000388|TRF|03/12/2025 00:00:00|TRF|03/03/2026 00:00:00
|20140692|0194735393602|TRF|08/12/2025 00:00:00|TRF|03/03/2026 00:00:00
|20140693|0194735000395|TRF|03/12/2025 00:00:00|TRF|03/03/2026 00:00:00
|20140694|0194735266784|TRF|03/12/2025 00:00:00|TRF|03/03/2026 00:00:00
|20140695|0194735359134|TRF|03/12/2025 00:00:00|TRF|03/03/2026 00:00:00
|20140704|8994096112926|TRF|01/12/2025 00:00:00|TRF|03/03/2026 00:00:00
|20140719|8853815007496|TRF|27/11/2025 00:00:00|TRF|03/03/2026 00:00:00
|20140720|8990114000053|TRF|27/11/2025 00:00:00|TRF|03/03/2026 00:00:00
|20140723|8721274611236|TRF|27/11/2025 00:00:00|TRF|03/03/2026 00:00:00
|20140730|8721274611182|TRF|27/11/2025 00:00:00|TRF|03/03/2026 00:00:00
|20140731|8721274611281|TRF|27/11/2025 00:00:00|TRF|03/03/2026 00:00:00
|20140732|8721274611267|TRF|27/11/2025 00:00:00|TRF|03/03/2026 00:00:00
|20140755|044398|TRF|01/12/2025 00:00:00|TRF|03/03/2026 00:00:00
|20140756|044402|TRF|01/12/2025 00:00:00|TRF|03/03/2026 00:00:00
|20140757|044356|TRF|01/12/2025 00:00:00|TRF|03/03/2026 00:00:00
|20140758|044420|TRF|01/12/2025 00:00:00|TRF|03/03/2026 00:00:00
|20140759|044341|TRF|01/12/2025 00:00:00|TRF|03/03/2026 00:00:00
|20140760|044419|TRF|04/12/2025 00:00:00|TRF|03/03/2026 00:00:00
|20140767|044348|TRF|01/12/2025 00:00:00|TRF|03/03/2026 00:00:00
|20140768|044425|TRF|01/12/2025 00:00:00|TRF|03/03/2026 00:00:00
|20140769|044401|TRF|01/12/2025 00:00:00|TRF|03/03/2026 00:00:00
|20140773|044430|TRF|01/12/2025 00:00:00|TRF|03/03/2026 00:00:00
|20140777|044431|TRF|01/12/2025 00:00:00|TRF|03/03/2026 00:00:00
|20140790|8850029041957|TRF|08/12/2025 00:00:00|TRF|03/03/2026 00:00:00
|20140791|8999999612344|TRF|08/12/2025 00:00:00|TRF|03/03/2026 00:00:00
|20140792|8999999612375|TRF|08/12/2025 00:00:00|TRF|03/03/2026 00:00:00
|20140793|8993200670529|TRF|08/12/2025 00:00:00|TRF|03/03/2026 00:00:00
|20140794|8993200670536|TRF|08/12/2025 00:00:00|TRF|03/03/2026 00:00:00
|20140795|8993200670499|TRF|08/12/2025 00:00:00|TRF|03/03/2026 00:00:00
|20140796|8999999605766|TRF|15/12/2025 00:00:00|TRF|03/03/2026 00:00:00
|20140798|4897144700493|TRF|08/12/2025 00:00:00|TRF|03/03/2026 00:00:00
|20140799|8999999615697|TRF|08/12/2025 00:00:00|TRF|03/03/2026 00:00:00
|20140800|8999999615673|TRF|08/12/2025 00:00:00|TRF|03/03/2026 00:00:00
|20140801|8994096113077|TRF|09/12/2025 00:00:00|TRF|03/03/2026 00:00:00
|20140802|8994096113091|TRF|09/12/2025 00:00:00|TRF|03/03/2026 00:00:00
|20140803|8992846425715|TRF|08/01/2026 00:00:00|TRF|03/03/2026 00:00:00
|20140804|8998866633314|TRF|22/12/2025 00:00:00|TRF|03/03/2026 00:00:00
|20140806|8998866633277|TRF|08/01/2026 00:00:00|TRF|03/03/2026 00:00:00
|20140807|8997017643813|TRF|08/12/2025 00:00:00|TRF|03/03/2026 00:00:00
|20140810|8991002123021|TRF|09/12/2025 00:00:00|TRF|03/03/2026 00:00:00
|20140820|046917|TRF|03/02/2026 00:00:00|TRF|03/03/2026 00:00:00
|20140822|046916|TRF|03/02/2026 00:00:00|TRF|03/03/2026 00:00:00
|20140823|046914|TRF|03/02/2026 00:00:00|TRF|03/03/2026 00:00:00
|20140830|047266|TRF|05/12/2025 00:00:00|TRF|03/03/2026 00:00:00
|20140863|VFSIMPATI30|TRF|09/12/2025 00:00:00|TRF|03/03/2026 00:00:00
|20140873|8994096112889|TRF|15/12/2025 00:00:00|TRF|03/03/2026 00:00:00
|20140874|4897144700905|TRF|15/12/2025 00:00:00|TRF|03/03/2026 00:00:00
|20140875|8999909015371|TRF|09/12/2025 00:00:00|TRF|03/03/2026 00:00:00
|20140878|8999909015449|TRF|09/12/2025 00:00:00|TRF|03/03/2026 00:00:00
|20140879|8999909015470|TRF|09/12/2025 00:00:00|TRF|03/03/2026 00:00:00
|20140881|8883241269335|TRF|16/12/2025 00:00:00|TRF|03/03/2026 00:00:00
|20140882|8994462790161|TRF|08/12/2025 00:00:00|TRF|03/03/2026 00:00:00
|20140883|7622202372261|TRF|09/12/2025 00:00:00|TRF|03/03/2026 00:00:00
|20140884|8993110004377|TRF|18/12/2025 00:00:00|TRF|03/03/2026 00:00:00
|20140885|8993110004384|TRF|18/12/2025 00:00:00|TRF|03/03/2026 00:00:00
|20140902|8990044000703|TRF|30/12/2025 00:00:00|TRF|03/03/2026 00:00:00
|20140906|8997878001524|TRF|09/12/2025 00:00:00|TRF|03/03/2026 00:00:00
|20140907|8997878000466|TRF|11/12/2025 00:00:00|TRF|03/03/2026 00:00:00
|20140908|8997878000473|TRF|11/12/2025 00:00:00|TRF|03/03/2026 00:00:00
|20140912|8998898101409|TRF|16/12/2025 00:00:00|TRF|03/03/2026 00:00:00
|20140913|8993496112154|TRF|15/12/2025 00:00:00|TRF|03/03/2026 00:00:00
|20140968|8999999602819|TRF|22/12/2025 00:00:00|TRF|03/03/2026 00:00:00
|20140969|4987176360298|TRF|15/12/2025 00:00:00|TRF|03/03/2026 00:00:00
|20140970|8992946521829|TRF|22/12/2025 00:00:00|TRF|03/03/2026 00:00:00
|20140973|8992856900615|TRF|22/12/2025 00:00:00|TRF|03/03/2026 00:00:00
|20140982|8994457130460|TRF|26/12/2025 00:00:00|TRF|03/03/2026 00:00:00
|20140983|8994457130446|TRF|26/12/2025 00:00:00|TRF|03/03/2026 00:00:00
|20140984|8886969975670|TRF|26/12/2025 00:00:00|TRF|03/03/2026 00:00:00
|20140990|8995757839367|TRF|01/02/2026 00:00:00|TRF|03/03/2026 00:00:00
|20140991|8995757839374|TRF|01/02/2026 00:00:00|TRF|03/03/2026 00:00:00
|20141002|8992982800520|TRF|18/12/2025 00:00:00|TRF|03/03/2026 00:00:00
|20141006|8997033701603|TRF|23/12/2025 00:00:00|TRF|03/03/2026 00:00:00
|20141051|8993200670635|TRF|30/12/2025 00:00:00|TRF|03/03/2026 00:00:00
|20141057|8993200000036|TRF|30/12/2025 00:00:00|TRF|03/03/2026 00:00:00
|20141062|8991001664259|TRF|31/12/2025 00:00:00|TRF|03/03/2026 00:00:00
|20141063|8991001664280|TRF|07/01/2026 00:00:00|TRF|03/03/2026 00:00:00
|20141067|8992780030020|TRF|09/01/2026 00:00:00|TRF|03/03/2026 00:00:00
|20141069|8997033701597|TRF|23/12/2025 00:00:00|TRF|03/03/2026 00:00:00
|20141070|8995899210215|TRF|06/01/2026 00:00:00|TRF|03/03/2026 00:00:00
|20141071|8999999612726|TRF|12/01/2026 00:00:00|TRF|03/03/2026 00:00:00
|20141072|4987176360403|TRF|08/01/2026 00:00:00|TRF|03/03/2026 00:00:00
|20141073|4897144700783|TRF|08/01/2026 00:00:00|TRF|03/03/2026 00:00:00
|20141098|8993004789229|TRF|06/01/2026 00:00:00|TRF|03/03/2026 00:00:00
|20141099|8992753723430|TRF|01/01/2026 00:00:00|TRF|03/03/2026 00:00:00
|20141100|8992982800261|TRF|31/12/2025 00:00:00|TRF|03/03/2026 00:00:00
|20141101|8994096113510|TRF|30/12/2025 00:00:00|TRF|03/03/2026 00:00:00
|20141102|8998866204521|TRF|08/01/2026 00:00:00|TRF|03/03/2026 00:00:00
|20141105|047036|TRF|31/12/2025 00:00:00|TRF|03/03/2026 00:00:00
|20141106|047035|TRF|31/12/2025 00:00:00|TRF|03/03/2026 00:00:00
|20141107|047032|TRF|31/12/2025 00:00:00|TRF|03/03/2026 00:00:00
|20141116|047034|TRF|31/12/2025 00:00:00|TRF|03/03/2026 00:00:00
|20141117|047037|TRF|31/12/2025 00:00:00|TRF|03/03/2026 00:00:00
|20141118|047033|TRF|31/12/2025 00:00:00|TRF|03/03/2026 00:00:00
|20141124|8994462310130|TRF|08/01/2026 00:00:00|TRF|03/03/2026 00:00:00
|20141135|8996001374054|TRF|12/01/2026 00:00:00|TRF|03/03/2026 00:00:00
|20141137|8997016223832|TRF|08/01/2026 00:00:00|TRF|03/03/2026 00:00:00
|20141197|8997014450711|TRF|03/02/2026 00:00:00|TRF|03/03/2026 00:00:00
|20141198|8992982600144|TRF|02/02/2026 00:00:00|TRF|03/03/2026 00:00:00
|20141199|8992933632118|TRF|26/01/2026 00:00:00|TRF|03/03/2026 00:00:00
|20141200|8721274611205|TRF|19/01/2026 00:00:00|TRF|03/03/2026 00:00:00
|20141201|8721274611199|TRF|19/01/2026 00:00:00|TRF|03/03/2026 00:00:00
|20141203|8999999612818|TRF|26/01/2026 00:00:00|TRF|03/03/2026 00:00:00
|20141204|8994096113039|TRF|26/01/2026 00:00:00|TRF|03/03/2026 00:00:00
|20141206|8994096112322|TRF|26/01/2026 00:00:00|TRF|03/03/2026 00:00:00
|20141207|8997226240773|TRF|26/01/2026 00:00:00|TRF|03/03/2026 00:00:00
|20141219|8853301100700|TRF|12/01/2026 00:00:00|TRF|03/03/2026 00:00:00
|20141220|8853301100717|TRF|12/01/2026 00:00:00|TRF|03/03/2026 00:00:00
|20141232|8993207257617|TRF|15/01/2026 00:00:00|TRF|03/03/2026 00:00:00
|20141254|0681147036826|TRF|20/01/2026 00:00:00|TRF|03/03/2026 00:00:00
|20141255|0810181532067|TRF|20/01/2026 00:00:00|TRF|03/03/2026 00:00:00
|20141256|8997230802257|TRF|29/01/2026 00:00:00|TRF|03/03/2026 00:00:00
|20141256|8997230802264|TRF|27/01/2026 00:00:00|TRF|03/03/2026 00:00:00
|20141257|047744|TRF|27/01/2026 00:00:00|TRF|03/03/2026 00:00:00
|20141258|047765|TRF|27/01/2026 00:00:00|TRF|03/03/2026 00:00:00
|20141262|8993417600111|TRF|25/01/2026 00:00:00|TRF|03/03/2026 00:00:00
|20141277|8994096113435|TRF|27/01/2026 00:00:00|TRF|03/03/2026 00:00:00
|20141288|047133|TRF|26/01/2026 00:00:00|TRF|03/03/2026 00:00:00
|20141304|047198|TRF|26/01/2026 00:00:00|TRF|03/03/2026 00:00:00
|20141306|047396|TRF|19/02/2026 00:00:00|TRF|03/03/2026 00:00:00
|20141306|047398|TRF|19/02/2026 00:00:00|TRF|03/03/2026 00:00:00
|20141323|4987176371638|TRF|09/02/2026 00:00:00|TRF|03/03/2026 00:00:00
|20141324|4987176371690|TRF|09/02/2026 00:00:00|TRF|03/03/2026 00:00:00
|20141327|8997220411292|TRF|30/01/2026 00:00:00|TRF|03/03/2026 00:00:00
|20141328|8997220411261|TRF|30/01/2026 00:00:00|TRF|03/03/2026 00:00:00
|20141329|8998866627672|TRF|09/02/2026 00:00:00|TRF|03/03/2026 00:00:00
|20141330|8997239630844|TRF|09/02/2026 00:00:00|TRF|03/03/2026 00:00:00
|20141360|8809644083774|TRF|29/01/2026 00:00:00|TRF|03/03/2026 00:00:00
|20141361|8809644083798|TRF|29/01/2026 00:00:00|TRF|03/03/2026 00:00:00
|20141364|8999999617592|TRF|29/01/2026 00:00:00|TRF|03/03/2026 00:00:00
|20141365|8992982502141|TRF|24/02/2026 00:00:00|TRF|03/03/2026 00:00:00
|20141366|8992982502158|TRF|09/02/2026 00:00:00|TRF|03/03/2026 00:00:00
|20141367|8998866502580|TRF|09/02/2026 00:00:00|TRF|03/03/2026 00:00:00
|20141368|8998866502573|TRF|09/02/2026 00:00:00|TRF|03/03/2026 00:00:00
|20141369|8999999617981|TRF|09/02/2026 00:00:00|TRF|03/03/2026 00:00:00
|20141370|8850007818250|TRF|02/02/2026 00:00:00|TRF|03/03/2026 00:00:00
|20141371|8996001401521|TRF|09/02/2026 00:00:00|TRF|03/03/2026 00:00:00
|20141372|8996001401507|TRF|09/02/2026 00:00:00|TRF|03/03/2026 00:00:00
|20141373|8999999617974|TRF|09/02/2026 00:00:00|TRF|03/03/2026 00:00:00
|20141374|8993118000012|TRF|13/02/2026 00:00:00|TRF|03/03/2026 00:00:00
|20141375|6927262807212|TRF|14/02/2026 00:00:00|TRF|03/03/2026 00:00:00
|20141376|0089686572001|TRF|03/02/2026 00:00:00|TRF|03/03/2026 00:00:00
|20141377|0189686150022|TRF|03/02/2026 00:00:00|TRF|03/03/2026 00:00:00
|20141387|0089686572018|TRF|13/02/2026 00:00:00|TRF|03/03/2026 00:00:00
|20141390|047735|TRF|27/01/2026 00:00:00|TRF|03/03/2026 00:00:00
|20141393|047652|TRF|30/01/2026 00:00:00|TRF|03/03/2026 00:00:00
|20141394|047655|TRF|30/01/2026 00:00:00|TRF|03/03/2026 00:00:00
|20141395|047657|TRF|30/01/2026 00:00:00|TRF|03/03/2026 00:00:00
|20141396|047658|TRF|30/01/2026 00:00:00|TRF|03/03/2026 00:00:00
|20141398|047648|TRF|30/01/2026 00:00:00|TRF|03/03/2026 00:00:00
|20141399|047649|TRF|30/01/2026 00:00:00|TRF|03/03/2026 00:00:00
|20141400|047651|TRF|30/01/2026 00:00:00|TRF|03/03/2026 00:00:00
|20141401|047645|TRF|30/01/2026 00:00:00|TRF|03/03/2026 00:00:00
|20141412|047850|TRF|30/01/2026 00:00:00|TRF|03/03/2026 00:00:00
|20141413|047851|TRF|30/01/2026 00:00:00|TRF|03/03/2026 00:00:00
|20141414|047848|TRF|30/01/2026 00:00:00|TRF|03/03/2026 00:00:00
|20141426|8991911102537|TRF|24/02/2026 00:00:00|TRF|03/03/2026 00:00:00
|20141436|047853|TRF|02/02/2026 00:00:00|TRF|03/03/2026 00:00:00
|20141438|8997021874098|TRF|09/02/2026 00:00:00|TRF|03/03/2026 00:00:00
|20141439|8997021874111|TRF|09/02/2026 00:00:00|TRF|03/03/2026 00:00:00
|20141440|8993176819090|TRF|09/02/2026 00:00:00|TRF|03/03/2026 00:00:00
|20141441|8993176819151|TRF|09/02/2026 00:00:00|TRF|03/03/2026 00:00:00
|20141446|8999999616113|TRF|09/02/2026 00:00:00|TRF|03/03/2026 00:00:00
|20141452|6927262807762|TRF|14/02/2026 00:00:00|TRF|03/03/2026 00:00:00
|20141453|8997033691713|TRF|28/02/2026 00:00:00|TRF|03/03/2026 00:00:00
|20141457|8886467100062|TRF|19/02/2026 00:00:00|TRF|03/03/2026 00:00:00
|20141464|8998866204354|TRF|13/02/2026 00:00:00|TRF|03/03/2026 00:00:00
|20141466|8998866204361|TRF|13/02/2026 00:00:00|TRF|03/03/2026 00:00:00
|20141467|8994096111073|TRF|23/02/2026 00:00:00|TRF|03/03/2026 00:00:00
|20141495|8995227505129|TRF|09/02/2026 00:00:00|TRF|03/03/2026 00:00:00
|20141500|8992984910234|TRF|23/02/2026 00:00:00|TRF|03/03/2026 00:00:00
|20141501|8992984910425|TRF|23/02/2026 00:00:00|TRF|03/03/2026 00:00:00
|20141504|8994462790208|TRF|19/02/2026 00:00:00|TRF|03/03/2026 00:00:00
|20141505|0089686737004|TRF|19/02/2026 00:00:00|TRF|03/03/2026 00:00:00
|20141543|8990114000060|TRF|13/02/2026 00:00:00|TRF|03/03/2026 00:00:00
|20141544|8721274641325|TRF|13/02/2026 00:00:00|TRF|03/03/2026 00:00:00
|20141545|8721274641318|TRF|13/02/2026 00:00:00|TRF|03/03/2026 00:00:00
|20141565|8997016224716|TRF|23/02/2026 00:00:00|TRF|03/03/2026 00:00:00
|20141571|8993200669240|TRF|19/02/2026 00:00:00|TRF|03/03/2026 00:00:00
|20141597|8991102015653|TRF|23/02/2026 00:00:00|TRF|03/03/2026 00:00:00
|20141600|8994096110892|TRF|22/02/2026 00:00:00|TRF|03/03/2026 00:00:00
|20141601|8994096110915|TRF|22/02/2026 00:00:00|TRF|03/03/2026 00:00:00
|20141623|8997235180817|TRF|22/02/2026 00:00:00|TRF|03/03/2026 00:00:00
|20141636|8993417308130|TRF|23/02/2026 00:00:00|TRF|03/03/2026 00:00:00
|20141637|8999999616328|TRF|23/02/2026 00:00:00|TRF|03/03/2026 00:00:00
|20141638|8999999616243|TRF|23/02/2026 00:00:00|TRF|03/03/2026 00:00:00
|20141642|4897148990050|TRF|23/02/2026 00:00:00|TRF|03/03/2026 00:00:00
|20141643|4897148990036|TRF|23/02/2026 00:00:00|TRF|03/03/2026 00:00:00
|20141650|047140|TRF|26/02/2026 00:00:00|TRF|03/03/2026 00:00:00
|20141727|8999999609467|TRF|02/03/2026 00:00:00|TRF|03/03/2026 00:00:00
|20141728|8999999614232|TRF|02/03/2026 00:00:00|TRF|03/03/2026 00:00:00
|20141730|8998866110822|TRF|02/03/2026 00:00:00|TRF|03/03/2026 00:00:00
|20141731|8998866110815|TRF|02/03/2026 00:00:00|TRF|03/03/2026 00:00:00
|20141743|048099|TRF|03/03/2026 00:00:00||
|20141744|048101|TRF|03/03/2026 00:00:00||
